<COLLADA xmlns="http://www.collada.org/2005/11/COLLADASchema" version="1.4.1">
  <asset>
    <contributor/>
    <created>2026-03-30T10:04:42.575906</created>
    <modified>2026-03-30T10:04:42.575906</modified>
    <unit name="meter" meter="1.0"/>
    <up_axis>Z_UP</up_axis>
  </asset>
  <library_effects>
    <effect id="effect_Part__Feature" name="effect_Part__Feature">
      <profile_COMMON>
        <technique sid="common">
          <phong>
            <emission>
              <color>0.0 0.0 0.0 1.0</color>
            </emission>
            <ambient>
              <color>0.0 0.0 0.0 1.0</color>
            </ambient>
            <diffuse>
              <color>0.7490196228027344 0.7490196228027344 0.7490196228027344 1.0</color>
            </diffuse>
            <specular>
              <color>1 1 1 1.0</color>
            </specular>
            <shininess>
              <float>0.0</float>
            </shininess>
            <reflective>
              <color>0.0 0.0 0.0 1.0</color>
            </reflective>
            <reflectivity>
              <float>0.0</float>
            </reflectivity>
            <transparent>
              <color>0.0 0.0 0.0 1.0</color>
            </transparent>
            <transparency>
              <float>1.0</float>
            </transparency>
          </phong>
        </technique>
        <extra>
          <technique profile="GOOGLEEARTH">
            <double_sided>0</double_sided>
          </technique>
        </extra>
      </profile_COMMON>
    </effect>
    <effect id="effect_Part__Feature001" name="effect_Part__Feature001">
      <profile_COMMON>
        <technique sid="common">
          <phong>
            <emission>
              <color>0.0 0.0 0.0 1.0</color>
            </emission>
            <ambient>
              <color>0.0 0.0 0.0 1.0</color>
            </ambient>
            <diffuse>
              <color>0.7490196228027344 0.7490196228027344 0.7490196228027344 1.0</color>
            </diffuse>
            <specular>
              <color>1 1 1 1.0</color>
            </specular>
            <shininess>
              <float>0.0</float>
            </shininess>
            <reflective>
              <color>0.0 0.0 0.0 1.0</color>
            </reflective>
            <reflectivity>
              <float>0.0</float>
            </reflectivity>
            <transparent>
              <color>0.0 0.0 0.0 1.0</color>
            </transparent>
            <transparency>
              <float>1.0</float>
            </transparency>
          </phong>
        </technique>
        <extra>
          <technique profile="GOOGLEEARTH">
            <double_sided>0</double_sided>
          </technique>
        </extra>
      </profile_COMMON>
    </effect>
    <effect id="effect_Part__Feature002" name="effect_Part__Feature002">
      <profile_COMMON>
        <technique sid="common">
          <phong>
            <emission>
              <color>0.0 0.0 0.0 1.0</color>
            </emission>
            <ambient>
              <color>0.0 0.0 0.0 1.0</color>
            </ambient>
            <diffuse>
              <color>0.7490196228027344 0.7490196228027344 0.7490196228027344 1.0</color>
            </diffuse>
            <specular>
              <color>1 1 1 1.0</color>
            </specular>
            <shininess>
              <float>0.0</float>
            </shininess>
            <reflective>
              <color>0.0 0.0 0.0 1.0</color>
            </reflective>
            <reflectivity>
              <float>0.0</float>
            </reflectivity>
            <transparent>
              <color>0.0 0.0 0.0 1.0</color>
            </transparent>
            <transparency>
              <float>1.0</float>
            </transparency>
          </phong>
        </technique>
        <extra>
          <technique profile="GOOGLEEARTH">
            <double_sided>0</double_sided>
          </technique>
        </extra>
      </profile_COMMON>
    </effect>
  </library_effects>
  <library_geometries>
    <geometry id="geometry0" name="Part__Feature">
      <mesh>
        <source id="cubeverts-array0">
          <float_array count="6405" id="cubeverts-array0-array">0.0008277259 -0.02273421 0.002996271 0.0006781883 -0.02273421 0.003 0.0006781883 -0.02288141 0.002996386 0.0005286506 -0.02273421 0.002996271 0.0006853331 -0.02572721 0.0002046025 0.0006781883 -0.02571976 0.0002940514 0.0006781883 -0.02573059 0.000147203 0.0006995881 -0.02572721 0.0002036057 0.0006781883 -0.02573421 -2.036749e-18 0.0007137387 -0.02572721 0.000201617 0.0007066838 -0.02570627 0.0004075049 0.0006781883 -0.02570174 0.0004401914 0.0007277163 -0.02572721 0.000198646 0.0007350404 -0.02570627 0.0004045244 0.0006994898 -0.02567146 0.0006099962 0.0006781883 -0.0256443 0.0007289405 0.0006781883 -0.02567656 0.0005852709 0.0007414525 -0.02572721 0.0001947072 0.0007631202 -0.02570627 0.0003995732 0.0007419891 -0.02567146 0.0006070244 0.0007548804 -0.02572721 0.0001898198 0.0007907861 -0.02570627 0.0003926753 0.0007841775 -0.02567146 0.0006010952 0.0007346485 -0.02562296 0.0008074187 0.0006781883 -0.02560503 0.000870854 0.0007679347 -0.02572721 0.0001840076 0.0008179035 -0.02570627 0.0003838644 0.0008258497 -0.02567146 0.0005922375 0.0007908336 -0.02562296 0.0008015134 0.0007132496 -0.02556099 0.001004027 0.0006781883 -0.02550585 0.00114805 0.0006781883 -0.02555884 0.00101067 0.0007805519 -0.02572721 0.000177299 0.0008443401 -0.02570627 0.0003731833 0.0008668023 -0.02567146 0.0005804945 0.0008464699 -0.02562296 0.0007917032 0.0007832016 -0.02556099 0.0009991353 0.0007926702 -0.02572721 0.0001697266 0.0008699673 -0.02570627 0.000360684 0.0009068362 -0.02567146 0.0005659234 0.0009012865 -0.02562296 0.0007780359 0.0008526419 -0.02556099 0.0009893761 0.0008042309 -0.02572721 0.0001613273 0.0007615614 -0.02548584 0.001192292 0.0006781883 -0.02544617 0.001282665 0.0008946602 -0.02570627 0.0003464276 0.000945756 -0.02567146 0.0005485951 0.000955016 -0.02562296 0.0007605781 0.0009212324 -0.02556099 0.0009747968 0.0008151775 -0.02572721 0.000152142 0.0008445284 -0.02548584 0.001183572 0.0009182985 -0.02570627 0.0003304834 0.0007263564 -0.02539786 0.001379354 0.0006781883 -0.02537997 0.00141419 0.0009833723 -0.02567146 0.0005285943 0.001007397 -0.02562296 0.0007394149 0.0009886387 -0.02556099 0.0009554683 0.0008254567 -0.02572721 0.0001422155 0.000926685 -0.02548584 0.001169085 0.0009407669 -0.02570627 0.0003129291 0.0008224579 -0.02539786 0.001372634 0.001019502 -0.02567146 0.000506018 0.001058174 -0.02562296 0.0007146492 0.001054533 -0.02556099 0.0009314849 0.0008350184 -0.02572721 0.0001315961 0.001007631 -0.02548584 0.001148903 0.0009619561 -0.02570627 0.0002938503 0.0009178566 -0.02539786 0.001359227 0.001053968 -0.02567146 0.0004809766 0.0007869213 -0.02529747 0.001554955 0.0006781883 -0.02522862 0.001666711 0.0006781883 -0.02530739 0.001542308 0.0011071 -0.02562296 0.0006864019 0.001118593 -0.02556099 0.0009029634 0.000843816 -0.02572721 0.0001203357 0.001086972 -0.02548584 0.001123124 0.0009817629 -0.02570627 0.0002733398 0.001012088 -0.02539786 0.001339197 0.001086604 -0.02567146 0.0004535919 0.0008951246 -0.02529747 0.001543582 0.001153936 -0.02562296 0.0006548105 0.0007385658 -0.02518512 0.001728987 0.0006781883 -0.02514383 0.001787098 0.001180508 -0.02556099 0.0008700427 0.0008518068 -0.02572721 0.0001084889 0.001164321 -0.02548584 0.001091873 0.001000091 -0.02570627 0.0002514977 0.001104692 -0.02539786 0.001312644 0.00111725 -0.02567146 0.0004239973 0.001002271 -0.02529747 0.001524689 0.001198454 -0.02562296 0.000620029 0.0008590268 -0.02518512 0.001720564 0.001239975 -0.02556099 0.0008328834 0.0008589517 -0.02572721 9.611361e-05 0.001239302 -0.02548584 0.001055302 0.00101685 -0.02570627 0.0002284303 0.001195218 -0.02539786 0.001279695 0.001145757 -0.02567146 0.000392337 0.001107839 -0.02529747 0.001498369 0.001240438 -0.02562296 0.0005822267 0.0009786067 -0.02518512 0.001703758 0.001296706 -0.02556099 0.0007916662 0.0008652159 -0.02572721 8.327007e-05 0.0008102556 -0.02506134 0.001888652 0.0006781883 -0.02495706 0.002014677 0.0006781883 -0.02505324 0.00190318 0.00131155 -0.02548584 0.00101359 0.00103196 -0.02570627 0.00020425 0.001283226 -0.02539786 0.001240511 0.001171986 -0.02567146 0.0003587653 0.001211313 -0.02529747 0.001464748 0.001279683 -0.02562296 0.0005415878 0.001096723 -0.02518512 0.001678651 0.001350423 -0.02556099 0.0007465922 0.0008705689 -0.02572721 7.002084e-05 0.0009416797 -0.02506134 0.001874839 0.001380711 -0.02548584 0.0009669397 0.001045346 -0.02570627 0.0001790746 0.0007496505 -0.02492672 0.002046412 0.0006781883 -0.02485553 0.00212132 0.001368286 -0.02539786 0.001195284 0.00119581 -0.02567146 0.0003234458 0.00131219 -0.02529747 0.001423991 0.001315997 -0.02562296 0.0004983104 0.0012128 -0.02518512 0.001645367 0.001400865 -0.02556099 0.0006978808 0.0008749847 -0.02572721 5.643047e-05 0.00107182 -0.02506134 0.001851892 0.00144645 -0.02548584 0.0009155788 0.001056943 -0.02570627 0.0001530268 0.0008922269 -0.02492672 0.002036442 0.001449984 -0.02539786 0.001144234 0.001217111 -0.02567146 0.0002865504 0.001409978 -0.02529747 0.001376296 0.001349203 -0.02562296 0.0004526053 0.001326273 -0.02518512 0.001604066 0.001447786 -0.02556099 0.0006457694 0.0008784417 -0.02572721 4.256519e-05 0.001200042 -0.02506134 0.001819922 0.001508446 -0.02548584 0.0008597573 0.001066695 -0.02570627 0.0001262334 0.001033761 -0.02492672 0.002016551 0.001527921 -0.02539786 0.001087609 0.001235787 -0.02567146 0.0002482591 0.0008311298 -0.02478187 0.002187167 0.0006781883 -0.02474888 0.002222853 0.001504201 -0.02529747 0.001321897 0.001379141 -0.02562296 0.0004046952 0.001436588 -0.02518512 0.00155495 0.001490958 -0.02556099 0.0005905119 0.0008809231 -0.02572721 2.849253e-05 0.001325723 -0.02506134 0.001779086 0.001566397 -0.02548584 0.0007997471 0.001074554 -0.02570627 9.882508e-05 0.001173562 -0.02492672 0.001986835 0.001601719 -0.02539786 0.001025685 0.001251747 -0.02567146 0.0002087582 0.0009833264 -0.02478187 0.00217117 0.0015944 -0.02529747 0.001261057 0.001405663 -0.02562296 0.0003548134 0.0007594041 -0.02462747 0.002325716 0.0006781883 -0.02452131 0.002409623 0.0006781883 -0.02463739 0.002319031 0.001543209 -0.02518512 0.001498259 0.00153017 -0.02556099 0.0005323775 0.0008824168 -0.02572721 1.428105e-05 0.001448248 -0.02506134 0.001729583 0.001620021 -0.02548584 0.0007358406 0.001080482 -0.02570627 7.093527e-05 0.00131095 -0.02492672 0.00194744 0.001671018 -0.02539786 0.0009587641 0.001264912 -0.02567146 0.0001682402 0.001134036 -0.02478187 0.002144596 0.001680135 -0.02529747 0.001194073 0.001428642 -0.02562296 0.000303203 0.00092144 -0.02462747 0.002314386 0.001645615 -0.02518512 0.001434269 0.001565232 -0.02556099 0.0004716494 0.0008829155 -0.02572721 -2.231547e-18 0.001567022 -0.02506134 0.001671653 0.001669057 -0.02548584 0.0006683492 0.00108445 -0.02570627 4.269987e-05 0.001445255 -0.02492672 0.001898557 0.001735479 -0.02539786 0.0008871723 0.001275218 -0.02567146 0.0001269027 0.001282525 -0.02478187 0.002107574 0.001760988 -0.02529747 0.001121272 0.001447964 -0.02562296 0.0002501154 0.001082291 -0.02462747 0.00229178 0.001743308 -0.02518512 0.001363291 0.001595971 -0.02556099 0.0004086234 0.0008491551 -0.02446425 0.002444939 0.0006781883 -0.02440092 0.002494409 0.0008824168 -0.02572721 -1.428105e-05 0.001681465 -0.02506134 0.001605579 0.001713265 -0.02548584 0.0005976017 0.001086439 -0.02570627 1.425644e-05 0.001575823 -0.02492672 0.001840424 0.00179479 -0.02539786 0.0008112583 0.001282616 -0.02567146 8.494681e-05 0.00142807 -0.02478187 0.002060283 0.001836567 -0.02529747 0.001043009 0.001463536 -0.02562296 0.0001958092 0.001241173 -0.02462747 0.002258008 0.001835812 -0.02518512 0.001285671 0.00162224 -0.02556099 0.0003436067 0.001019289 -0.02446425 0.002427058 0.0008809231 -0.02572721 -2.849253e-05 0.001791021 -0.02506134 0.001531683 0.00175243 -0.02548584 0.0005239426 0.0007676446 -0.02429296 0.002561697 0.0006781883 -0.0241484 0.002645764 0.0006781883 -0.02427652 0.002573186 0.001086439 -0.02570627 -1.425644e-05 0.001702018 -0.02492672 0.001773325 0.00184866 -0.02539786 0.000731392 0.001287069 -0.02567146 4.257712e-05 0.001569962 -0.02478187 0.002002956 0.001906501 -0.02529747 0.0009596635 0.001475282 -0.02562296 0.0001405492 0.001397312 -0.02462747 0.002213236 0.001922676 -0.02518512 0.001201787 0.001643909 -0.02556099 0.000276916 0.001187761 -0.02446425 0.002397352 0.0008784417 -0.02572721 -4.256519e-05 0.001895155 -0.02506134 0.001450324 0.001786361 -0.02548584 0.000447731 0.0009461217 -0.02429296 0.002549217 0.00108445 -0.02570627 -4.269987e-05 0.001823225 -0.02492672 0.001697587 0.001896828 -0.02539786 0.0006479623 0.001288556 -0.02567146 -2.620081e-18 0.001707508 -0.02478187 0.00193587 0.001970452 -0.02529747 0.0008716429 0.001483145 -0.02562296 8.460432e-05 0.001549948 -0.02462747 0.002157681 0.002003477 -0.02518512 0.001112049 0.001660873 -0.02556099 0.0002088762 0.00135375 -0.02446425 0.002355966 0.0008749847 -0.02572721 -5.643047e-05 0.00199336 -0.02506134 0.0013619 0.001814894 -0.02548584 0.0003693381 0.001123293 -0.02429296 0.002524317 0.001080482 -0.02570627 -7.093527e-05 0.001938853 -0.02492672 0.001613578 0.001939059 -0.02539786 0.0005613759 0.0008639955 -0.0241144 0.002657167 0.0006781883 -0.02401687 0.002711968 0.001287069 -0.02567146 -4.257712e-05 0.00184004 -0.02478187 0.001859352 0.002028107 -0.02529747 0.0007793759 0.001487085 -0.02562296 2.824732e-05 0.001698337 -0.02462747 0.002091614 0.002077821 -0.02518512 0.001016893 0.00167305 -0.02556099 0.0001398187 0.001516449 -0.02446425 0.002303102 0.0008705689 -0.02572721 -7.002084e-05 0.002085157 -0.02506134 0.001266841 0.001837889 -0.02548584 0.0002891458 0.001298297 -0.02429296 0.002487118 0.001074554 -0.02570627 -9.882508e-05 0.00204834 -0.02492672 0.001521708 0.001975147 -0.02539786 0.0004720545 0.001048898 -0.0241144 0.002637733 0.001282616 -0.02567146 -8.494681e-05 0.001966912 -0.02478187 0.001773776 0.002079185 -0.02529747 0.0006833118 0.0007742189 -0.02392941 0.002749958 0.0006781883 -0.02388226 0.002771639 0.001487085 -0.02562296 -2.824732e-05 0.001841755 -0.02462747 0.002015357 0.002145346 -0.02518512 0.000916782 0.00168038 -0.02556099 7.008006e-05 0.001675063 -0.02446425 0.002239017 0.0008652159 -0.02572721 -8.327007e-05 0.0021701 -0.02506134 0.00116561 0.001855234 -0.02548584 0.0002075449 0.001470279 -0.02429296 0.002437804 0.001066695 -0.02570627 -0.0001262334 0.002151151 -0.02492672 0.001422424 0.002004917 -0.02539786 0.0003804333 0.001231993 -0.0241144 0.002605448 0.001275218 -0.02567146 -0.0001269027 0.002087505 -0.02478187 0.001679559 0.002123438 -0.02529747 0.0005839188 0.0009658123 -0.02392941 0.00273656 0.001483145 -0.02562296 -8.460432e-05 0.001979505 -0.02462747 0.001929281 0.002205724 -0.02518512 0.000812205 0.001682827 -0.02556099 -3.001171e-18 0.001828821 -0.02446425 0.002164025 0.0008589517 -0.02572721 -9.611361e-05 0.002247775 -0.02506134 0.0010587 0.001866844 -0.02548584 0.0001249328 0.001638402 -0.02429296 0.002376612 0.001056943 -0.02570627 -0.0001530268 0.002246786 -0.02492672 0.00131621 0.002028223 -0.02539786 0.0002869587 0.001412391 -0.0241144 0.00256047 0.001264912 -0.02567146 -0.0001682402 0.002201232 -0.02478187 0.001577158 0.002160649 -0.02529747 0.0004816808 0.001156004 -0.02392941 0.00270983 0.001475282 -0.02562296 -0.0001405492 0.002110915 -0.02462747 0.001833807 0.002258659 -0.02518512 0.000703671 0.0008753747 -0.02373885 0.002819897 0.0006781883 -0.02360506 0.002870821 0.0006781883 -0.02374488 0.002824632 0.00168038 -0.02556099 -7.008006e-05 0.001976972 -0.02446425 0.002078489 0.0008518068 -0.02572721 -0.0001084889 0.002317803 -0.02506134 0.0009466319 0.001872663 -0.02548584 4.171199e-05 0.001801847 -0.02429296 0.002303841 0.001045346 -0.02570627 -0.0001790746 0.00233478 -0.02492672 0.001203584 0.002044951 -0.02539786 0.000192086 0.001589212 -0.0241144 0.002503018 0.001251747 -0.02567146 -0.0002087582 0.002307539 -0.02478187 0.001467074 0.002190639 -0.02529747 0.0003770962 0.001343869 -0.02392941 0.002669899 0.001463536 -0.02562296 -0.0001958092 0.002235345 -0.02462747 0.001729398 0.002303895 -0.02518512 0.0005917088 0.0010716 -0.02373885 0.002799273 0.00167305 -0.02556099 -0.0001398187 0.002118797 -0.02446425 0.001982828 0.000843816 -0.02572721 -0.0001203357 0.002379843 -0.02506134 0.0008299522 0.0007790042 -0.0235436 0.002886992 0.0006781883 -0.02346315 0.002910094 0.001872663 -0.02548584 -4.171199e-05 0.001959817 -0.02429296 0.002219847 0.00103196 -0.02570627 -0.00020425 0.002414702 -0.02492672 0.001085094 0.002055021 -0.02539786 9.627754e-05 0.001761595 -0.0241144 0.002433371 0.001235787 -0.02567146 -0.0002482591 0.002405908 -0.02478187 0.001349843 0.002213259 -0.02529747 0.0002706744 0.00152849 -0.02392941 0.002616959 0.001447964 -0.02562296 -0.0002501154 0.002352188 -0.02462747 0.001616563 0.00234121 -0.02518512 0.0004768639 0.001265909 -0.02373885 0.002765011 0.001660873 -0.02556099 -0.0002088762 0.002253603 -0.02446425 0.001877506 0.0008350184 -0.02572721 -0.0001315961 0.002433592 -0.02506134 0.0007092291 0.000980145 -0.0235436 0.002872927 0.001866844 -0.02548584 -0.0001249328 0.002111544 -0.02429296 0.002125037 0.00101685 -0.02570627 -0.0002284303 0.002486164 -0.02492672 0.0009613179 0.002058383 -0.02539786 -3.367716e-18 0.001928699 -0.0241144 0.002351868 0.001217111 -0.02567146 -0.0002865504 0.00249586 -0.02478187 0.001226035 0.002228401 -0.02529747 0.0001629339 0.001708968 -0.02392941 0.00255127 0.001428642 -0.02562296 -0.000303203 0.002460876 -0.02462747 0.001495853 0.002370424 -0.02518512 0.0003596957 0.001457355 -0.02373885 0.002717278 0.001643909 -0.02556099 -0.000276916 0.002380733 -0.02446425 0.001763037 0.0008254567 -0.02572721 -0.0001422155 0.002478789 -0.02506134 0.0005850507 0.001179815 -0.0235436 0.002844865 0.001855234 -0.02548584 -0.0002075449 0.002256288 -0.02429296 0.002019875 0.001000091 -0.02570627 -0.0002514977 0.002548818 -0.02492672 0.0008328581 0.0008830806 -0.02334458 0.002930097 0.0006781883 -0.0231744 0.00296753 0.0006781883 -0.02331948 0.002942356 0.002055021 -0.02539786 -9.627754e-05 0.002089711 -0.0241144 0.002258908 0.00119581 -0.02567146 -0.0003234458 0.002576956 -0.02478187 0.001096254 0.002235991 -0.02529747 5.439965e-05 0.001884425 -0.02392941 0.002473152 0.001405663 -0.02562296 -0.0003548134 0.002560879 -0.02462747 0.001367855 0.002391392 -0.02518512 0.0002407752 0.001645005 -0.02373885 0.002656307 0.00162224 -0.02556099 -0.0003436067 0.002499569 -0.02446425 0.001639979 0.0008151775 -0.02572721 -0.000152142 0.002515214 -0.02506134 0.000458022 0.001377041 -0.0235436 0.002802943 0.001837889 -0.02548584 -0.0002891458 0.002393343 -0.02429296 0.001904872 0.0009817629 -0.02570627 -0.0002733398 0.002602359 -0.02492672 0.0007003407 0.001086975 -0.02334458 0.002908667 0.002044951 -0.02539786 -0.000192086 0.002243846 -0.0241144 0.002154943 0.001171986 -0.02567146 -0.0003587653 0.002648801 -0.02478187 0.0009611322 0.0007819116 -0.02314271 0.002970247 0.0006781883 -0.02302826 0.002985554 0.002235991 -0.02529747 -5.439965e-05 0.002054005 -0.02392941 0.002382985 0.001379141 -0.02562296 -0.0004046952 0.00265171 -0.02462747 0.001233193 0.002404015 -0.02518512 0.0001206816 0.001827944 -0.02373885 0.002582395 0.001595971 -0.02556099 -0.0004086234 0.002609531 -0.02446425 0.001508931 0.0008042309 -0.02572721 -0.0001613273 0.002542689 -0.02506134 0.0003287618 0.001570862 -0.0235436 0.002747366 0.001814894 -0.02548584 -0.0003693381 0.002522042 -0.02429296 0.001780589 0.0009619561 -0.02570627 -0.0002938503 0.002646525 -0.02492672 0.0005644114 0.001288877 -0.02334458 0.002873066 0.002028223 -0.02539786 -0.0002869587 0.002390353 -0.0241144 0.002040479 0.001145757 -0.02567146 -0.000392337 0.002711046 -0.02478187 0.0008213279 0.0009888529 -0.02314271 0.002955777 0.002228401 -0.02529747 -0.0001629339 0.002216882 -0.02392941 0.002281208 0.001349203 -0.02562296 -0.0004526053 0.002732925 -0.02462747 0.001092523 0.002408229 -0.02518512 -3.712891e-18 0.002005282 -0.02373885 0.002495901 0.001565232 -0.02556099 -0.0004716494 0.002710084 -0.02446425 0.001370531 0.0007926702 -0.02572721 -0.0001697266 0.002561081 -0.02506134 0.0001979 0.001760334 -0.0235436 0.002678404 0.001786361 -0.02548584 -0.000447731 0.002641758 -0.02429296 0.001647631 0.0009407669 -0.02570627 -0.0003129291 0.002681101 -0.02492672 0.0004257323 0.001487805 -0.02334458 0.002823468 0.002004917 -0.02539786 -0.0003804333 0.002528519 -0.0241144 0.001916074 0.00111725 -0.02567146 -0.0004239973 0.002763387 -0.02478187 0.0006775222 0.001194281 -0.02314271 0.002926906 0.002213259 -0.02529747 -0.0002706744 0.002372263 -0.02392941 0.002168317 0.001315997 -0.02562296 -0.0004983104 0.002804131 -0.02462747 0.0009465306 0.0008869698 -0.02293893 0.002985715 0.0009768918 -0.02273421 0.002985092 0.002404015 -0.02518512 -0.0001206816 0.002176155 -0.02373885 0.002397248 0.00153017 -0.02556099 -0.0005323775 0.002800738 -0.02446425 0.001225455 0.0007805519 -0.02572721 -0.000177299 0.002570299 -0.02506134 6.607395e-05 0.001944534 -0.0235436 0.002596393 0.00175243 -0.02548584 -0.0005239426 0.002751908 -0.02429296 0.001506645 0.0009182985 -0.02570627 -0.0003304834 0.00270592 -0.02492672 0.0002849791 0.001682788 -0.02334458 0.002760114 0.001975147 -0.02539786 -0.0004720545 0.00265767 -0.0241144 0.001782333 0.001086604 -0.02567146 -0.0004535919 0.002805569 -0.02478187 0.0005304157 0.001397194 -0.02314271 0.002883775 0.002190639 -0.02529747 -0.0003770962 0.002519391 -0.02392941 0.002044863 0.001279683 -0.02562296 -0.0005415878 0.002864979 -0.02462747 0.0007959267 0.001094734 -0.02293893 0.002963879 0.001125315 -0.02273421 0.002966492 0.002391392 -0.02518512 -0.0002407752 0.00233973 -0.02373885 0.002286915 0.001490958 -0.02556099 -0.0005905119 0.002881051 -0.02446425 0.001074408 0.0007679347 -0.02572721 -0.0001840076 0.002570299 -0.02506134 -6.607395e-05 0.002122564 -0.0235436 0.002501733 0.001713265 -0.02548584 -0.0005976017 0.002851954 -0.02429296 0.00135832 0.0008946602 -0.02570627 -0.0003464276 0.00272086 -0.02492672 0.0001428375 0.001872876 -0.02334458 0.002683313 0.001939059 -0.02539786 -0.0005613759 0.002777178 -0.0241144 0.00163991 0.001053968 -0.02567146 -0.0004809766 0.002837387 -0.02478187 0.000380725 0.001596605 -0.02314271 0.002826595 0.002160649 -0.02529747 -0.0004816808 0.002657548 -0.02392941 0.001911445 0.001240438 -0.02562296 -0.0005822267 0.002915173 -0.02462747 0.000641445 0.001300469 -0.02293893 0.002927602 0.001272627 -0.02273421 0.002940517 0.00141846 -0.02273421 0.002907232 0.002370424 -0.02518512 -0.0003596957 0.002495209 -0.02373885 0.002165441 0.001447786 -0.02556099 -0.0006457694 0.002950632 -0.02446425 0.0009181269 0.0007548804 -0.02572721 -0.0001898198 0.002561081 -0.02506134 -0.0001979 0.002293558 -0.0235436 0.002394884 0.001669057 -0.02548584 -0.0006683492 0.002941411 -0.02429296 0.001203377 0.0008699673 -0.02570627 -0.000360684 0.002725848 -0.02492672 -4.030264e-18 0.002057145 -0.02334458 0.00259344 0.001896828 -0.02539786 -0.0006479623 0.002886459 -0.0241144 0.001489497 0.001019502 -0.02567146 -0.000506018 0.002858685 -0.02478187 0.0002291795 0.001791541 -0.02314271 0.002755644 0.002123438 -0.02529747 -0.0005839188 0.002786062 -0.02392941 0.001768716 0.001198454 -0.02562296 -0.000620029 0.002954469 -0.02462747 0.0004838383 0.001503173 -0.02293893 0.002877062 0.001562454 -0.02273421 0.002866719 0.00234121 -0.02518512 -0.0004768639 0.002641837 -0.02373885 0.002033417 0.001400865 -0.02556099 -0.0006978808 0.003009142 -0.02446425 0.0007573727 0.0007414525 -0.02572721 -0.0001947072 0.002542689 -0.02506134 -0.0003287618 0.002456681 -0.0235436 0.002276367 0.001620021 -0.02548584 -0.0007358406 0.003019841 -0.02429296 0.001042571 0.0008443401 -0.02570627 -0.0003731833 0.00272086 -0.02492672 -0.0001428375 0.002234695 -0.02334458 0.002490931 0.00184866 -0.02539786 -0.000731392 0.002984982 -0.0241144 0.001331828 0.0009833723 -0.02567146 -0.0005285943 0.00286936 -0.02478187 7.651743e-05 0.001981053 -0.02314271 0.002671268 0.002079185 -0.02529747 -0.0006833118 0.002904307 -0.02392941 0.00161737 0.001153936 -0.02562296 -0.0006548105 0.002982675 -0.02462747 0.0003238744 0.001701857 -0.02293893 0.002812506 0.001704249 -0.02273421 0.002819078 0.001843493 -0.02273421 0.002764429 0.002303895 -0.02518512 -0.0005917088 0.002778897 -0.02373885 0.001891487 0.001350423 -0.02556099 -0.0007465922 0.003056295 -0.02446425 0.0005929287 0.0007277163 -0.02572721 -0.000198646 0.002515214 -0.02506134 -0.000458022 0.00261114 -0.0235436 0.002146761 0.001566397 -0.02548584 -0.0007997471 0.003086863 -0.02429296 0.0008766859 0.0008179035 -0.02570627 -0.0003838644 0.00270592 -0.02492672 -0.0002849791 0.002404662 -0.02334458 0.002376287 0.00179479 -0.02539786 -0.0008112583 0.003072266 -0.0241144 0.00116767 0.000945756 -0.02567146 -0.0005485951 0.00286936 -0.02478187 -7.651743e-05 0.002164217 -0.02314271 0.002573878 0.002028107 -0.02529747 -0.0007793759 0.003011706 -0.02392941 0.001458144 0.0011071 -0.02562296 -0.0006864019 0.002999653 -0.02462747 0.0001623327 0.001895554 -0.02293893 0.002734247 0.001979839 -0.02273421 0.002702907 0.002258659 -0.02518512 -0.000703671 0.002905724 -0.02373885 0.001740341 0.001296706 -0.02556099 -0.0007916662 0.003091863 -0.02446425 0.000425596 0.0007137387 -0.02572721 -0.000201617 0.002478789 -0.02506134 -0.0005850507 0.002756182 -0.0235436 0.002006696 0.001508446 -0.02548584 -0.0008597573 0.00314215 -0.02429296 0.0007065297 0.0007907861 -0.02570627 -0.0003926753 0.002681101 -0.02492672 -0.0004257323 0.002566218 -0.02334458 0.002250066 0.001735479 -0.02539786 -0.0008871723 0.003147887 -0.0241144 0.000997823 0.0009068362 -0.02567146 -0.0005659234 0.002858685 -0.02478187 -0.0002291795 0.002340142 -0.02314271 0.002463948 0.001970452 -0.02529747 -0.0008716429 0.003107737 -0.02392941 0.001291814 0.001058174 -0.02562296 -0.0007146492 0.003005322 -0.02462747 -4.313923e-18 0.00208332 -0.02293893 0.002642668 0.00211295 -0.02273421 0.002634665 0.002242494 -0.02273421 0.002559873 0.002205724 -0.02518512 -0.000812205 0.003021697 -0.02373885 0.001580717 0.001239975 -0.02556099 -0.0008328834 0.003115672 -0.02446425 0.0002561898 0.0006995881 -0.02572721 -0.0002036057 0.002433592 -0.02506134 -0.0007092291 0.002891101 -0.0235436 0.001856854 0.00144645 -0.02548584 -0.0009155788 0.003185433 -0.02429296 0.0005329313 0.0007631202 -0.02570627 -0.0003995732 0.002646525 -0.02492672 -0.0005644114 0.002718575 -0.02334458 0.002112882 0.001671018 -0.02539786 -0.0009587641 0.003211475 -0.0241144 0.0008231149 0.0008668023 -0.02567146 -0.0005804945 0.002837387 -0.02478187 -0.000380725 0.00250797 -0.02314271 0.002342014 0.001906501 -0.02529747 -0.0009596635 0.003191931 -0.02392941 0.00111919 0.001007397 -0.02562296 -0.0007394149 0.002999653 -0.02462747 -0.0001623327 0.00226424 -0.02293893 0.002538213 0.002368148 -0.02273421 0.002478716 0.002145346 -0.02518512 -0.000916782 0.003126254 -0.02373885 0.001413391 0.001180508 -0.02556099 -0.0008700427 0.003127605 -0.02446425 8.553551e-05 0.0006853331 -0.02572721 -0.0002046025 0.002379843 -0.02506134 -0.0008299522 0.003015238 -0.0235436 0.001697966 0.001380711 -0.02548584 -0.0009669397 0.003216501 -0.02429296 0.0003567366 0.0007350404 -0.02570627 -0.0004045244 0.002602359 -0.02492672 -0.0007003407 0.002860992 -0.02334458 0.001965405 0.001601719 -0.02539786 -0.001025685 0.003262722 -0.0241144 0.0006443966 0.0008258497 -0.02567146 -0.0005922375 0.002805569 -0.02478187 -0.0005304157 0.002666883 -0.02314271 0.002208669 0.001836567 -0.02529747 -0.001043009 0.003263878 -0.02392941 0.0009411142 0.000955016 -0.02562296 -0.0007605781 0.002982675 -0.02462747 -0.0003238744 0.002437433 -0.02293893 0.002421393 0.002489601 -0.02273421 0.002391397 0.002077821 -0.02518512 -0.001016893 0.003218884 -0.02373885 0.00123918 0.001118593 -0.02556099 -0.0009029634 0.003127605 -0.02446425 -8.553551e-05 0.0006710434 -0.02572721 -0.0002046025 0.002317803 -0.02506134 -0.0009466319 0.003127989 -0.0235436 0.001530805 0.00131155 -0.02548584 -0.00101359 0.003235203 -0.02429296 0.0001788039 0.0007066838 -0.02570627 -0.0004075049 0.002548818 -0.02492672 -0.0008328581 0.002992775 -0.02334458 0.001808353 0.001527921 -0.02539786 -0.001087609 0.003301377 -0.0241144 0.000462539 0.0007841775 -0.02567146 -0.0006010952 0.002763387 -0.02478187 -0.0006775222 0.002816108 -0.02314271 0.002064565 0.001760988 -0.02529747 -0.001121272 0.003323229 -0.02392941 0.0007584531 0.0009012865 -0.02562296 -0.0007780359 0.002954469 -0.02462747 -0.0004838383 0.002602056 -0.02293893 0.002292776 0.002606551 -0.02273421 0.002298133 0.002718706 -0.02273421 0.002199156 0.002003477 -0.02518512 -0.001112049 0.003299136 -0.02373885 0.001058931 0.001054533 -0.02556099 -0.0009314849 0.003115672 -0.02446425 -0.0002561898 0.0006567884 -0.02572721 -0.0002036057 0.002247775 -0.02506134 -0.0010587 0.003228805 -0.0235436 0.001356187 0.001239302 -0.02548584 -0.001055302 0.003241446 -0.02429296 -4.558585e-18 0.0006781883 -0.02570627 -0.0004085 0.002486164 -0.02492672 -0.0009613179 0.003113281 -0.02334458 0.001642491 0.001449984 -0.02539786 -0.001144234 0.003327252 -0.0241144 0.0002784278 0.0007419891 -0.02567146 -0.0006070244 0.002711046 -0.02478187 -0.0008213279 0.002954917 -0.02314271 0.001910402 0.001680135 -0.02529747 -0.001194073 0.003369692 -0.02392941 0.0005720969 0.0008464699 -0.02562296 -0.0007917032 0.002915173 -0.02462747 -0.000641445 0.002757305 -0.02293893 0.002152989 0.002825789 -0.02273421 0.00209471 0.001922676 -0.02518512 -0.001201787 0.003366618 -0.02373885 0.0008735239 0.0009886387 -0.02556099 -0.0009554683 0.003091863 -0.02446425 -0.000425596 0.0006426377 -0.02572721 -0.000201617 0.0021701 -0.02506134 -0.00116561 0.003317194 -0.0235436 0.001174961 0.001164321 -0.02548584 -0.001091873 0.003235203 -0.02429296 -0.0001788039 0.0006496927 -0.02570627 -0.0004075049 0.002414702 -0.02492672 -0.001085094 0.003221923 -0.02334458 0.001468626 0.001368286 -0.02539786 -0.001195284 0.003340221 -0.0241144 9.296024e-05 0.0006994898 -0.02567146 -0.0006099962 0.002648801 -0.02478187 -0.0009611322 0.003082633 -0.02314271 0.001746932 0.0015944 -0.02529747 -0.001261057 0.003403044 -0.02392941 0.0003829534 0.0007908336 -0.02562296 -0.0008015134 0.002864979 -0.02462747 -0.0007959267 0.002902425 -0.02293893 0.002002712 0.002927532 -0.02273421 0.001985057 0.001835812 -0.02518512 -0.001285671 0.003421004 -0.02373885 0.0006838607 0.0009212324 -0.02556099 -0.0009747968 0.003056295 -0.02446425 -0.0005929287 0.0006286603 -0.02572721 -0.000198646 0.002085157 -0.02506134 -0.001266841 0.003392727 -0.0235436 0.0009880113 0.001086972 -0.02548584 -0.001123124 0.003216501 -0.02429296 -0.0003567366 0.000621336 -0.02570627 -0.0004045244 0.00233478 -0.02492672 -0.001203584 0.003318173 -0.02334458 0.001287607 0.001283226 -0.02539786 -0.001240511 0.003340221 -0.0241144 -9.296024e-05 0.0006568867 -0.02567146 -0.0006099962 0.002576956 -0.02478187 -0.001096254 0.003198636 -0.02314271 0.001574951 0.001504201 -0.02529747 -0.001321897 0.003423119 -0.02392941 0.0001919443 0.0007346485 -0.02562296 -0.0008074187 0.002804131 -0.02462747 -0.0009465306 0.003036709 -0.02293893 0.001842679 0.003023683 -0.02273421 0.001870469 0.003114002 -0.02273421 0.001751231 0.001743308 -0.02518512 -0.001363291 0.003462026 -0.02373885 0.0004908657 0.0008526419 -0.02556099 -0.0009893761 0.003009142 -0.02446425 -0.0007573727 0.0006149241 -0.02572721 -0.0001947072 0.00199336 -0.02506134 -0.0013619 0.003455035 -0.0235436 0.0007962479 0.001007631 -0.02548584 -0.001148903 0.003185433 -0.02429296 -0.0005329313 0.0005932564 -0.02570627 -0.0003995732 0.002246786 -0.02492672 -0.00131621 0.003401561 -0.02334458 0.001100314 0.001195218 -0.02539786 -0.001279695 0.003327252 -0.0241144 -0.0002784278 0.0006143874 -0.02567146 -0.0006070244 0.00249586 -0.02478187 -0.001226035 0.00330236 -0.02314271 0.001395297 0.001409978 -0.02529747 -0.001376296 0.003429822 -0.02392941 -4.759692e-18 0.0006781883 -0.02562296 -0.0008093903 0.002732925 -0.02462747 -0.001092523 0.003159503 -0.02293893 0.001673668 0.003198266 -0.02273421 0.001627639 0.001645615 -0.02518512 -0.001434269 0.003489486 -0.02373885 0.0002954793 0.0007832016 -0.02556099 -0.0009991353 0.002950632 -0.02446425 -0.0009181269 0.0006014961 -0.02572721 -0.0001898198 0.001895155 -0.02506134 -0.001450324 0.003503814 -0.0235436 0.0006006053 0.000926685 -0.02548584 -0.001169085 0.00314215 -0.02429296 -0.0007065297 0.0005655904 -0.02570627 -0.0003926753 0.002151151 -0.02492672 -0.001422424 0.003471681 -0.02334458 0.0009076608 0.001104692 -0.02539786 -0.001312644 0.003301377 -0.0241144 -0.000462539 0.0005721989 -0.02567146 -0.0006010952 0.002405908 -0.02478187 -0.001349843 0.003393298 -0.02314271 0.001208845 0.00131219 -0.02529747 -0.001423991 0.003423119 -0.02392941 -0.0001919443 0.0006217281 -0.02562296 -0.0008074187 0.00265171 -0.02462747 -0.001233193 0.003270208 -0.02293893 0.001496503 0.003276264 -0.02273421 0.0015 0.003347804 -0.02273421 0.001368632 0.001543209 -0.02518512 -0.001498259 0.003503249 -0.02373885 9.865329e-05 0.0007132496 -0.02556099 -0.001004027 0.002881051 -0.02446425 -0.001074408 0.0005884417 -0.02572721 -0.0001840076 0.001791021 -0.02506134 -0.001531683 0.003538827 -0.0235436 0.0004020365 0.0008445284 -0.02548584 -0.001183572 0.003086863 -0.02429296 -0.0008766859 0.000538473 -0.02570627 -0.0003838644 0.00204834 -0.02492672 -0.001521708 0.003528192 -0.02334458 0.0007105857 0.001012088 -0.02539786 -0.001339197 0.003262722 -0.0241144 -0.0006443966 0.0005305269 -0.02567146 -0.0005922375 0.002307539 -0.02478187 -0.001467074 0.003471009 -0.02314271 0.001016504 0.001211313 -0.02529747 -0.001464748 0.003403044 -0.02392941 -0.0003829534 0.0005655429 -0.02562296 -0.0008015134 0.002560879 -0.02462747 -0.001367855 0.003368284 -0.02293893 0.001312048 0.003412706 -0.02273421 0.001233861 0.001436588 -0.02518512 -0.00155495 0.003503249 -0.02373885 -9.865329e-05 0.0006431268 -0.02556099 -0.001004027 0.002800738 -0.02446425 -0.001225455 0.0005758246 -0.02572721 -0.000177299 0.001681465 -0.02506134 -0.001605579 0.003559903 -0.0235436 0.0002015091 0.0007615614 -0.02548584 -0.001192292 0.003019841 -0.02429296 -0.001042571 0.0005120363 -0.02570627 -0.0003731833 0.001938853 -0.02492672 -0.001613578 0.003570817 -0.02334458 0.0005100485 0.0009178566 -0.02539786 -0.001359227 0.003211475 -0.0241144 -0.0008231149 0.0004895742 -0.02567146 -0.0005804945 0.002201232 -0.02478187 -0.001577158 0.003535114 -0.02314271 0.0008192102 0.001107839 -0.02529747 -0.001498369 0.003369692 -0.02392941 -0.0005720969 0.0005099065 -0.02562296 -0.0007917032 0.002460876 -0.02462747 -0.001495853 0.003453255 -0.02293893 0.0011212 0.003470809 -0.02273421 0.001096023 0.001326273 -0.02518512 -0.001604066 0.003489486 -0.02373885 -0.0002954793 0.0005731749 -0.02556099 -0.0009991353 0.002710084 -0.02446425 -0.001370531 0.0005637062 -0.02572721 -0.0001697266 0.001567022 -0.02506134 -0.001671653 0.00356694 -0.0235436 -4.913497e-18 0.0006781883 -0.02548584 -0.001195203 0.002941411 -0.02429296 -0.001203377 0.0004864091 -0.02570627 -0.000360684 0.001823225 -0.02492672 -0.001697587 0.00359935 -0.02334458 0.0003070265 0.0008224579 -0.02539786 -0.001372634 0.003147887 -0.0241144 -0.000997823 0.0004495403 -0.02567146 -0.0005659234 0.002087505 -0.02478187 -0.001679559 0.003585299 -0.02314271 0.0006179256 0.001002271 -0.02529747 -0.001524689 0.003323229 -0.02392941 -0.0007584531 0.00045509 -0.02562296 -0.0007780359 0.002352188 -0.02462747 -0.001616563 0.003524706 -0.02293893 0.0009248898 0.00352197 -0.02273421 0.00095546 0.003566061 -0.02273421 0.0008125214 0.0012128 -0.02518512 -0.001645367 0.003462026 -0.02373885 -0.0004908657 0.0005037345 -0.02556099 -0.0009893761 0.002609531 -0.02446425 -0.001508931 0.0005521456 -0.02572721 -0.0001613273 0.001448248 -0.02506134 -0.001729583 0.003559903 -0.0235436 -0.0002015091 0.0005948151 -0.02548584 -0.001192292 0.002851954 -0.02429296 -0.00135832 0.0004617163 -0.02570627 -0.0003464276 0.001702018 -0.02492672 -0.001773325 0.003613651 -0.02334458 0.0001025086 0.0007263564 -0.02539786 -0.001379354 0.003072266 -0.0241144 -0.00116767 0.0004106205 -0.02567146 -0.0005485951 0.001966912 -0.02478187 -0.001773776 0.003621322 -0.02314271 0.0004136305 0.0008951246 -0.02529747 -0.001543582 0.003263878 -0.02392941 -0.0009411142 0.0004013605 -0.02562296 -0.0007605781 0.002235345 -0.02462747 -0.001729398 0.003582289 -0.02293893 0.0007240738 0.003602972 -0.02273421 0.0006675628 0.001096723 -0.02518512 -0.001678651 0.003421004 -0.02373885 -0.0006838607 0.0004351441 -0.02556099 -0.0009747968 0.002499569 -0.02446425 -0.001639979 0.000541199 -0.02572721 -0.000152142 0.001325723 -0.02506134 -0.001779086 0.003538827 -0.0235436 -0.0004020365 0.0005118481 -0.02548584 -0.001183572 0.002751908 -0.02429296 -0.001506645 0.000438078 -0.02570627 -0.0003304834 0.001575823 -0.02492672 -0.001840424 0.003613651 -0.02334458 -0.0001025086 0.0006300201 -0.02539786 -0.001379354 0.002984982 -0.0241144 -0.001331828 0.0003730042 -0.02567146 -0.0005285943 0.00184004 -0.02478187 -0.001859352 0.003643006 -0.02314271 0.0002073203 0.0007869213 -0.02529747 -0.001554955 0.003191931 -0.02392941 -0.00111919 0.0003489796 -0.02562296 -0.0007394149 0.002110915 -0.02462747 -0.001833807 0.003625724 -0.02293893 0.0005197301 0.003632612 -0.02273421 0.0005209445 0.003654906 -0.02273421 0.0003730311 0.0009786067 -0.02518512 -0.001703758 0.003366618 -0.02373885 -0.0008735239 0.0003677378 -0.02556099 -0.0009554683 0.002380733 -0.02446425 -0.001763037 0.0005309198 -0.02572721 -0.0001422155 0.001200042 -0.02506134 -0.001819922 0.003503814 -0.0235436 -0.0006006053 0.0004296915 -0.02548584 -0.001169085 0.002641758 -0.02429296 -0.001647631 0.0004156095 -0.02570627 -0.0003129291 0.001445255 -0.02492672 -0.001898557 0.00359935 -0.02334458 -0.0003070265 0.0005339186 -0.02539786 -0.001372634 0.002886459 -0.0241144 -0.001489497 0.0003368748 -0.02567146 -0.000506018 0.001707508 -0.02478187 -0.00193587 0.003650246 -0.02314271 -5.017136e-18 0.0006781883 -0.02529747 -0.001558752 0.003107737 -0.02392941 -0.001291814 0.0002982025 -0.02562296 -0.0007146492 0.001979505 -0.02462747 -0.001929281 0.003654799 -0.02293893 0.0003128543 0.0036698 -0.02273421 0.0002241903 0.0008590268 -0.02518512 -0.001720564 0.003299136 -0.02373885 -0.001058931 0.0003018439 -0.02556099 -0.0009314849 0.002253603 -0.02446425 -0.001877506 0.0005213581 -0.02572721 -0.0001315961 0.00107182 -0.02506134 -0.001851892 0.003455035 -0.0235436 -0.0007962479 0.0003487456 -0.02548584 -0.001148903 0.002522042 -0.02429296 -0.001780589 0.0003944204 -0.02570627 -0.0002938503 0.00131095 -0.02492672 -0.00194744 0.003570817 -0.02334458 -0.0005100485 0.0004385199 -0.02539786 -0.001359227 0.002777178 -0.0241144 -0.00163991 0.0003024082 -0.02567146 -0.0004809766 0.001569962 -0.02478187 -0.002002956 0.003643006 -0.02314271 -0.0002073203 0.0005694552 -0.02529747 -0.001554955 0.003011706 -0.02392941 -0.001458144 0.0002492767 -0.02562296 -0.0006864019 0.001841755 -0.02462747 -0.002015357 0.003669371 -0.02293893 0.0001044544 0.003677256 -0.02273421 7.479207e-05 0.0007385658 -0.02518512 -0.001728987 0.003218884 -0.02373885 -0.00123918 0.0002377836 -0.02556099 -0.0009029634 0.002118797 -0.02446425 -0.001982828 0.0005125604 -0.02572721 -0.0001203357 0.0009416797 -0.02506134 -0.001874839 0.003392727 -0.0235436 -0.0009880113 0.0002694046 -0.02548584 -0.001123124 0.002393343 -0.02429296 -0.001904872 0.0003746136 -0.02570627 -0.0002733398 0.001173562 -0.02492672 -0.001986835 0.003528192 -0.02334458 -0.0007105857 0.0003442888 -0.02539786 -0.001339197 0.00265767 -0.0241144 -0.001782333 0.0002697723 -0.02567146 -0.0004535919 0.00142807 -0.02478187 -0.002060283 0.003621322 -0.02314271 -0.0004136305 0.0004612519 -0.02529747 -0.001543582 0.002904307 -0.02392941 -0.00161737 0.0002024406 -0.02562296 -0.0006548105 0.001698337 -0.02462747 -0.002091614 0.003669371 -0.02293893 -0.0001044544 0.003677256 -0.02273421 -7.479207e-05 0.0036698 -0.02273421 -0.0002241903 0.0006178107 -0.02518512 -0.001728987 0.003126254 -0.02373885 -0.001413391 0.0001758688 -0.02556099 -0.0008700427 0.001976972 -0.02446425 -0.002078489 0.0005045697 -0.02572721 -0.0001084889 0.0008102556 -0.02506134 -0.001888652 0.003317194 -0.0235436 -0.001174961 0.0001920553 -0.02548584 -0.001091873 0.002256288 -0.02429296 -0.002019875 0.0003562859 -0.02570627 -0.0002514977 0.001033761 -0.02492672 -0.002016551 0.003471681 -0.02334458 -0.0009076608 0.0002516845 -0.02539786 -0.001312644 0.002528519 -0.0241144 -0.001916074 0.0002391262 -0.02567146 -0.0004239973 0.001282525 -0.02478187 -0.002107574 0.003585299 -0.02314271 -0.0006179256 0.0003541055 -0.02529747 -0.001524689 0.002786062 -0.02392941 -0.001768716 0.0001579222 -0.02562296 -0.000620029 0.001549948 -0.02462747 -0.002157681 0.003654799 -0.02293893 -0.0003128543 0.003654906 -0.02273421 -0.0003730311 0.0004973497 -0.02518512 -0.001720564 0.003021697 -0.02373885 -0.001580717 0.0001164013 -0.02556099 -0.0008328834 0.001828821 -0.02446425 -0.002164025 0.0004974248 -0.02572721 -9.611361e-05 0.0006781883 -0.02506134 -0.001893264 0.003228805 -0.0235436 -0.001356187 0.0001170743 -0.02548584 -0.001055302 0.002111544 -0.02429296 -0.002125037 0.0003395264 -0.02570627 -0.0002284303 0.0008922269 -0.02492672 -0.002036442 0.003401561 -0.02334458 -0.001100314 0.0001611581 -0.02539786 -0.001279695 0.002390353 -0.0241144 -0.002040479 0.0002106192 -0.02567146 -0.000392337 0.001134036 -0.02478187 -0.002144596 0.003535114 -0.02314271 -0.0008192102 0.000248538 -0.02529747 -0.001498369 0.002657548 -0.02392941 -0.001911445 0.0001159385 -0.02562296 -0.0005822267 0.001397312 -0.02462747 -0.002213236 0.003625724 -0.02293893 -0.0005197301 0.003632612 -0.02273421 -0.0005209445 0.003602972 -0.02273421 -0.0006675628 0.0003777698 -0.02518512 -0.001703758 0.002905724 -0.02373885 -0.001740341 5.967082e-05 -0.02556099 -0.0007916662 0.001675063 -0.02446425 -0.002239017 0.0004911606 -0.02572721 -8.327007e-05 0.0005461208 -0.02506134 -0.001888652 0.003127989 -0.0235436 -0.001530805 4.482701e-05 -0.02548584 -0.00101359 0.001959817 -0.02429296 -0.002219847 0.0003244169 -0.02570627 -0.00020425 0.0007496505 -0.02492672 -0.002046412 0.003318173 -0.02334458 -0.001287607 7.315054e-05 -0.02539786 -0.001240511 0.002243846 -0.0241144 -0.002154943 0.0001843901 -0.02567146 -0.0003587653 0.0009833264 -0.02478187 -0.00217117 0.003471009 -0.02314271 -0.001016504 0.0001450637 -0.02529747 -0.001464748 0.002519391 -0.02392941 -0.002044863 7.669403e-05 -0.02562296 -0.0005415878 0.001241173 -0.02462747 -0.002258008 0.003582289 -0.02293893 -0.0007240738 0.003566061 -0.02273421 -0.0008125214 0.0002596534 -0.02518512 -0.001678651 0.002778897 -0.02373885 -0.001891487 5.953656e-06 -0.02556099 -0.0007465922 0.001516449 -0.02446425 -0.002303102 0.0004858076 -0.02572721 -7.002084e-05 0.0004146968 -0.02506134 -0.001874839 0.003015238 -0.0235436 -0.001697966 -2.433461e-05 -0.02548584 -0.0009669397 0.001801847 -0.02429296 -0.002303841 0.0003110309 -0.02570627 -0.0001790746 0.000606726 -0.02492672 -0.002046412 0.003221923 -0.02334458 -0.001468626 -1.190931e-05 -0.02539786 -0.001195284 0.002089711 -0.0241144 -0.002258908 0.0001605668 -0.02567146 -0.0003234458 0.0008311298 -0.02478187 -0.002187167 0.003393298 -0.02314271 -0.001208845 4.418676e-05 -0.02529747 -0.001423991 0.002372263 -0.02392941 -0.002168317 4.037998e-05 -0.02562296 -0.0004983104 0.001082291 -0.02462747 -0.00229178 0.003524706 -0.02293893 -0.0009248898 0.00352197 -0.02273421 -0.00095546 0.0001435762 -0.02518512 -0.001645367 0.002641837 -0.02373885 -0.002033417 -4.448845e-05 -0.02556099 -0.0006978808 0.00135375 -0.02446425 -0.002355966 0.0004813918 -0.02572721 -5.643047e-05 0.0002845566 -0.02506134 -0.001851892 0.002891101 -0.0235436 -0.001856854 -9.00736e-05 -0.02548584 -0.0009155788 0.001638402 -0.02429296 -0.002376612 0.0002994337 -0.02570627 -0.0001530268 0.0004641496 -0.02492672 -0.002036442 0.003113281 -0.02334458 -0.001642491 -9.360706e-05 -0.02539786 -0.001144234 0.001928699 -0.0241144 -0.002351868 0.0001392653 -0.02567146 -0.0002865504 0.0006781883 -0.02478187 -0.002192508 0.00330236 -0.02314271 -0.001395297 -5.360142e-05 -0.02529747 -0.001376296 0.002216882 -0.02392941 -0.002281208 7.173269e-06 -0.02562296 -0.0004526053 0.00092144 -0.02462747 -0.002314386 0.003453255 -0.02293893 -0.0011212 0.003470809 -0.02273421 -0.001096023 0.003412706 -0.02273421 -0.001233861 3.01035e-05 -0.02518512 -0.001604066 0.002495209 -0.02373885 -0.002165441 -9.140975e-05 -0.02556099 -0.0006457694 0.001187761 -0.02446425 -0.002397352 0.0004779348 -0.02572721 -4.256519e-05 0.000156334 -0.02506134 -0.001819922 0.002756182 -0.0235436 -0.002006696 -0.0001520697 -0.02548584 -0.0008597573 0.001470279 -0.02429296 -0.002437804 0.0002896817 -0.02570627 -0.0001262334 0.0003226159 -0.02492672 -0.002016551 0.002992775 -0.02334458 -0.001808353 -0.0001715447 -0.02539786 -0.001087609 0.001761595 -0.0241144 -0.002433371 0.0001205893 -0.02567146 -0.0002482591 0.0005252466 -0.02478187 -0.002187167 0.003198636 -0.02314271 -0.001574951 -0.0001478244 -0.02529747 -0.001321897 0.002054005 -0.02392941 -0.002382985 -2.276432e-05 -0.02562296 -0.0004046952 0.0007594041 -0.02462747 -0.002325716 0.003368284 -0.02293893 -0.001312048 0.003347804 -0.02273421 -0.001368632 -8.02118e-05 -0.02518512 -0.00155495 0.00233973 -0.02373885 -0.002286915 -0.0001345816 -0.02556099 -0.0005905119 0.001019289 -0.02446425 -0.002427058 0.0004754534 -0.02572721 -2.849253e-05 3.065388e-05 -0.02506134 -0.001779086 0.00261114 -0.0235436 -0.002146761 -0.0002100209 -0.02548584 -0.0007997471 0.001298297 -0.02429296 -0.002487118 0.0002818225 -0.02570627 -9.882508e-05 0.0001828146 -0.02492672 -0.001986835 0.002860992 -0.02334458 -0.001965405 -0.0002453425 -0.02539786 -0.001025685 0.001589212 -0.0241144 -0.002503018 0.0001046299 -0.02567146 -0.0002087582 0.0003730501 -0.02478187 -0.00217117 0.003082633 -0.02314271 -0.001746932 -0.0002380231 -0.02529747 -0.001261057 0.001884425 -0.02392941 -0.002473152 -4.928695e-05 -0.02562296 -0.0003548134 0.0005969725 -0.02462747 -0.002325716 0.003270208 -0.02293893 -0.001496503 0.003276264 -0.02273421 -0.0015 0.003198266 -0.02273421 -0.001627639 -0.0001868322 -0.02518512 -0.001498259 0.002176155 -0.02373885 -0.002397248 -0.0001737938 -0.02556099 -0.0005323775 0.0008491551 -0.02446425 -0.002444939 0.0004739597 -0.02572721 -1.428105e-05 -9.187153e-05 -0.02506134 -0.001729583 0.002456681 -0.0235436 -0.002276367 -0.0002636448 -0.02548584 -0.0007358406 0.001123293 -0.02429296 -0.002524317 0.0002758943 -0.02570627 -7.093527e-05 4.542669e-05 -0.02492672 -0.00194744 0.002718575 -0.02334458 -0.002112882 -0.000314641 -0.02539786 -0.0009587641 0.001412391 -0.0241144 -0.00256047 9.146483e-05 -0.02567146 -0.0001682402 0.0002223402 -0.02478187 -0.002144596 0.002954917 -0.02314271 -0.001910402 -0.0003237581 -0.02529747 -0.001194073 0.001708968 -0.02392941 -0.00255127 -7.226538e-05 -0.02562296 -0.000303203 0.0004349365 -0.02462747 -0.002314386 0.003159503 -0.02293893 -0.001673668 0.003114002 -0.02273421 -0.001751231 -0.0002892384 -0.02518512 -0.001434269 0.002005282 -0.02373885 -0.002495901 -0.0002088552 -0.02556099 -0.0004716494 0.0006781883 -0.02446425 -0.00245091 0.000473461 -0.02572721 -1.595127e-18 -0.0002106453 -0.02506134 -0.001671653 0.002293558 -0.0235436 -0.002394884 -0.0003126802 -0.02548584 -0.0006683492 0.0009461217 -0.02429296 -0.002549217 0.0002719261 -0.02570627 -4.269987e-05 -8.887848e-05 -0.02492672 -0.001898557 0.002566218 -0.02334458 -0.002250066 -0.0003791026 -0.02539786 -0.0008871723 0.001231993 -0.0241144 -0.002605448 8.115821e-05 -0.02567146 -0.0001269027 7.385117e-05 -0.02478187 -0.002107574 0.002816108 -0.02314271 -0.002064565 -0.0004046118 -0.02529747 -0.001121272 0.00152849 -0.02392941 -0.002616959 -9.158769e-05 -0.02562296 -0.0002501154 0.0002740857 -0.02462747 -0.00229178 0.003036709 -0.02293893 -0.001842679 0.003023683 -0.02273421 -0.001870469 -0.0003869313 -0.02518512 -0.001363291 0.001827944 -0.02373885 -0.002582395 -0.000239595 -0.02556099 -0.0004086234 0.0005072215 -0.02446425 -0.002444939 0.0004739597 -0.02572721 1.428105e-05 -0.0003250887 -0.02506134 -0.001605579 0.002122564 -0.0235436 -0.002501733 -0.0003568881 -0.02548584 -0.0005976017 0.0007676446 -0.02429296 -0.002561697 0.0002699372 -0.02570627 -1.425644e-05 -0.0002194466 -0.02492672 -0.001840424 0.002404662 -0.02334458 -0.002376287 -0.0004384131 -0.02539786 -0.0008112583 0.001048898 -0.0241144 -0.002637733 7.376027e-05 -0.02567146 -8.494681e-05 -7.169361e-05 -0.02478187 -0.002060283 0.002666883 -0.02314271 -0.002208669 -0.0004801901 -0.02529747 -0.001043009 0.001343869 -0.02392941 -0.002669899 -0.0001071597 -0.02562296 -0.0001958092 0.0001152036 -0.02462747 -0.002258008 0.002902425 -0.02293893 -0.002002712 0.002927532 -0.02273421 -0.001985057 0.002825789 -0.02273421 -0.00209471 -0.0004794351 -0.02518512 -0.001285671 0.001645005 -0.02373885 -0.002656307 -0.0002658634 -0.02556099 -0.0003436067 0.0003370875 -0.02446425 -0.002427058 0.0004754534 -0.02572721 2.849253e-05 -0.0004346443 -0.02506134 -0.001531683 0.001944534 -0.0235436 -0.002596393 -0.0003960533 -0.02548584 -0.0005239426 0.0005887318 -0.02429296 -0.002561697 0.0002699372 -0.02570627 1.425644e-05 -0.0003456415 -0.02492672 -0.001773325 0.002234695 -0.02334458 -0.002490931 -0.0004922836 -0.02539786 -0.000731392 0.0008639955 -0.0241144 -0.002657167 6.930704e-05 -0.02567146 -4.257712e-05 -0.000213585 -0.02478187 -0.002002956 0.00250797 -0.02314271 -0.002342014 -0.0005501249 -0.02529747 -0.0009596635 0.001156004 -0.02392941 -0.00270983 -0.0001189056 -0.02562296 -0.0001405492 -4.093567e-05 -0.02462747 -0.002213236 0.002757305 -0.02293893 -0.002152989 0.002718706 -0.02273421 -0.002199156 -0.0005662991 -0.02518512 -0.001201787 0.001457355 -0.02373885 -0.002717278 -0.0002875326 -0.02556099 -0.000276916 0.0001686155 -0.02446425 -0.002397352 0.0004779348 -0.02572721 4.256519e-05 -0.0005387783 -0.02506134 -0.001450324 0.001760334 -0.0235436 -0.002678404 -0.0004299849 -0.02548584 -0.000447731 0.0004102548 -0.02429296 -0.002549217 0.0002719261 -0.02570627 4.269987e-05 -0.0004668484 -0.02492672 -0.001697587 0.002057145 -0.02334458 -0.00259344 -0.0005404517 -0.02539786 -0.0006479623 0.0006781883 -0.0241144 -0.002663656 6.782021e-05 -0.02567146 -7.226762e-19 -0.0003511319 -0.02478187 -0.00193587 0.002340142 -0.02314271 -0.002463948 -0.0006140756 -0.02529747 -0.0008716429 0.0009658123 -0.02392941 -0.00273656 -0.0001267681 -0.02562296 -8.460432e-05 -0.0001935714 -0.02462747 -0.002157681 0.002602056 -0.02293893 -0.002292776 0.002606551 -0.02273421 -0.002298133 0.002489601 -0.02273421 -0.002391397 -0.0006471 -0.02518512 -0.001112049 0.001265909 -0.02373885 -0.002765011 -0.0003044968 -0.02556099 -0.0002088762 2.625986e-06 -0.02446425 -0.002355966 0.0004813918 -0.02572721 5.643047e-05 -0.0006369833 -0.02506134 -0.0013619 0.001570862 -0.0235436 -0.002747366 -0.0004585176 -0.02548584 -0.0003693381 0.0002330831 -0.02429296 -0.002524317 0.0002758943 -0.02570627 7.093527e-05 -0.0005824768 -0.02492672 -0.001613578 0.001872876 -0.02334458 -0.002683313 -0.0005826827 -0.02539786 -0.0005613759 0.000492381 -0.0241144 -0.002657167 6.930704e-05 -0.02567146 4.257712e-05 -0.0004836639 -0.02478187 -0.001859352 0.002164217 -0.02314271 -0.002573878 -0.0006717305 -0.02529747 -0.0007793759 0.0007742189 -0.02392941 -0.002749958 -0.000130709 -0.02562296 -2.824732e-05 -0.0003419601 -0.02462747 -0.002091614 0.002437433 -0.02293893 -0.002421393 0.002368148 -0.02273421 -0.002478716 -0.0007214443 -0.02518512 -0.001016893 0.0010716 -0.02373885 -0.002799273 -0.0003166735 -0.02556099 -0.0001398187 -0.0001600722 -0.02446425 -0.002303102 0.0004858076 -0.02572721 7.002084e-05 -0.000728781 -0.02506134 -0.001266841 0.001377041 -0.0235436 -0.002802943 -0.0004815124 -0.02548584 -0.0002891458 5.807997e-05 -0.02429296 -0.002487118 0.0002818225 -0.02570627 9.882508e-05 -0.0006919634 -0.02492672 -0.001521708 0.001682788 -0.02334458 -0.002760114 -0.0006187709 -0.02539786 -0.0004720545 0.000307479 -0.0241144 -0.002637733 7.376027e-05 -0.02567146 8.494681e-05 -0.0006105356 -0.02478187 -0.001773776 0.001981053 -0.02314271 -0.002671268 -0.0007228087 -0.02529747 -0.0006833118 0.0005821576 -0.02392941 -0.002749958 -0.000130709 -0.02562296 2.824732e-05 -0.0004853787 -0.02462747 -0.002015357 0.00226424 -0.02293893 -0.002538213 0.002242494 -0.02273421 -0.002559873 -0.0007889697 -0.02518512 -0.000916782 0.0008753747 -0.02373885 -0.002819897 -0.0003240033 -0.02556099 -7.008006e-05 -0.0003186865 -0.02446425 -0.002239017 0.0004911606 -0.02572721 8.327007e-05 -0.000813724 -0.02506134 -0.00116561 0.001179815 -0.0235436 -0.002844865 -0.0004988572 -0.02548584 -0.0002075449 -0.0001139021 -0.02429296 -0.002437804 0.0002896817 -0.02570627 0.0001262334 -0.0007947747 -0.02492672 -0.001422424 0.001487805 -0.02334458 -0.002823468 -0.0006485404 -0.02539786 -0.0003804333 0.0001243831 -0.0241144 -0.002605448 8.115821e-05 -0.02567146 0.0001269027 -0.0007311286 -0.02478187 -0.001679559 0.001791541 -0.02314271 -0.002755644 -0.0007670613 -0.02529747 -0.0005839188 0.0003905642 -0.02392941 -0.00273656 -0.0001267681 -0.02562296 8.460432e-05 -0.0006231285 -0.02462747 -0.001929281 0.00208332 -0.02293893 -0.002642668 0.00211295 -0.02273421 -0.002634665 0.001979839 -0.02273421 -0.002702907 -0.0008493472 -0.02518512 -0.000812205 0.0006781883 -0.02373885 -0.002826783 -0.0003264506 -0.02556099 1.218744e-19 -0.0004724441 -0.02446425 -0.002164025 0.0004974248 -0.02572721 9.611361e-05 -0.0008913986 -0.02506134 -0.0010587 0.000980145 -0.0235436 -0.002872927 -0.0005104676 -0.02548584 -0.0001249328 -0.0002820252 -0.02429296 -0.002376612 0.0002994337 -0.02570627 0.0001530268 -0.0008904099 -0.02492672 -0.00131621 0.001288877 -0.02334458 -0.002873066 -0.0006718463 -0.02539786 -0.0002869587 -5.601475e-05 -0.0241144 -0.00256047 9.146483e-05 -0.02567146 0.0001682402 -0.0008448557 -0.02478187 -0.001577158 0.001596605 -0.02314271 -0.002826595 -0.0008042728 -0.02529747 -0.0004816808 0.000200372 -0.02392941 -0.00270983 -0.0001189056 -0.02562296 0.0001405492 -0.0007545384 -0.02462747 -0.001833807 0.001895554 -0.02293893 -0.002734247 0.001843493 -0.02273421 -0.002764429 -0.0009022828 -0.02518512 -0.000703671 0.0004810019 -0.02373885 -0.002819897 -0.0003240033 -0.02556099 7.008006e-05 -0.000620596 -0.02446425 -0.002078489 0.0005045697 -0.02572721 0.0001084889 -0.0009614263 -0.02506134 -0.0009466319 0.0007790042 -0.0235436 -0.002886992 -0.0005162869 -0.02548584 -4.171199e-05 -0.0004454702 -0.02429296 -0.002303841 0.0003110309 -0.02570627 0.0001790746 -0.000978403 -0.02492672 -0.001203584 0.001086975 -0.02334458 -0.002908667 -0.0006885749 -0.02539786 -0.000192086 -0.0002328356 -0.0241144 -0.002503018 0.0001046299 -0.02567146 0.0002087582 -0.0009511626 -0.02478187 -0.001467074 0.001397194 -0.02314271 -0.002883775 -0.000834262 -0.02529747 -0.0003770962 1.250776e-05 -0.02392941 -0.002669899 -0.0001071597 -0.02562296 0.0001958092 -0.0008789682 -0.02462747 -0.001729398 0.001701857 -0.02293893 -0.002812506 0.001704249 -0.02273421 -0.002819078 0.001562454 -0.02273421 -0.002866719 -0.0009475185 -0.02518512 -0.0005917088 0.0002847761 -0.02373885 -0.002799273 -0.0003166735 -0.02556099 0.0001398187 -0.0007624203 -0.02446425 -0.001982828 0.0005125604 -0.02572721 0.0001203357 -0.001023466 -0.02506134 -0.0008299522 0.0005773723 -0.0235436 -0.002886992 -0.0005162869 -0.02548584 4.171199e-05 -0.0006034409 -0.02429296 -0.002219847 0.0003244169 -0.02570627 0.00020425 -0.001058325 -0.02492672 -0.001085094 0.0008830806 -0.02334458 -0.002930097 -0.0006986448 -0.02539786 -9.627754e-05 -0.0004052181 -0.0241144 -0.002433371 0.0001205893 -0.02567146 0.0002482591 -0.001049532 -0.02478187 -0.001349843 0.001194281 -0.02314271 -0.002926906 -0.0008568826 -0.02529747 -0.0002706744 -0.0001721134 -0.02392941 -0.002616959 -9.158769e-05 -0.02562296 0.0002501154 -0.0009958118 -0.02462747 -0.001616563 0.001503173 -0.02293893 -0.002877062 0.00141846 -0.02273421 -0.002907232 -0.0009848338 -0.02518512 -0.0004768639 9.046707e-05 -0.02373885 -0.002765011 -0.0003044968 -0.02556099 0.0002088762 -0.0008972261 -0.02446425 -0.001877506 0.0005213581 -0.02572721 0.0001315961 -0.001077215 -0.02506134 -0.0007092291 0.0003762315 -0.0235436 -0.002872927 -0.0005104676 -0.02548584 0.0001249328 -0.0007551675 -0.02429296 -0.002125037 0.0003395264 -0.02570627 0.0002284303 -0.001129788 -0.02492672 -0.0009613179 0.0006781883 -0.02334458 -0.002937252 -0.0007020069 -0.02539786 9.22792e-19 -0.0005723223 -0.0241144 -0.002351868 0.0001392653 -0.02567146 0.0002865504 -0.001139483 -0.02478187 -0.001226035 0.0009888529 -0.02314271 -0.002955777 -0.0008720246 -0.02529747 -0.0001629339 -0.000352592 -0.02392941 -0.00255127 -7.226538e-05 -0.02562296 0.000303203 -0.0011045 -0.02462747 -0.001495853 0.001300469 -0.02293893 -0.002927602 0.001272627 -0.02273421 -0.002940517 -0.001014047 -0.02518512 -0.0003596957 -0.0001009787 -0.02373885 -0.002717278 -0.0002875326 -0.02556099 0.000276916 -0.001024357 -0.02446425 -0.001763037 0.0005309198 -0.02572721 0.0001422155 -0.001122413 -0.02506134 -0.0005850507 0.0001765618 -0.0235436 -0.002844865 -0.0004988572 -0.02548584 0.0002075449 -0.0008999111 -0.02429296 -0.002019875 0.0003562859 -0.02570627 0.0002514977 -0.001192442 -0.02492672 -0.0008328581 0.0004732959 -0.02334458 -0.002930097 -0.0006986448 -0.02539786 9.627754e-05 -0.0007333342 -0.0241144 -0.002258908 0.0001605668 -0.02567146 0.0003234458 -0.001220579 -0.02478187 -0.001096254 0.0007819116 -0.02314271 -0.002970247 -0.0008796141 -0.02529747 -5.439965e-05 -0.0005280486 -0.02392941 -0.002473152 -4.928695e-05 -0.02562296 0.0003548134 -0.001204503 -0.02462747 -0.001367855 0.001094734 -0.02293893 -0.002963879 0.001125315 -0.02273421 -0.002966492 0.0009768918 -0.02273421 -0.002985092 -0.001035016 -0.02518512 -0.0002407752 -0.0002886284 -0.02373885 -0.002656307 -0.0002658634 -0.02556099 0.0003436067 -0.001143193 -0.02446425 -0.001639979 0.000541199 -0.02572721 0.000152142 -0.001158838 -0.02506134 -0.000458022 -2.066408e-05 -0.0235436 -0.002802943 -0.0004815124 -0.02548584 0.0002891458 -0.001036966 -0.02429296 -0.001904872 0.0003746136 -0.02570627 0.0002733398 -0.001245982 -0.02492672 -0.0007003407 0.0002694017 -0.02334458 -0.002908667 -0.0006885749 -0.02539786 0.000192086 -0.0008874692 -0.0241144 -0.002154943 0.0001843901 -0.02567146 0.0003587653 -0.001292425 -0.02478187 -0.0009611322 0.0005744649 -0.02314271 -0.002970247 -0.0008796141 -0.02529747 5.439965e-05 -0.0006976287 -0.02392941 -0.002382985 -2.276432e-05 -0.02562296 0.0004046952 -0.001295333 -0.02462747 -0.001233193 0.0008869698 -0.02293893 -0.002985715 0.0008277259 -0.02273421 -0.002996271 -0.001047638 -0.02518512 -0.0001206816 -0.0004715679 -0.02373885 -0.002582395 -0.000239595 -0.02556099 0.0004086234 -0.001253155 -0.02446425 -0.001508931 0.0005521456 -0.02572721 0.0001613273 -0.001186313 -0.02506134 -0.0003287618 -0.0002144852 -0.0235436 -0.002747366 -0.0004585176 -0.02548584 0.0003693381 -0.001165665 -0.02429296 -0.001780589 0.0003944204 -0.02570627 0.0002938503 -0.001290148 -0.02492672 -0.0005644114 6.749917e-05 -0.02334458 -0.002873066 -0.0006718463 -0.02539786 0.0002869587 -0.001033977 -0.0241144 -0.002040479 0.0002106192 -0.02567146 0.000392337 -0.00135467 -0.02478187 -0.0008213279 0.0003675236 -0.02314271 -0.002955777 -0.0008720246 -0.02529747 0.0001629339 -0.0008605059 -0.02392941 -0.002281208 7.173269e-06 -0.02562296 0.0004526053 -0.001376549 -0.02462747 -0.001092523 0.0006781883 -0.02293893 -0.002993006 0.0006781883 -0.02273421 -0.003 0.0005286506 -0.02273421 -0.002996271 -0.001051853 -0.02518512 1.665157e-18 -0.0006489059 -0.02373885 -0.002495901 -0.0002088552 -0.02556099 0.0004716494 -0.001353708 -0.02446425 -0.001370531 0.0005637062 -0.02572721 0.0001697266 -0.001204704 -0.02506134 -0.0001979 -0.0004039572 -0.0235436 -0.002678404 -0.0004299849 -0.02548584 0.000447731 -0.001285381 -0.02429296 -0.001647631 0.0004156095 -0.02570627 0.0003129291 -0.001324725 -0.02492672 -0.0004257323 -0.0001314282 -0.02334458 -0.002823468 -0.0006485404 -0.02539786 0.0003804333 -0.001172143 -0.0241144 -0.001916074 0.0002391262 -0.02567146 0.0004239973 -0.001407011 -0.02478187 -0.0006775222 0.0001620958 -0.02314271 -0.002926906 -0.0008568826 -0.02529747 0.0002706744 -0.001015887 -0.02392941 -0.002168317 4.037998e-05 -0.02562296 0.0004983104 -0.001447754 -0.02462747 -0.0009465306 0.0004694067 -0.02293893 -0.002985715 0.0003794847 -0.02273421 -0.002985092 -0.001047638 -0.02518512 0.0001206816 -0.0008197784 -0.02373885 -0.002397248 -0.0001737938 -0.02556099 0.0005323775 -0.001444362 -0.02446425 -0.001225455 0.0005758246 -0.02572721 0.000177299 -0.001213922 -0.02506134 -6.607395e-05 -0.0005881572 -0.0235436 -0.002596393 -0.0003960533 -0.02548584 0.0005239426 -0.001395531 -0.02429296 -0.001506645 0.000438078 -0.02570627 0.0003304834 -0.001349543 -0.02492672 -0.0002849791 -0.0003264112 -0.02334458 -0.002760114 -0.0006187709 -0.02539786 0.0004720545 -0.001301294 -0.0241144 -0.001782333 0.0002697723 -0.02567146 0.0004535919 -0.001449193 -0.02478187 -0.0005304157 -4.081761e-05 -0.02314271 -0.002883775 -0.000834262 -0.02529747 0.0003770962 -0.001163014 -0.02392941 -0.002044863 7.669403e-05 -0.02562296 0.0005415878 -0.001508602 -0.02462747 -0.0007959267 0.0002616423 -0.02293893 -0.002963879 0.0002310615 -0.02273421 -0.002966492 -0.001035016 -0.02518512 0.0002407752 -0.000983353 -0.02373885 -0.002286915 -0.0001345816 -0.02556099 0.0005905119 -0.001524675 -0.02446425 -0.001074408 0.0005884417 -0.02572721 0.0001840076 -0.001213922 -0.02506134 6.607395e-05 -0.0007661877 -0.0235436 -0.002501733 -0.0003568881 -0.02548584 0.0005976017 -0.001495578 -0.02429296 -0.00135832 0.0004617163 -0.02570627 0.0003464276 -0.001364483 -0.02492672 -0.0001428375 -0.0005164999 -0.02334458 -0.002683313 -0.0005826827 -0.02539786 0.0005613759 -0.001420801 -0.0241144 -0.00163991 0.0003024082 -0.02567146 0.0004809766 -0.001481011 -0.02478187 -0.000380725 -0.0002402281 -0.02314271 -0.002826595 -0.0008042728 -0.02529747 0.0004816808 -0.001301172 -0.02392941 -0.001911445 0.0001159385 -0.02562296 0.0005822267 -0.001558796 -0.02462747 -0.000641445 5.590725e-05 -0.02293893 -0.002927602 8.374982e-05 -0.02273421 -0.002940517 -6.208394e-05 -0.02273421 -0.002907232 -0.001014047 -0.02518512 0.0003596957 -0.001138833 -0.02373885 -0.002165441 -9.140975e-05 -0.02556099 0.0006457694 -0.001594256 -0.02446425 -0.0009181269 0.0006014961 -0.02572721 0.0001898198 -0.001204704 -0.02506134 0.0001979 -0.0009371813 -0.0235436 -0.002394884 -0.0003126802 -0.02548584 0.0006683492 -0.001585034 -0.02429296 -0.001203377 0.0004864091 -0.02570627 0.000360684 -0.001369471 -0.02492672 2.335141e-18 -0.0007007682 -0.02334458 -0.00259344 -0.0005404517 -0.02539786 0.0006479623 -0.001530082 -0.0241144 -0.001489497 0.0003368748 -0.02567146 0.000506018 -0.001502309 -0.02478187 -0.0002291795 -0.0004351642 -0.02314271 -0.002755644 -0.0007670613 -0.02529747 0.0005839188 -0.001429686 -0.02392941 -0.001768716 0.0001579222 -0.02562296 0.000620029 -0.001598092 -0.02462747 -0.0004838383 -0.0001467961 -0.02293893 -0.002877062 -0.0002060773 -0.02273421 -0.002866719 -0.0009848338 -0.02518512 0.0004768639 -0.00128546 -0.02373885 -0.002033417 -4.448845e-05 -0.02556099 0.0006978808 -0.001652765 -0.02446425 -0.0007573727 0.0006149241 -0.02572721 0.0001947072 -0.001186313 -0.02506134 0.0003287618 -0.001100305 -0.0235436 -0.002276367 -0.0002636448 -0.02548584 0.0007358406 -0.001663465 -0.02429296 -0.001042571 0.0005120363 -0.02570627 0.0003731833 -0.001364483 -0.02492672 0.0001428375 -0.0008783183 -0.02334458 -0.002490931 -0.0004922836 -0.02539786 0.000731392 -0.001628605 -0.0241144 -0.001331828 0.0003730042 -0.02567146 0.0005285943 -0.001512984 -0.02478187 -7.651743e-05 -0.0006246762 -0.02314271 -0.002671268 -0.0007228087 -0.02529747 0.0006833118 -0.00154793 -0.02392941 -0.00161737 0.0002024406 -0.02562296 0.0006548105 -0.001626298 -0.02462747 -0.0003238744 -0.0003454802 -0.02293893 -0.002812506 -0.0003478722 -0.02273421 -0.002819078 -0.0004871161 -0.02273421 -0.002764429 -0.0009475185 -0.02518512 0.0005917088 -0.001422521 -0.02373885 -0.001891487 5.953656e-06 -0.02556099 0.0007465922 -0.001699919 -0.02446425 -0.0005929287 0.0006286603 -0.02572721 0.000198646 -0.001158838 -0.02506134 0.000458022 -0.001254764 -0.0235436 -0.002146761 -0.0002100209 -0.02548584 0.0007997471 -0.001730487 -0.02429296 -0.0008766859 0.000538473 -0.02570627 0.0003838644 -0.001349543 -0.02492672 0.0002849791 -0.001048285 -0.02334458 -0.002376287 -0.0004384131 -0.02539786 0.0008112583 -0.00171589 -0.0241144 -0.00116767 0.0004106205 -0.02567146 0.0005485951 -0.001512984 -0.02478187 7.651743e-05 -0.0008078406 -0.02314271 -0.002573878 -0.0006717305 -0.02529747 0.0007793759 -0.00165533 -0.02392941 -0.001458144 0.0002492767 -0.02562296 0.0006864019 -0.001643277 -0.02462747 -0.0001623327 -0.0005391771 -0.02293893 -0.002734247 -0.000623463 -0.02273421 -0.002702907 -0.0009022828 -0.02518512 0.000703671 -0.001549347 -0.02373885 -0.001740341 5.967082e-05 -0.02556099 0.0007916662 -0.001735487 -0.02446425 -0.000425596 0.0006426377 -0.02572721 0.000201617 -0.001122413 -0.02506134 0.0005850507 -0.001399806 -0.0235436 -0.002006696 -0.0001520697 -0.02548584 0.0008597573 -0.001785774 -0.02429296 -0.0007065297 0.0005655904 -0.02570627 0.0003926753 -0.001324725 -0.02492672 0.0004257323 -0.001209841 -0.02334458 -0.002250066 -0.0003791026 -0.02539786 0.0008871723 -0.00179151 -0.0241144 -0.000997823 0.0004495403 -0.02567146 0.0005659234 -0.001502309 -0.02478187 0.0002291795 -0.0009837654 -0.02314271 -0.002463948 -0.0006140756 -0.02529747 0.0008716429 -0.00175136 -0.02392941 -0.001291814 0.0002982025 -0.02562296 0.0007146492 -0.001648946 -0.02462747 2.920262e-18 -0.0007269431 -0.02293893 -0.002642668 -0.0007565737 -0.02273421 -0.002634665 -0.0008861173 -0.02273421 -0.002559873 -0.0008493472 -0.02518512 0.000812205 -0.001665321 -0.02373885 -0.001580717 0.0001164013 -0.02556099 0.0008328834 -0.001759295 -0.02446425 -0.0002561898 0.0006567884 -0.02572721 0.0002036057 -0.001077215 -0.02506134 0.0007092291 -0.001534724 -0.0235436 -0.001856854 -9.00736e-05 -0.02548584 0.0009155788 -0.001829057 -0.02429296 -0.0005329313 0.0005932564 -0.02570627 0.0003995732 -0.001290148 -0.02492672 0.0005644114 -0.001362199 -0.02334458 -0.002112882 -0.000314641 -0.02539786 0.0009587641 -0.001855099 -0.0241144 -0.0008231149 0.0004895742 -0.02567146 0.0005804945 -0.001481011 -0.02478187 0.000380725 -0.001151593 -0.02314271 -0.002342014 -0.0005501249 -0.02529747 0.0009596635 -0.001835554 -0.02392941 -0.00111919 0.0003489796 -0.02562296 0.0007394149 -0.001643277 -0.02462747 0.0001623327 -0.0009078634 -0.02293893 -0.002538213 -0.001011772 -0.02273421 -0.002478716 -0.0007889697 -0.02518512 0.000916782 -0.001769877 -0.02373885 -0.001413391 0.0001758688 -0.02556099 0.0008700427 -0.001771228 -0.02446425 -8.553551e-05 0.0006710434 -0.02572721 0.0002046025 -0.001023466 -0.02506134 0.0008299522 -0.001658861 -0.0235436 -0.001697966 -2.433461e-05 -0.02548584 0.0009669397 -0.001860124 -0.02429296 -0.0003567366 0.000621336 -0.02570627 0.0004045244 -0.001245982 -0.02492672 0.0007003407 -0.001504616 -0.02334458 -0.001965405 -0.0002453425 -0.02539786 0.001025685 -0.001906345 -0.0241144 -0.0006443966 0.0005305269 -0.02567146 0.0005922375 -0.001449193 -0.02478187 0.0005304157 -0.001310507 -0.02314271 -0.002208669 -0.0004801901 -0.02529747 0.001043009 -0.001907502 -0.02392941 -0.0009411142 0.0004013605 -0.02562296 0.0007605781 -0.001626298 -0.02462747 0.0003238744 -0.001081057 -0.02293893 -0.002421393 -0.001133225 -0.02273421 -0.002391397 -0.0007214443 -0.02518512 0.001016893 -0.001862507 -0.02373885 -0.00123918 0.0002377836 -0.02556099 0.0009029634 -0.001771228 -0.02446425 8.553551e-05 -0.0009614263 -0.02506134 0.0009466319 -0.001771612 -0.0235436 -0.001530805 4.482701e-05 -0.02548584 0.00101359 -0.001878826 -0.02429296 -0.0001788039 0.0006496927 -0.02570627 0.0004075049 -0.001192442 -0.02492672 0.0008328581 -0.001636398 -0.02334458 -0.001808353 -0.0001715447 -0.02539786 0.001087609 -0.001945001 -0.0241144 -0.000462539 0.0005721989 -0.02567146 0.0006010952 -0.001407011 -0.02478187 0.0006775222 -0.001459731 -0.02314271 -0.002064565 -0.0004046118 -0.02529747 0.001121272 -0.001966852 -0.02392941 -0.0007584531 0.00045509 -0.02562296 0.0007780359 -0.001598092 -0.02462747 0.0004838383 -0.001245679 -0.02293893 -0.002292776 -0.001250175 -0.02273421 -0.002298133 -0.00136233 -0.02273421 -0.002199156 -0.0006471 -0.02518512 0.001112049 -0.001942759 -0.02373885 -0.001058931 0.0003018439 -0.02556099 0.0009314849 -0.001759295 -0.02446425 0.0002561898 -0.0008913986 -0.02506134 0.0010587 -0.001872428 -0.0235436 -0.001356187 0.0001170743 -0.02548584 0.001055302 -0.00188507 -0.02429296 3.409622e-18 -0.001129788 -0.02492672 0.0009613179 -0.001756904 -0.02334458 -0.001642491 -9.360706e-05 -0.02539786 0.001144234 -0.001970876 -0.0241144 -0.0002784278 0.0006143874 -0.02567146 0.0006070244 -0.00135467 -0.02478187 0.0008213279 -0.00159854 -0.02314271 -0.001910402 -0.0003237581 -0.02529747 0.001194073 -0.002013316 -0.02392941 -0.0005720969 0.0005099065 -0.02562296 0.0007917032 -0.001558796 -0.02462747 0.000641445 -0.001400929 -0.02293893 -0.002152989 -0.001469412 -0.02273421 -0.00209471 -0.0005662991 -0.02518512 0.001201787 -0.002010242 -0.02373885 -0.0008735239 0.0003677378 -0.02556099 0.0009554683 -0.001735487 -0.02446425 0.000425596 -0.000813724 -0.02506134 0.00116561 -0.001960818 -0.0235436 -0.001174961 0.0001920553 -0.02548584 0.001091873 -0.001878826 -0.02429296 0.0001788039 -0.001058325 -0.02492672 0.001085094 -0.001865547 -0.02334458 -0.001468626 -1.190931e-05 -0.02539786 0.001195284 -0.001983845 -0.0241144 -9.296024e-05 0.0006568867 -0.02567146 0.0006099962 -0.001292425 -0.02478187 0.0009611322 -0.001726257 -0.02314271 -0.001746932 -0.0002380231 -0.02529747 0.001261057 -0.002046667 -0.02392941 -0.0003829534 0.0005655429 -0.02562296 0.0008015134 -0.001508602 -0.02462747 0.0007959267 -0.001546049 -0.02293893 -0.002002712 -0.001571155 -0.02273421 -0.001985057 -0.0004794351 -0.02518512 0.001285671 -0.002064627 -0.02373885 -0.0006838607 0.0004351441 -0.02556099 0.0009747968 -0.001699919 -0.02446425 0.0005929287 -0.000728781 -0.02506134 0.001266841 -0.00203635 -0.0235436 -0.0009880113 0.0002694046 -0.02548584 0.001123124 -0.001860124 -0.02429296 0.0003567366 -0.000978403 -0.02492672 0.001203584 -0.001961797 -0.02334458 -0.001287607 7.315054e-05 -0.02539786 0.001240511 -0.001983845 -0.0241144 9.296024e-05 -0.001220579 -0.02478187 0.001096254 -0.00184226 -0.02314271 -0.001574951 -0.0001478244 -0.02529747 0.001321897 -0.002066743 -0.02392941 -0.0001919443 0.0006217281 -0.02562296 0.0008074187 -0.001447754 -0.02462747 0.0009465306 -0.001680333 -0.02293893 -0.001842679 -0.001667306 -0.02273421 -0.001870469 -0.001757626 -0.02273421 -0.001751231 -0.0003869313 -0.02518512 0.001363291 -0.002105649 -0.02373885 -0.0004908657 0.0005037345 -0.02556099 0.0009893761 -0.001652765 -0.02446425 0.0007573727 -0.0006369833 -0.02506134 0.0013619 -0.002098658 -0.0235436 -0.0007962479 0.0003487456 -0.02548584 0.001148903 -0.001829057 -0.02429296 0.0005329313 -0.0008904099 -0.02492672 0.00131621 -0.002045185 -0.02334458 -0.001100314 0.0001611581 -0.02539786 0.001279695 -0.001970876 -0.0241144 0.0002784278 -0.001139483 -0.02478187 0.001226035 -0.001945983 -0.02314271 -0.001395297 -5.360142e-05 -0.02529747 0.001376296 -0.002073446 -0.02392941 3.794105e-18 -0.001376549 -0.02462747 0.001092523 -0.001803126 -0.02293893 -0.001673668 -0.00184189 -0.02273421 -0.001627639 -0.0002892384 -0.02518512 0.001434269 -0.002133109 -0.02373885 -0.0002954793 0.0005731749 -0.02556099 0.0009991353 -0.001594256 -0.02446425 0.0009181269 -0.0005387783 -0.02506134 0.001450324 -0.002147437 -0.0235436 -0.0006006053 0.0004296915 -0.02548584 0.001169085 -0.001785774 -0.02429296 0.0007065297 -0.0007947747 -0.02492672 0.001422424 -0.002115305 -0.02334458 -0.0009076608 0.0002516845 -0.02539786 0.001312644 -0.001945001 -0.0241144 0.000462539 -0.001049532 -0.02478187 0.001349843 -0.002036922 -0.02314271 -0.001208845 4.418676e-05 -0.02529747 0.001423991 -0.002066743 -0.02392941 0.0001919443 -0.001295333 -0.02462747 0.001233193 -0.001913831 -0.02293893 -0.001496503 -0.001919888 -0.02273421 -0.0015 -0.001991427 -0.02273421 -0.001368632 -0.0001868322 -0.02518512 0.001498259 -0.002146873 -0.02373885 -9.865329e-05 0.0006431268 -0.02556099 0.001004027 -0.001524675 -0.02446425 0.001074408 -0.0004346443 -0.02506134 0.001531683 -0.002182451 -0.0235436 -0.0004020365 0.0005118481 -0.02548584 0.001183572 -0.001730487 -0.02429296 0.0008766859 -0.0006919634 -0.02492672 0.001521708 -0.002171815 -0.02334458 -0.0007105857 0.0003442888 -0.02539786 0.001339197 -0.001906345 -0.0241144 0.0006443966 -0.0009511626 -0.02478187 0.001467074 -0.002114633 -0.02314271 -0.001016504 0.0001450637 -0.02529747 0.001464748 -0.002046667 -0.02392941 0.0003829534 -0.001204503 -0.02462747 0.001367855 -0.002011908 -0.02293893 -0.001312048 -0.002056329 -0.02273421 -0.001233861 -8.02118e-05 -0.02518512 0.00155495 -0.002146873 -0.02373885 9.865329e-05 -0.001444362 -0.02446425 0.001225455 -0.0003250887 -0.02506134 0.001605579 -0.002203527 -0.0235436 -0.0002015091 0.0005948151 -0.02548584 0.001192292 -0.001663465 -0.02429296 0.001042571 -0.0005824768 -0.02492672 0.001613578 -0.002214441 -0.02334458 -0.0005100485 0.0004385199 -0.02539786 0.001359227 -0.001855099 -0.0241144 0.0008231149 -0.0008448557 -0.02478187 0.001577158 -0.002178737 -0.02314271 -0.0008192102 0.000248538 -0.02529747 0.001498369 -0.002013316 -0.02392941 0.0005720969 -0.0011045 -0.02462747 0.001495853 -0.002096879 -0.02293893 -0.0011212 -0.002114433 -0.02273421 -0.001096023 3.01035e-05 -0.02518512 0.001604066 -0.002133109 -0.02373885 0.0002954793 -0.001353708 -0.02446425 0.001370531 -0.0002106453 -0.02506134 0.001671653 -0.002210564 -0.0235436 4.066548e-18 -0.001585034 -0.02429296 0.001203377 -0.0004668484 -0.02492672 0.001697587 -0.002242973 -0.02334458 -0.0003070265 0.0005339186 -0.02539786 0.001372634 -0.00179151 -0.0241144 0.000997823 -0.0007311286 -0.02478187 0.001679559 -0.002228923 -0.02314271 -0.0006179256 0.0003541055 -0.02529747 0.001524689 -0.001966852 -0.02392941 0.0007584531 -0.0009958118 -0.02462747 0.001616563 -0.00216833 -0.02293893 -0.0009248898 -0.002165594 -0.02273421 -0.00095546 -0.002209684 -0.02273421 -0.0008125214 0.0001435762 -0.02518512 0.001645367 -0.002105649 -0.02373885 0.0004908657 -0.001253155 -0.02446425 0.001508931 -9.187153e-05 -0.02506134 0.001729583 -0.002203527 -0.0235436 0.0002015091 -0.001495578 -0.02429296 0.00135832 -0.0003456415 -0.02492672 0.001773325 -0.002257275 -0.02334458 -0.0001025086 0.0006300201 -0.02539786 0.001379354 -0.00171589 -0.0241144 0.00116767 -0.0006105356 -0.02478187 0.001773776 -0.002264946 -0.02314271 -0.0004136305 0.0004612519 -0.02529747 0.001543582 -0.001907502 -0.02392941 0.0009411142 -0.0008789682 -0.02462747 0.001729398 -0.002225913 -0.02293893 -0.0007240738 -0.002246595 -0.02273421 -0.0006675628 0.0002596534 -0.02518512 0.001678651 -0.002064627 -0.02373885 0.0006838607 -0.001143193 -0.02446425 0.001639979 3.065388e-05 -0.02506134 0.001779086 -0.002182451 -0.0235436 0.0004020365 -0.001395531 -0.02429296 0.001506645 -0.0002194466 -0.02492672 0.001840424 -0.002257275 -0.02334458 0.0001025086 -0.001628605 -0.0241144 0.001331828 -0.0004836639 -0.02478187 0.001859352 -0.00228663 -0.02314271 -0.0002073203 0.0005694552 -0.02529747 0.001554955 -0.001835554 -0.02392941 0.00111919 -0.0007545384 -0.02462747 0.001833807 -0.002269348 -0.02293893 -0.0005197301 -0.002276235 -0.02273421 -0.0005209445 -0.002298529 -0.02273421 -0.0003730311 0.0003777698 -0.02518512 0.001703758 -0.002010242 -0.02373885 0.0008735239 -0.001024357 -0.02446425 0.001763037 0.000156334 -0.02506134 0.001819922 -0.002147437 -0.0235436 0.0006006053 -0.001285381 -0.02429296 0.001647631 -8.887848e-05 -0.02492672 0.001898557 -0.002242973 -0.02334458 0.0003070265 -0.001530082 -0.0241144 0.001489497 -0.0003511319 -0.02478187 0.00193587 -0.002293869 -0.02314271 4.221875e-18 -0.00175136 -0.02392941 0.001291814 -0.0006231285 -0.02462747 0.001929281 -0.002298422 -0.02293893 -0.0003128543 -0.002313423 -0.02273421 -0.0002241903 0.0004973497 -0.02518512 0.001720564 -0.001942759 -0.02373885 0.001058931 -0.0008972261 -0.02446425 0.001877506 0.0002845566 -0.02506134 0.001851892 -0.002098658 -0.0235436 0.0007962479 -0.001165665 -0.02429296 0.001780589 4.542669e-05 -0.02492672 0.00194744 -0.002214441 -0.02334458 0.0005100485 -0.001420801 -0.0241144 0.00163991 -0.000213585 -0.02478187 0.002002956 -0.00228663 -0.02314271 0.0002073203 -0.00165533 -0.02392941 0.001458144 -0.0004853787 -0.02462747 0.002015357 -0.002312995 -0.02293893 -0.0001044544 -0.002320879 -0.02273421 -7.479207e-05 0.0006178107 -0.02518512 0.001728987 -0.001862507 -0.02373885 0.00123918 -0.0007624203 -0.02446425 0.001982828 0.0004146968 -0.02506134 0.001874839 -0.00203635 -0.0235436 0.0009880113 -0.001036966 -0.02429296 0.001904872 0.0001828146 -0.02492672 0.001986835 -0.002171815 -0.02334458 0.0007105857 -0.001301294 -0.0241144 0.001782333 -7.169361e-05 -0.02478187 0.002060283 -0.002264946 -0.02314271 0.0004136305 -0.00154793 -0.02392941 0.00161737 -0.0003419601 -0.02462747 0.002091614 -0.002312995 -0.02293893 0.0001044544 -0.002320879 -0.02273421 7.479207e-05 -0.002313423 -0.02273421 0.0002241903 -0.001769877 -0.02373885 0.001413391 -0.000620596 -0.02446425 0.002078489 0.0005461208 -0.02506134 0.001888652 -0.001960818 -0.0235436 0.001174961 -0.0008999111 -0.02429296 0.002019875 0.0003226159 -0.02492672 0.002016551 -0.002115305 -0.02334458 0.0009076608 -0.001172143 -0.0241144 0.001916074 7.385117e-05 -0.02478187 0.002107574 -0.002228923 -0.02314271 0.0006179256 -0.001429686 -0.02392941 0.001768716 -0.0001935714 -0.02462747 0.002157681 -0.002298422 -0.02293893 0.0003128543 -0.002298529 -0.02273421 0.0003730311 -0.001665321 -0.02373885 0.001580717 -0.0004724441 -0.02446425 0.002164025 -0.001872428 -0.0235436 0.001356187 -0.0007551675 -0.02429296 0.002125037 0.0004641496 -0.02492672 0.002036442 -0.002045185 -0.02334458 0.001100314 -0.001033977 -0.0241144 0.002040479 0.0002223402 -0.02478187 0.002144596 -0.002178737 -0.02314271 0.0008192102 -0.001301172 -0.02392941 0.001911445 -4.093567e-05 -0.02462747 0.002213236 -0.002269348 -0.02293893 0.0005197301 -0.002276235 -0.02273421 0.0005209445 -0.002246595 -0.02273421 0.0006675628 -0.001549347 -0.02373885 0.001740341 -0.0003186865 -0.02446425 0.002239017 -0.001771612 -0.0235436 0.001530805 -0.0006034409 -0.02429296 0.002219847 0.000606726 -0.02492672 0.002046412 -0.001961797 -0.02334458 0.001287607 -0.0008874692 -0.0241144 0.002154943 0.0003730501 -0.02478187 0.00217117 -0.002114633 -0.02314271 0.001016504 -0.001163014 -0.02392941 0.002044863 0.0001152036 -0.02462747 0.002258008 -0.002225913 -0.02293893 0.0007240738 -0.002209684 -0.02273421 0.0008125214 -0.001422521 -0.02373885 0.001891487 -0.0001600722 -0.02446425 0.002303102 -0.001658861 -0.0235436 0.001697966 -0.0004454702 -0.02429296 0.002303841 -0.001865547 -0.02334458 0.001468626 -0.0007333342 -0.0241144 0.002258908 0.0005252466 -0.02478187 0.002187167 -0.002036922 -0.02314271 0.001208845 -0.001015887 -0.02392941 0.002168317 0.0002740857 -0.02462747 0.00229178 -0.00216833 -0.02293893 0.0009248898 -0.002165594 -0.02273421 0.00095546 -0.002114433 -0.02273421 0.001096023 -0.00128546 -0.02373885 0.002033417 2.625986e-06 -0.02446425 0.002355966 -0.001534724 -0.0235436 0.001856854 -0.0002820252 -0.02429296 0.002376612 -0.001756904 -0.02334458 0.001642491 -0.0005723223 -0.0241144 0.002351868 -0.001945983 -0.02314271 0.001395297 -0.0008605059 -0.02392941 0.002281208 0.0004349365 -0.02462747 0.002314386 -0.002096879 -0.02293893 0.0011212 -0.002056329 -0.02273421 0.001233861 -0.001138833 -0.02373885 0.002165441 0.0001686155 -0.02446425 0.002397352 -0.001399806 -0.0235436 0.002006696 -0.0001139021 -0.02429296 0.002437804 -0.001636398 -0.02334458 0.001808353 -0.0004052181 -0.0241144 0.002433371 -0.00184226 -0.02314271 0.001574951 -0.0006976287 -0.02392941 0.002382985 0.0005969725 -0.02462747 0.002325716 -0.002011908 -0.02293893 0.001312048 -0.001991427 -0.02273421 0.001368632 -0.000983353 -0.02373885 0.002286915 0.0003370875 -0.02446425 0.002427058 -0.001254764 -0.0235436 0.002146761 5.807997e-05 -0.02429296 0.002487118 -0.001504616 -0.02334458 0.001965405 -0.0002328356 -0.0241144 0.002503018 -0.001726257 -0.02314271 0.001746932 -0.0005280486 -0.02392941 0.002473152 -0.001913831 -0.02293893 0.001496503 -0.001919888 -0.02273421 0.0015 -0.00184189 -0.02273421 0.001627639 -0.0008197784 -0.02373885 0.002397248 0.0005072215 -0.02446425 0.002444939 -0.001100305 -0.0235436 0.002276367 0.0002330831 -0.02429296 0.002524317 -0.001362199 -0.02334458 0.002112882 -5.601475e-05 -0.0241144 0.00256047 -0.00159854 -0.02314271 0.001910402 -0.000352592 -0.02392941 0.00255127 -0.001803126 -0.02293893 0.001673668 -0.001757626 -0.02273421 0.001751231 -0.0006489059 -0.02373885 0.002495901 -0.0009371813 -0.0235436 0.002394884 0.0004102548 -0.02429296 0.002549217 -0.001209841 -0.02334458 0.002250066 0.0001243831 -0.0241144 0.002605448 -0.001459731 -0.02314271 0.002064565 -0.0001721134 -0.02392941 0.002616959 -0.001680333 -0.02293893 0.001842679 -0.001667306 -0.02273421 0.001870469 -0.0004715679 -0.02373885 0.002582395 -0.0007661877 -0.0235436 0.002501733 0.0005887318 -0.02429296 0.002561697 -0.001048285 -0.02334458 0.002376287 0.000307479 -0.0241144 0.002637733 -0.001310507 -0.02314271 0.002208669 1.250776e-05 -0.02392941 0.002669899 -0.001546049 -0.02293893 0.002002712 -0.001571155 -0.02273421 0.001985057 -0.001469412 -0.02273421 0.00209471 -0.0002886284 -0.02373885 0.002656307 -0.0005881572 -0.0235436 0.002596393 -0.0008783183 -0.02334458 0.002490931 0.000492381 -0.0241144 0.002657167 -0.001151593 -0.02314271 0.002342014 0.000200372 -0.02392941 0.00270983 -0.001400929 -0.02293893 0.002152989 -0.00136233 -0.02273421 0.002199156 -0.0001009787 -0.02373885 0.002717278 -0.0004039572 -0.0235436 0.002678404 -0.0007007682 -0.02334458 0.00259344 -0.0009837654 -0.02314271 0.002463948 0.0003905642 -0.02392941 0.00273656 -0.001245679 -0.02293893 0.002292776 -0.001250175 -0.02273421 0.002298133 -0.001133225 -0.02273421 0.002391397 9.046707e-05 -0.02373885 0.002765011 -0.0002144852 -0.0235436 0.002747366 -0.0005164999 -0.02334458 0.002683313 -0.0008078406 -0.02314271 0.002573878 0.0005821576 -0.02392941 0.002749958 -0.001081057 -0.02293893 0.002421393 -0.001011772 -0.02273421 0.002478716 0.0002847761 -0.02373885 0.002799273 -2.066408e-05 -0.0235436 0.002802943 -0.0003264112 -0.02334458 0.002760114 -0.0006246762 -0.02314271 0.002671268 -0.0009078634 -0.02293893 0.002538213 -0.0008861173 -0.02273421 0.002559873 0.0004810019 -0.02373885 0.002819897 0.0001765618 -0.0235436 0.002844865 -0.0001314282 -0.02334458 0.002823468 -0.0004351642 -0.02314271 0.002755644 -0.0007269431 -0.02293893 0.002642668 -0.0007565737 -0.02273421 0.002634665 -0.000623463 -0.02273421 0.002702907 0.0003762315 -0.0235436 0.002872927 6.749917e-05 -0.02334458 0.002873066 -0.0002402281 -0.02314271 0.002826595 -0.0005391771 -0.02293893 0.002734247 -0.0004871161 -0.02273421 0.002764429 0.0005773723 -0.0235436 0.002886992 0.0002694017 -0.02334458 0.002908667 -4.081761e-05 -0.02314271 0.002883775 -0.0003454802 -0.02293893 0.002812506 -0.0003478722 -0.02273421 0.002819078 -0.0002060773 -0.02273421 0.002866719 0.0004732959 -0.02334458 0.002930097 0.0001620958 -0.02314271 0.002926906 -0.0001467961 -0.02293893 0.002877062 -6.208394e-05 -0.02273421 0.002907232 0.0003675236 -0.02314271 0.002955777 5.590725e-05 -0.02293893 0.002927602 8.374982e-05 -0.02273421 0.002940517 0.0005744649 -0.02314271 0.002970247 0.0002616423 -0.02293893 0.002963879 0.0002310615 -0.02273421 0.002966492 0.0003794847 -0.02273421 0.002985092 0.0004694067 -0.02293893 0.002985715 0.01317819 -0.01973421 0.0175 -0.01182181 -0.02273421 0.0175 0.01317819 -0.02273421 0.0175 -0.01182181 -0.01973421 0.0175 -0.01182181 -0.02273421 -0.0175 -0.01182181 -0.01973421 -0.0175 0.01317819 -0.02273421 -0.0175 0.01317819 -0.01973421 -0.0175</float_array>
          <technique_common>
            <accessor count="2135" source="#cubeverts-array0-array" stride="3">
              <param type="float" name="X"/>
              <param type="float" name="Y"/>
              <param type="float" name="Z"/>
            </accessor>
          </technique_common>
        </source>
        <source id="cubenormals-array0">
          <float_array count="12798" id="cubenormals-array0-array">0.02492391 -0.02453407 0.9993883 -0.0249239 -0.02453407 0.9993883 -0.1184774 -0.9902655 0.07305684 0.0928245 -0.9953828 0.02442775 0.004074946 -0.9982923 0.05827464 0.004753512 -0.9994165 0.0338229 -0.01735969 -0.9923301 0.1223908 0.007129172 -0.9947637 0.101953 0.1065129 -0.9901367 0.09101757 0.007101271 -0.9994165 0.03340893 0.01070244 -0.9947445 0.1018267 0.01422384 -0.9947637 0.1012073 0.03921384 -0.9845541 0.1706329 -0.02052976 -0.9754954 0.2190597 0.0376199 -0.9845807 0.1708376 0.009414488 -0.9994165 0.03283218 0.02124896 -0.9947636 0.09996863 0.01777939 -0.9947446 0.1008321 0.01187408 -0.9854057 0.169808 0.01774003 -0.9854932 0.1687852 0.01168178 -0.9994165 0.03209549 0.02476983 -0.9947445 0.09934623 0.02817071 -0.9947637 0.09824282 0.0294706 -0.9854932 0.1671366 0.02369028 -0.9854057 0.168566 -0.006422699 -0.9637569 0.2667045 0.04717204 -0.9719575 0.2303764 0.01648654 -0.971669 0.2357703 0.01389224 -0.9994165 0.03120241 0.0316395 -0.9947445 0.09737638 0.03495506 -0.9947637 0.09603849 0.03539144 -0.9854057 0.1665028 0.0410578 -0.9854932 0.1646737 0.02480661 -0.9714321 0.2360177 0.03289288 -0.971669 0.234046 0.01093328 -0.9329366 0.3598746 0.001162892 -0.9495285 0.3136786 0.03961828 -0.951755 0.3042905 0.01603494 -0.9994165 0.03015734 0.038355 -0.9947445 0.09493215 0.0415693 -0.9947637 0.09336606 0.05244484 -0.9854932 0.1614085 0.04691954 -0.9854056 0.1636285 0.04120989 -0.971432 0.2337124 0.04913938 -0.971669 0.2311813 0.02116246 -0.9528719 0.3026338 0.03154855 -0.953366 0.3001632 0.01809954 -0.9994165 0.02896534 0.04488383 -0.9947445 0.09202532 0.04798087 -0.9947636 0.09023891 0.0635762 -0.9854932 0.157357 0.0582196 -0.9854057 0.1599569 0.06514555 -0.971669 0.2271905 0.05741232 -0.9714321 0.2302685 0.05240994 -0.953366 0.2972312 0.04222125 -0.9528719 0.3004204 0.02007596 -0.9994165 0.02763224 0.0303052 -0.9309694 0.3638373 0.004310539 -0.9141995 0.4052415 0.02552001 -0.9306778 0.3649489 0.05119379 -0.9947446 0.08867026 0.0541587 -0.9947637 0.08667213 0.07439824 -0.9854931 0.1525387 0.06923592 -0.9854056 0.155506 0.07333524 -0.9714321 0.2257027 0.08083516 -0.9716689 0.2220926 0.07301589 -0.9533661 0.2928513 0.06307475 -0.952872 0.2967433 0.02195463 -0.9994165 0.02616445 0.05091504 -0.9306777 0.3622798 0.03847461 -0.9297966 0.3660574 0.06007268 -0.9947637 0.0826832 0.05725437 -0.9947445 0.08488319 -0.006637893 -0.8932047 0.4496014 0.03853285 -0.9014294 0.4312079 0.08485741 -0.9854932 0.1469774 0.07991444 -0.9854057 0.1502977 0.08890067 -0.9714321 0.2200373 0.0961308 -0.971669 0.2159127 0.09326638 -0.953366 0.2870446 0.083621 -0.952872 0.2916206 0.02372628 -0.9994165 0.02456926 0.07606245 -0.9306778 0.3578455 0.06391487 -0.9297965 0.362482 0.06569423 -0.9947637 0.07829118 0.06303611 -0.9947445 0.08068251 0.04475008 -0.9037271 0.4257639 0.03007066 -0.9023132 0.430031 0.09490331 -0.9854931 0.1407001 0.09020437 -0.9854057 0.1443568 0.1040334 -0.9714321 0.2132997 0.1109575 -0.971669 0.2086814 0.1037595 -0.9528719 0.2850772 0.1130623 -0.953366 0.2798395 0.02538233 -0.9994165 0.02285437 0.08904524 -0.9297966 0.3571403 0.1008393 -0.9306778 0.351668 0.06851067 -0.9947447 0.07608882 0.07099547 -0.9947637 0.07351792 0.07433985 -0.9037269 0.4216054 0.0599951 -0.9023133 0.4268856 0.1000543 -0.9854057 0.137713 0.104487 -0.9854931 0.1337371 0.01491186 -0.8447587 0.5349395 0.02211002 -0.8698785 0.4927702 0.03406626 -0.8726417 0.4871714 0.02932959 -0.8720798 0.4884839 0.1252445 -0.971669 0.2004327 0.1186589 -0.9714321 0.2055233 0.1233928 -0.9528719 0.2771449 0.1323078 -0.953366 0.2712708 0.02691475 -0.9994165 0.0210281 0.1137413 -0.9297966 0.3500589 0.1251245 -0.9306777 0.3437773 0.07595076 -0.9947637 0.06838646 0.07365143 -0.9947446 0.07112443 0.08962679 -0.9023131 0.4216611 0.1035692 -0.903727 0.4153926 0.1094168 -0.9854056 0.1303982 0.1135614 -0.9854932 0.1261228 0.0514378 -0.8705408 0.4894004 0.06796691 -0.8726418 0.483608 0.1327064 -0.9714321 0.1967454 0.1389206 -0.9716689 0.1912079 0.0354308 -0.8351014 0.5489538 -0.004895882 -0.8175714 0.5758064 0.142425 -0.9528719 0.2678622 0.1509083 -0.953366 0.2613808 0.02831597 -0.9994165 0.01909948 0.1378826 -0.9297966 0.3412722 0.1488005 -0.9306778 0.3342115 0.08053622 -0.9947637 0.06292182 0.07843344 -0.9947445 0.06581346 0.1188221 -0.9023132 0.4143817 0.1322933 -0.903727 0.4071561 0.1220827 -0.9854932 0.1178939 0.1182465 -0.9854057 0.1224478 0.1015359 -0.8726419 0.4776888 0.08545142 -0.8705409 0.4846199 0.1519201 -0.9716689 0.1810518 0.1461075 -0.9714321 0.1870089 0.03842318 -0.8346246 0.5494775 0.05710698 -0.8375685 0.5433397 0.1687736 -0.953366 0.2502172 0.1607629 -0.952872 0.2572748 0.02957937 -0.9994165 0.01707763 0.1717516 -0.9306778 0.3230175 0.1613529 -0.9297966 0.3308225 0.08283318 -0.9947446 0.06018203 0.08472902 -0.9947637 0.05715083 0.1603722 -0.903727 0.396936 0.147438 -0.9023132 0.4050837 0.1300092 -0.9854932 0.1090906 0.1265 -0.9854056 0.1139011 0.1190487 -0.870541 0.4774786 0.1346106 -0.8726419 0.4694424 0.1641798 -0.9716689 0.1700131 0.1587965 -0.971432 0.1763616 0.09486953 -0.8375683 0.5380327 0.07665936 -0.8346245 0.5454588 0.1858168 -0.953366 0.2378345 0.1783181 -0.9528719 0.2454337 0.03069858 -0.9994165 0.01497269 0.04197699 -0.7986727 0.6002997 0.02538818 -0.7569643 0.6529629 0.01930753 -0.7882051 0.6151096 0.03467401 -0.7973342 0.6025411 0.1840369 -0.9297966 0.3187612 0.1938654 -0.9306778 0.3102501 0.08682978 -0.9947445 0.05425689 0.08850956 -0.9947636 0.05110099 0.1876707 -0.9037271 0.384782 0.1753365 -0.9023132 0.3938121 0.1373021 -0.9854932 0.09975613 0.1341373 -0.9854056 0.1047994 0.152066 -0.870541 0.468011 0.1670289 -0.8726418 0.4589091 0.1756393 -0.971669 0.1581463 0.1707121 -0.9714321 0.1648549 0.1321697 -0.8375682 0.5301043 0.1145219 -0.8346245 0.5387828 0.2019546 -0.9533661 0.2242934 0.1950043 -0.9528719 0.2323969 0.03166825 -0.9994165 0.01279479 0.08374975 -0.7986727 0.5959093 0.06344422 -0.7947363 0.6036298 0.2058245 -0.9297966 0.3051469 0.2150355 -0.9306777 0.2959709 0.09185853 -0.9947637 0.04480236 0.09040287 -0.9947446 0.04806812 0.02945101 -0.7547312 0.6553727 0.001330138 -0.7242434 0.6895432 0.2023807 -0.9023132 0.3806219 0.2140547 -0.9037269 0.3707536 0.1439267 -0.9854932 0.0899348 0.1411209 -0.9854057 0.09518743 0.1986342 -0.8726418 0.4461398 0.1843425 -0.8705409 0.4562635 0.1862434 -0.971669 0.145509 0.181796 -0.9714321 0.1525449 0.1688261 -0.8375683 0.5195932 0.1518262 -0.8346244 0.5294817 0.2171085 -0.953366 0.2096594 0.2107404 -0.9528719 0.2182281 0.03248364 -0.9994165 0.01055451 0.1251142 -0.7986728 0.5886154 0.1053964 -0.7947364 0.5977338 0.2351575 -0.9306777 0.2802497 0.2266087 -0.9297966 0.2900463 0.09353566 -0.9947446 0.04164492 0.09476004 -0.9947637 0.03828551 0.04605548 -0.7510635 0.6586216 0.06840609 -0.7561282 0.6508385 0.2393959 -0.903727 0.3549185 0.2284381 -0.9023132 0.3655777 0.1474171 -0.9854057 0.08511116 0.1498494 -0.9854932 0.0796764 0.2292719 -0.8726417 0.4311969 0.215721 -0.8705409 0.442293 0.1959396 -0.9716689 0.1321632 0.1919942 -0.971432 0.1394918 0.2046599 -0.8375682 0.5065509 0.1883917 -0.8346244 0.5176009 0.231205 -0.953366 0.1940039 0.2254501 -0.9528719 0.2029959 0.03314074 -0.9994165 0.008262928 0.1468359 -0.7947364 0.5889255 0.1658688 -0.7986727 0.5784544 0.2541338 -0.9306777 0.2631633 0.2462894 -0.9297966 0.2735321 0.09719995 -0.9947637 0.03158205 0.09621295 -0.9947445 0.03501842 0.0918863 -0.7510635 0.6538046 0.1136392 -0.7561281 0.6444815 0.2635702 -0.903727 0.3373549 0.2533832 -0.9023132 0.3487518 0.1550422 -0.9854932 0.06902951 0.1529951 -0.9854056 0.07462057 0.02027824 -0.6893986 0.7240983 0.04911338 -0.7101337 0.7023517 0.03631102 -0.7068734 0.7064074 0.2587916 -0.8726419 0.4141534 0.2460477 -0.870541 0.4261678 0.2012569 -0.971432 0.1257594 0.2046818 -0.9716689 0.1181728 0.2394968 -0.8375683 0.4910404 0.2240385 -0.8346244 0.5031987 0.2390611 -0.9528719 0.186775 0.2441747 -0.953366 0.1774032 0.0336364 -0.9994165 0.005931032 0.2058164 -0.7986726 0.5654747 0.1875595 -0.7947362 0.5772484 0.2718722 -0.9306777 0.2447946 0.26477 -0.9297966 0.2556856 0.09842126 -0.9947445 0.02822189 0.09916613 -0.9947637 0.02472488 0.1583196 -0.7561285 0.634984 0.1372688 -0.7510636 0.6458024 0.2770936 -0.9023131 0.3302273 0.2864611 -0.903727 0.3181473 0.15948 -0.9854931 0.05804557 0.1578277 -0.9854057 0.06376648 0.09798725 -0.7101333 0.6972153 0.07425505 -0.7038258 0.706481 0.2870513 -0.8726419 0.3950921 0.2751766 -0.870541 0.407966 0.2124264 -0.971669 0.1036071 0.2095391 -0.971432 0.111414 0.01022948 -0.6151953 0.7883084 0.01742433 -0.6530775 0.7570907 0.03324371 -0.658911 0.7514859 0.2731661 -0.8375683 0.4731381 0.2585939 -0.8346245 0.4863447 0.2515073 -0.952872 0.1696441 0.2559548 -0.953366 0.1599385 0.03396819 -0.9994165 0.003570216 0.227369 -0.7947364 0.5627587 0.24476 -0.7986729 0.5497401 0.2819611 -0.9297966 0.2365929 0.2882859 -0.9306777 0.2252336 0.1006493 -0.9947637 0.01774723 0.1001502 -0.9947447 0.02128757 0.2022281 -0.7561284 0.6223935 0.1819844 -0.7510638 0.6346533 0.307956 -0.9037269 0.2973899 0.299454 -0.9023131 0.3100939 0.1618912 -0.9854057 0.05260183 0.1631404 -0.9854932 0.04677984 0.146383 -0.7101334 0.6886818 0.1233545 -0.7038258 0.6995806 0.3139122 -0.8726419 0.374106 0.3029645 -0.870541 0.3877769 0.2168005 -0.9714321 0.09652577 0.2191361 -0.971669 0.08853673 0.0784484 -0.6608829 0.7463776 0.05281569 -0.653244 0.7553031 0.2918899 -0.8346244 0.4671214 0.3055055 -0.8375683 0.4529302 0.2627286 -0.9528719 0.1516863 0.2664882 -0.953366 0.1416944 0.0341345 -0.9994165 0.001192019 0.2660712 -0.7947365 0.5455273 0.2825117 -0.7986728 0.5313275 0.2977778 -0.9297966 0.2163485 0.3032951 -0.9306778 0.2045753 0.1016421 -0.9947636 0.01068309 0.1013912 -0.9947447 0.01424965 0.2258119 -0.7510638 0.6204129 0.2451511 -0.7561284 0.6067708 0.3203558 -0.9023132 0.2884496 0.3279511 -0.9037269 0.275183 0.1651662 -0.9854056 0.04118049 0.1660062 -0.9854932 0.03528566 0.1940678 -0.7101331 0.676793 0.1718554 -0.7038253 0.6892719 0.3392439 -0.8726418 0.3512975 0.3292767 -0.8705409 0.3656984 0.2247783 -0.9716689 0.07303506 0.2230057 -0.971432 0.08116733 0.1303206 -0.660883 0.7390874 0.1053746 -0.6532446 0.7497784 0.3237634 -0.8346244 0.4456224 0.3363559 -0.8375683 0.430516 0.2757232 -0.953366 0.1227599 0.2726698 -0.9528719 0.1329898 0.05534983 -0.6086016 0.7915431 0.02326965 -0.5756555 0.8173612 0.03632322 -0.602396 0.7973704 0.0341345 -0.9994165 -0.001192019 0.3188872 -0.7986728 0.510326 0.3034774 -0.7947364 0.5256382 0.3121444 -0.9297965 0.1950493 0.3168269 -0.9306777 0.1829199 0.1021382 -0.9947445 0.007142371 0.1021397 -0.9947637 0.003566807 0.2868802 -0.7561283 0.588192 0.2685395 -0.7510636 0.60315 0.3463475 -0.903727 0.2516364 0.3396965 -0.9023132 0.2654001 0.1680632 -0.9854932 0.02361986 0.1676365 -0.9854057 0.02955908 0.2408052 -0.7101333 0.6616068 0.2195172 -0.7038255 0.6756049 0.3539843 -0.8705408 0.3418387 0.3629228 -0.8726418 0.3267772 0.2281244 -0.9714321 0.0654138 0.2293255 -0.971669 0.05717717 0.1574201 -0.6532442 0.7406017 0.1815604 -0.6608829 0.7281963 0.3540599 -0.8346245 0.4219521 0.3655681 -0.8375683 0.4060039 0.2812824 -0.9528719 0.1136456 0.2836149 -0.953366 0.1032273 0.1104307 -0.6086013 0.7857541 0.0836563 -0.5995769 0.7959328 0.03396819 -0.9994165 -0.003570216 0.3537088 -0.7986727 0.4868388 0.339405 -0.7947364 0.5031881 0.3288148 -0.9306777 0.1603736 0.3249897 -0.9297966 0.1728004 0.02114243 -0.4927865 0.8698934 0.01016734 -0.5349687 0.8448107 0.03731316 -0.5506591 0.8338959 0.1023876 -0.9947447 0 0.1021397 -0.9947637 -0.003566807 0.3272116 -0.7561284 0.5667472 0.3099588 -0.7510637 0.5829484 0.3630573 -0.9037271 0.2268631 0.3573823 -0.9023132 0.2410576 0.1692901 -0.9854057 0.0177929 0.1693015 -0.9854932 0.011839 0.2863697 -0.7101336 0.6431973 0.2661098 -0.7038257 0.6586463 0.3848336 -0.8726418 0.300665 0.3769675 -0.8705409 0.3163132 0.2321319 -0.9714321 0.0493408 0.2327554 -0.9716689 0.04104143 0.2086977 -0.6532446 0.7278165 0.2319136 -0.6608831 0.7137573 0.3929985 -0.8375685 0.3795143 0.382631 -0.8346246 0.3962263 0.2901246 -0.953366 0.08319218 0.2885247 -0.9528719 0.09374744 0.1389727 -0.5995772 0.7881585 0.1649732 -0.608602 0.7761362 0.0336364 -0.9994165 -0.005931032 0.3736783 -0.7947364 0.4782872 0.3868074 -0.7986729 0.4609791 0.336252 -0.9297966 0.1497091 0.3392009 -0.9306778 0.1370462 0.05857248 -0.5430881 0.8376303 0.08705562 -0.5535173 0.8282753 0.1021382 -0.9947445 -0.007142371 0.1016421 -0.9947636 -0.01068309 0.3659489 -0.7561285 0.5425412 0.3498683 -0.7510638 0.5599065 0.3779979 -0.903727 0.2009854 0.3733272 -0.9023132 0.2155403 0.1701189 -0.9854057 0.005940969 0.1697149 -0.9854932 0 0.3305393 -0.7101333 0.6216546 0.3114071 -0.7038257 0.6384787 0.4048695 -0.8726418 0.273088 0.3981141 -0.8705409 0.2892469 0.2350513 -0.971669 0.02470457 0.2350083 -0.971432 0.0330284 0.2589594 -0.6532446 0.7114854 0.2811376 -0.660883 0.6958416 0.4185149 -0.8375685 0.3511756 0.4093384 -0.8346246 0.3685699 0.2943614 -0.9528719 0.07339238 0.2952212 -0.953366 0.06275072 0.1936145 -0.5995776 0.7765437 0.2187113 -0.6086018 0.762738 0.03314074 -0.9994165 -0.008262928 0.4180215 -0.7986726 0.4328743 0.4061324 -0.7947364 0.4510549 0.3458763 -0.9297966 0.1258884 0.3479346 -0.9306777 0.1130509 0.1168607 -0.5430884 0.8315038 0.1446199 -0.5535168 0.8201855 0.1006493 -0.9947637 -0.01774723 0.1013912 -0.9947447 -0.01424965 0.3880736 -0.7510639 0.5341367 0.4029028 -0.7561283 0.5156931 0.3910972 -0.903727 0.1741278 0.387453 -0.9023132 0.1889738 0.03531834 -0.4859723 0.8732604 0.02743022 -0.4494418 0.8928884 0.06057597 -0.4958701 0.8662814 0.1693015 -0.9854932 -0.011839 0.1701189 -0.9854057 -0.005940969 0.3551865 -0.7038254 0.615201 0.3730987 -0.7101332 0.5970831 0.4173211 -0.8705409 0.2607713 0.422933 -0.8726418 0.2441802 0.2367397 -0.9714321 0.01655426 0.2362021 -0.9716689 0.008248705 0.3289931 -0.6608826 0.6745352 0.30796 -0.6532441 0.6916884 0.4419923 -0.8375683 0.3211263 0.4340517 -0.8346246 0.3391179 0.2987638 -0.952872 0.05268037 0.2988791 -0.9533661 0.04200488 0.2713846 -0.6086017 0.7456234 0.2473113 -0.5995773 0.7611466 0.03248364 -0.9994165 -0.01055451 0.4366068 -0.7947363 0.4216264 0.4471991 -0.7986726 0.4026599 0.3549732 -0.9306778 0.08850452 0.3538153 -0.9297965 0.1014549 0.2014822 -0.5535166 0.8080991 0.1745784 -0.5430876 0.8213271 0.1001502 -0.9947447 -0.02128757 0.09916613 -0.9947637 -0.02472488 0.4378951 -0.7561284 0.4863308 0.4243874 -0.7510636 0.5057656 0.4022913 -0.9037269 0.1464217 0.3996916 -0.9023132 0.1614856 0.09146617 -0.4840572 0.8702428 0.1208579 -0.4958701 0.8599454 0.1680632 -0.9854932 -0.02361986 0.1692901 -0.9854057 -0.0177929 0.4138408 -0.7101333 0.5696021 0.3972355 -0.7038254 0.588926 0.4389355 -0.8726419 0.2140835 0.4344946 -0.870541 0.2310255 0.03823936 -0.4331355 0.9005172 0.007417195 -0.4052301 0.9141846 0.2373179 -0.971432 0 0.2362021 -0.9716689 -0.008248705 0.3752446 -0.6608828 0.6499428 0.3554591 -0.6532441 0.6685215 0.45665 -0.8346245 0.3080142 0.4633163 -0.8375683 0.2895122 0.3017109 -0.952872 0.03171107 0.3010812 -0.953366 0.02105339 0.2998038 -0.5995774 0.7420409 0.3227361 -0.608602 0.7248759 0.03166825 -0.9994165 -0.01279479 0.4741981 -0.7986727 0.3704837 0.4649546 -0.7947361 0.3901431 0.3602822 -0.9306777 0.06352779 0.3600305 -0.9297965 0.0765269 0.2573609 -0.553517 0.7920759 0.2314456 -0.543088 0.8071482 0.09719995 -0.9947637 -0.03158205 0.09842126 -0.9947445 -0.02822189 0.4707526 -0.7561284 0.4546007 0.4586342 -0.7510638 0.4749293 0.4099825 -0.9023132 0.1332114 0.411525 -0.903727 0.1180028 0.1805498 -0.4958704 0.84942 0.1519484 -0.4840577 0.8617424 0.1676365 -0.9854057 -0.02955908 0.1660062 -0.9854932 -0.03528566 0.4525655 -0.7101333 0.539347 0.4373492 -0.7038257 0.5597813 0.449552 -0.870541 0.2001534 0.4528002 -0.8726419 0.1829428 0.06321658 -0.4227747 0.9040272 0.09407458 -0.43591 0.89506 0.2367397 -0.9714321 -0.01655426 0.2350513 -0.971669 -0.02470457 0.4012266 -0.6532443 0.6420975 0.419668 -0.6608828 0.6221837 0.4823828 -0.8375683 0.2564882 0.4770235 -0.8346245 0.2754098 0.3018164 -0.9533661 0 0.3031879 -0.952872 0.01058754 0.3508358 -0.5995777 0.7193197 0.3725142 -0.608602 0.7005974 0.03069858 -0.9994165 -0.01497269 0.4910366 -0.7947363 0.3567593 0.4988863 -0.7986727 0.336503 0.363836 -0.9306777 0.03824068 0.3644918 -0.9297965 0.05122604 0.2871861 -0.543088 0.7890371 0.3119864 -0.5535167 0.772194 0.09621294 -0.9947445 -0.03501841 0.09476004 -0.9947637 -0.03828551 0.5013173 -0.7561285 0.420655 0.4906462 -0.7510638 0.44178 0.418754 -0.903727 0.08900902 0.4182761 -0.9023132 0.1042882 0.2393623 -0.4958697 0.8347568 0.211691 -0.4840574 0.8490438 0.1631404 -0.9854932 -0.04677984 0.1651662 -0.9854056 -0.04118049 0.4890864 -0.7101333 0.5064635 0.4753322 -0.7038255 0.52791 0.4624191 -0.870541 0.1683061 0.4644588 -0.8726417 0.1509118 0.1562816 -0.4359097 0.8863176 0.1261239 -0.4227742 0.8974156 0.2350083 -0.971432 -0.03302841 0.2327554 -0.9716689 -0.04104143 0.4620474 -0.6608829 0.5913934 0.44504 -0.6532443 0.612545 0.4990998 -0.8375682 0.2222135 0.4950733 -0.8346243 0.2414635 0.03237912 -0.3135197 0.9490294 0.03339379 -0.3596942 0.9324725 0.06469772 -0.3739028 0.9252085 0.03369368 -0.360056 0.9323221 0.3031879 -0.952872 -0.01058755 0.3010812 -0.953366 -0.02105339 0.4204779 -0.6086017 0.6729059 0.4001586 -0.5995775 0.6930944 0.02957937 -0.9994165 -0.01707763 0.5147265 -0.7947366 0.3216372 0.521144 -0.7986729 0.3008828 0.3671773 -0.9297965 0.02567535 0.3656174 -0.9306777 0.01276761 0.3415276 -0.5430877 0.767082 0.3650924 -0.5535164 0.7485501 0.09185853 -0.9947637 -0.04480236 0.09353566 -0.9947446 -0.04164492 0.5202682 -0.7510638 0.4064777 0.5294395 -0.7561283 0.3846606 0.4239428 -0.903727 0.05958137 0.4245319 -0.9023132 0.07485656 0.2704005 -0.4840571 0.8322093 0.2970093 -0.4958702 0.8160259 0.1618913 -0.9854057 -0.05260183 0.15948 -0.9854931 -0.05804557 0.5232237 -0.7101335 0.471113 0.5109991 -0.7038257 0.4934665 0.4730329 -0.870541 0.1356404 0.4738543 -0.8726419 0.1181455 0.1884168 -0.422774 0.8864318 0.217728 -0.43591 0.8732566 0.2321318 -0.9714321 -0.04934079 0.2293255 -0.971669 -0.05717717 0.5021752 -0.6608827 0.5577222 0.486685 -0.6532443 0.5800083 0.510711 -0.8346244 0.2063405 0.5133849 -0.8375683 0.1868561 0.1290789 -0.3739033 0.9184417 0.09753848 -0.3595451 0.9280159 0.3017109 -0.952872 -0.03171107 0.2988791 -0.9533661 -0.04200488 0.4475316 -0.5995771 0.6634927 0.4663934 -0.6086016 0.6419355 0.02831597 -0.9994165 -0.01909948 0.5359093 -0.7947364 0.2849477 0.5408633 -0.7986728 0.2637969 0.008012333 -0.2667029 0.9637455 0.03587433 -0.3088968 0.9504187 0.3680739 -0.9297965 0 0.3656174 -0.9306777 -0.01276761 0.3942036 -0.5430876 0.7413901 0.4164193 -0.5535167 0.7212588 0.09040287 -0.9947446 -0.04806812 0.08850956 -0.9947636 -0.05110099 0.547355 -0.7510637 0.3691961 0.5549822 -0.7561284 0.3467918 0.4287195 -0.9023132 0.04506009 0.4270663 -0.903727 0.02986327 0.3532093 -0.4958704 0.7933195 0.3277945 -0.4840574 0.8113194 0.1550422 -0.9854932 -0.06902951 0.1578277 -0.9854057 -0.06376648 0.5441771 -0.7038257 0.4566187 0.5548126 -0.7101335 0.4334667 0.4813425 -0.870541 0.1023126 0.4809414 -0.8726418 0.08480306 0.2497917 -0.4227748 0.8711289 0.2781116 -0.4359104 0.8559416 0.2247783 -0.9716689 -0.07303506 0.2281244 -0.9714321 -0.0654138 0.5398564 -0.660883 0.5213337 0.5259582 -0.6532443 0.5446466 0.5238602 -0.8346246 0.1702125 0.5251684 -0.8375683 0.1505901 0.1620359 -0.3595454 0.9189513 0.1928313 -0.3739034 0.9072003 0.2987638 -0.952872 -0.05268037 0.2952212 -0.953366 -0.06275072 0.5100366 -0.6086016 0.6078377 0.4927244 -0.5995771 0.6306583 0.02691475 -0.9994165 -0.0210281 0.5579476 -0.7986726 0.2254253 0.554481 -0.7947363 0.2468705 0.09937491 -0.3101231 0.9454884 0.06665959 -0.294681 0.9532679 0.3671773 -0.9297965 -0.02567535 0.363836 -0.9306777 -0.03824068 0.465717 -0.5535171 0.6904537 0.44496 -0.5430881 0.7120855 0.08472902 -0.9947637 -0.05715083 0.08682977 -0.9947445 -0.05425689 0.5778215 -0.7561285 0.3072328 0.5717754 -0.7510637 0.3301152 0.4308182 -0.9023133 0.01504492 0.428109 -0.9037272 0 0.3835908 -0.4840578 0.7864771 0.4076871 -0.4958702 0.766749 0.1498494 -0.9854932 -0.0796764 0.1529951 -0.9854056 -0.07462057 0.583698 -0.7101333 0.3937098 0.5747038 -0.7038257 0.4175463 0.4873069 -0.870541 0.06848664 0.4856854 -0.8726419 0.05104747 0.3371425 -0.43591 0.8344564 0.3099509 -0.4227743 0.8515822 0.2230057 -0.971432 -0.08116733 0.2191361 -0.971669 -0.08853673 0.5749082 -0.6608827 0.4824052 0.5626704 -0.6532443 0.5066301 0.534458 -0.8346244 0.1332548 0.5343943 -0.8375682 0.1135891 0.2556443 -0.3739029 0.8915395 0.2257442 -0.3595451 0.9054097 0.2943614 -0.9528719 -0.07339238 0.2901246 -0.953366 -0.08319218 0.5511941 -0.6086017 0.5707793 0.5355161 -0.5995774 0.5947515 0.02538233 -0.9994165 -0.02285437 0.5703511 -0.7947363 0.2075908 0.5723132 -0.7986727 0.1859558 0.1650867 -0.3101237 0.9362531 0.1329927 -0.294681 0.946296 0.3602822 -0.9306777 -0.06352779 0.3644918 -0.9297965 -0.05122604 0.5127463 -0.5535169 0.6562851 0.4935493 -0.5430881 0.6793116 0.08283318 -0.9947446 -0.06018203 0.08053622 -0.9947637 -0.06292182 0.5978457 -0.7561283 0.2661777 0.5934108 -0.7510638 0.2894248 0.03863028 -0.2307734 0.9722403 0.03798024 -0.1708372 0.984567 0.03152233 -0.218993 0.9752171 0.06763379 -0.2448486 0.9671994 0.4270663 -0.903727 -0.02986327 0.4308182 -0.9023133 -0.01504492 0.4601799 -0.4958696 0.7364426 0.4375185 -0.4840572 0.7578036 0.1439267 -0.9854932 -0.0899348 0.1474171 -0.9854057 -0.08511116 0.6097399 -0.7101333 0.3520341 0.6024303 -0.7038255 0.3764406 0.4908973 -0.870541 0.03432636 0.4880635 -0.8726417 0.01704399 0.39453 -0.4359103 0.8089057 0.3685987 -0.4227744 0.8278869 0.2124264 -0.971669 -0.1036071 0.2168005 -0.9714321 -0.09652577 0.5966406 -0.6532439 0.4661461 0.607159 -0.6608824 0.4411262 0.5424516 -0.8346242 0.09564889 0.541016 -0.837568 0.076035 0.3172129 -0.373903 0.8715345 0.2883521 -0.3595448 0.8874574 0.2836149 -0.953366 -0.1032273 0.2885247 -0.9528719 -0.09374744 0.5896678 -0.6086017 0.5309387 0.5756998 -0.5995771 0.5559469 0.02372628 -0.9994165 -0.02456925 0.5834426 -0.7947363 0.1672993 0.5838908 -0.7986727 0.1455797 0.2299945 -0.3101229 0.9224566 0.1986804 -0.2946808 0.9347135 0.3549732 -0.9306778 -0.08850452 0.3600305 -0.9297965 -0.0765269 0.5572771 -0.5535166 0.6189196 0.5397334 -0.543088 0.6432288 0.07595076 -0.9947637 -0.06838646 0.07843344 -0.9947445 -0.06581346 0.6121538 -0.7510639 0.2473271 0.6149564 -0.7561287 0.2238258 0.1349363 -0.2448481 0.9601258 0.1017637 -0.2284941 0.968212 0.4287195 -0.9023132 -0.04506009 0.4239428 -0.903727 -0.05958137 0.489314 -0.4840569 0.7254384 0.5104312 -0.4958698 0.7025475 0.1373021 -0.9854932 -0.09975613 0.1411209 -0.9854057 -0.09518743 0.6272222 -0.7038253 0.3335 0.6328118 -0.7101334 0.3086418 0.01139499 -0.1224037 0.992415 0.02946879 -0.1807591 0.9830858 0.4880635 -0.8726417 -0.01704399 0.4920963 -0.8705408 0 0.4254515 -0.4227748 0.8001578 0.4499953 -0.4359106 0.7794141 0.2046818 -0.9716689 -0.1181728 0.2095391 -0.971432 -0.111414 0.6364506 -0.660883 0.3976988 0.627703 -0.6532443 0.423392 0.545002 -0.8375682 0.03810962 0.5478023 -0.8346242 0.05757639 0.3772349 -0.373903 0.8472841 0.3495559 -0.3595451 0.8651809 0.2812824 -0.9528719 -0.1136456 0.2757232 -0.953366 -0.1227599 0.6130784 -0.5995773 0.5144335 0.6252678 -0.6086019 0.4885121 0.02195463 -0.9994165 -0.02616445 0.5936912 -0.7947364 0.1261931 0.5926234 -0.7986729 0.1044955 0.2937811 -0.310123 0.9041661 0.2633978 -0.2946807 0.9185776 0.3538153 -0.9297966 -0.1014548 0.3479346 -0.9306777 -0.1130509 0.5990937 -0.5535163 0.5785381 0.5832881 -0.5430875 0.6040122 0.07099547 -0.9947637 -0.07351792 0.07365143 -0.9947446 -0.07112442 0.6290717 -0.7561287 0.1803833 0.6279154 -0.7510641 0.2040219 0.1690545 -0.2284933 0.9587551 0.201584 -0.2448482 0.948374 0.418754 -0.903727 -0.08900902 0.4245319 -0.9023132 -0.07485656 0.5581946 -0.4958706 0.6652301 0.5387256 -0.4840575 0.6895382 0.1341373 -0.9854056 -0.1047994 0.1300092 -0.9854932 -0.1090906 0.6527993 -0.7101334 0.263749 0.6489576 -0.7038259 0.2889346 0.1028526 -0.1783742 0.9785724 0.06884215 -0.1613079 0.9845001 0.4856854 -0.8726419 -0.05104747 0.4908973 -0.8705409 -0.03432636 0.4802313 -0.422775 0.7685306 0.5032678 -0.4359104 0.7461258 0.2012568 -0.971432 -0.1257594 0.1959396 -0.9716689 -0.1321632 0.655709 -0.6532441 0.3785731 0.6626428 -0.6608826 0.3523335 0.5504839 -0.8346244 0.0192233 0.5463327 -0.8375682 0 0.4354198 -0.373903 0.8189055 0.4090562 -0.3595449 0.8386897 0.2726698 -0.9528719 -0.1329898 0.2664882 -0.953366 -0.1416944 0.6578208 -0.6086018 0.4437068 0.6474697 -0.5995775 0.4704143 0.02007596 -0.9994165 -0.02763224 0.6010475 -0.7947367 0.08447252 0.5984686 -0.7986732 0.06290163 0.3268326 -0.2946807 0.8979664 0.3561372 -0.3101234 0.8814703 0.3392009 -0.9306778 -0.1370462 0.3458763 -0.9297966 -0.1258884 0.6240007 -0.5430875 0.5618532 0.6379912 -0.5535167 0.5353378 0.06569423 -0.9947637 -0.07829118 0.06851066 -0.9947446 -0.07608881 0.6401225 -0.7561284 0.1360624 0.640618 -0.7510639 0.1597233 0.2672472 -0.2448493 0.932002 0.2355212 -0.2284945 0.9446269 0.4182761 -0.9023132 -0.1042882 0.411525 -0.903727 -0.1180028 0.5855139 -0.4840577 0.6502781 0.6032392 -0.4958703 0.6246721 0.1220827 -0.9854932 -0.1178939 0.1265 -0.9854056 -0.1139011 0.669608 -0.7101332 0.2175686 0.6675323 -0.7038254 0.2429618 0.1708634 -0.1783742 0.9690141 0.1373508 -0.1613087 0.9772995 0.4809414 -0.8726418 -0.08480306 0.4873069 -0.870541 -0.06848664 0.5540888 -0.4359101 0.7092023 0.5326716 -0.4227746 0.7331594 0.1862434 -0.971669 -0.145509 0.1919942 -0.971432 -0.1394918 0.6805196 -0.653244 0.3319118 0.6856061 -0.6608827 0.3052515 0.07469573 -0.02977533 0.9967617 0.03068908 -0.07352898 0.9968208 0.06932463 -0.1109969 0.9913999 0.0400384 -0.03988901 0.9984016 0.04045444 -0.09634966 0.9945251 0.545002 -0.8375682 -0.03810962 0.5504839 -0.8346244 -0.0192233 0.4665641 -0.3595448 0.8081123 0.4914832 -0.3739029 0.7865373 0.2627286 -0.9528719 -0.1516863 0.2559548 -0.953366 -0.1599385 0.6871706 -0.6086018 0.3967374 0.6787072 -0.5995772 0.4241035 0.01809954 -0.9994165 -0.02896534 0.6054761 -0.7947366 0.04233812 0.601399 -0.7986727 0.02100132 0.4167577 -0.3101228 0.8544804 0.3886763 -0.2946807 0.8729799 0.336252 -0.9297966 -0.1497091 0.3288148 -0.9306777 -0.1603736 0.6737803 -0.5535164 0.4895301 0.661674 -0.5430877 0.5169557 0.06303612 -0.9947445 -0.08068252 0.06007268 -0.9947637 -0.0826832 0.6480545 -0.7561283 0.09107897 0.6501992 -0.7510638 0.114648 0.3316091 -0.2448482 0.9110898 0.3008429 -0.2284943 0.9258963 0.4022913 -0.9037269 -0.1464217 0.4099825 -0.9023132 -0.1332114 0.6453441 -0.4958704 0.581071 0.6294481 -0.4840578 0.6078513 0.1135614 -0.9854932 -0.1261228 0.1182465 -0.9854057 -0.1224478 0.6831539 -0.7101331 0.1703286 0.6828547 -0.7038252 0.1958047 0.2380414 -0.1783737 0.9547351 0.2051891 -0.1613085 0.9653378 0.4738543 -0.8726419 -0.1181455 0.4813425 -0.870541 -0.1023126 0.6022113 -0.4359106 0.6688225 0.5825161 -0.4227743 0.6942167 0.181796 -0.9714321 -0.1525449 0.1756393 -0.971669 -0.1581463 0.7052292 -0.6608828 0.2566823 0.7020147 -0.6532441 0.2836326 0.124284 -0.03122666 0.9917552 0.1040704 -0.09344398 0.9901705 0.1044317 -0.04284583 0.9936088 0.1383134 -0.1109974 0.9841488 0.5478023 -0.8346242 -0.05757639 0.541016 -0.837568 -0.076035 0.5451519 -0.3739031 0.7503372 0.5217983 -0.3595449 0.773598 0.2515073 -0.952872 -0.1696441 0.2441747 -0.953366 -0.1774032 0.7131712 -0.6086019 0.347837 0.7066377 -0.5995775 0.3757259 0.01603494 -0.9994165 -0.03015734 0.601399 -0.7986727 -0.02100132 0.6069547 -0.7947364 0 0.4753484 -0.3101234 0.823327 0.4486245 -0.2946806 0.8437413 0.3168269 -0.9306777 -0.1829199 0.3249897 -0.9297966 -0.1728004 0.7062867 -0.5535166 0.4413371 0.6961228 -0.5430876 0.4695412 0.0541587 -0.9947637 -0.08667213 0.05725437 -0.9947445 -0.08488319 0.656613 -0.7510636 0.06901327 0.6528291 -0.7561285 0.04564931 0.3943567 -0.2448483 0.8857382 0.3646965 -0.2284934 0.9026557 0.3996916 -0.9023132 -0.1614856 0.3910972 -0.903727 -0.1741278 0.6843061 -0.4958705 0.5346379 0.6703166 -0.4840576 0.5624624 0.104487 -0.9854931 -0.1337371 0.1094168 -0.9854056 -0.1303982 0.6933705 -0.7101336 0.1222602 0.6948492 -0.7038257 0.1476956 0.304062 -0.1783742 0.9358038 0.2720272 -0.1613079 0.9486732 0.4730329 -0.870541 -0.1356404 0.4644588 -0.8726417 -0.1509118 0.6295241 -0.4227749 0.6518902 0.6473986 -0.4359102 0.6251859 0.1641798 -0.9716689 -0.1700131 0.1707121 -0.9714321 -0.1648549 0.7200901 -0.6532441 0.233971 0.7214167 -0.6608827 0.2068622 0.1735195 -0.03848291 0.9840782 0.2224124 -0.03122629 0.9744525 0.2066271 -0.110998 0.9721033 0.1728881 -0.09344489 0.9804988 0.1735192 -0.03848312 0.9840783 0.5424516 -0.8346242 -0.09564889 0.5343943 -0.8375682 -0.1135891 0.5961643 -0.3739028 0.7104819 0.5744908 -0.359545 0.7353147 0.2390611 -0.9528719 -0.1867749 0.231205 -0.953366 -0.1940039 0.7356979 -0.6086016 0.2972415 0.7311259 -0.5995774 0.325518 0.01389224 -0.9994165 -0.03120241 0.5984686 -0.7986732 -0.06290163 0.6054761 -0.7947366 -0.04233812 0.5063883 -0.2946813 0.8103912 0.5316225 -0.3101237 0.7881629 0.3032951 -0.9306778 -0.2045753 0.3121444 -0.9297965 -0.1950493 0.7271802 -0.543088 0.4198385 0.7353521 -0.5535171 0.3909936 0.05119379 -0.9947446 -0.08867026 0.04798087 -0.9947636 -0.09023891 0.6598272 -0.7510641 0.02304149 0.654423 -0.7561287 0 0.4267738 -0.2284942 0.8750168 0.4551809 -0.2448486 0.8560721 0.3779979 -0.903727 -0.2009854 0.387453 -0.9023132 -0.1889738 0.7079192 -0.4840579 0.514333 0.7199332 -0.4958703 0.4856015 0.09490331 -0.9854931 -0.1407001 0.1000543 -0.9854057 -0.137713 0.7034596 -0.7038255 0.09886406 0.7002106 -0.710133 0.07359562 0.3375412 -0.1613089 0.9273863 0.3685988 -0.1783745 0.9123144 0.4624191 -0.870541 -0.1683061 0.4528002 -0.8726419 -0.1829428 0.6894325 -0.4359101 0.5785026 0.6734638 -0.4227744 0.6063896 0.1587965 -0.971432 -0.1763616 0.1519201 -0.9716689 -0.1810518 0.7346564 -0.6532446 0.1831711 0.7340888 -0.6608831 0.1560363 0.2707195 -0.02977515 0.9621977 0.2417003 -0.04284479 0.9694046 0.2739337 -0.1109973 0.955322 0.2408639 -0.09344497 0.96605 0.5251684 -0.8375683 -0.1505901 0.534458 -0.8346244 -0.1332548 0.6442738 -0.3739032 0.6671639 0.6243842 -0.3595447 0.6934494 0.2171085 -0.953366 -0.2096594 0.2254501 -0.9528719 -0.2029959 0.7520517 -0.5995772 0.2737248 0.7546403 -0.6086019 0.245197 0.01168178 -0.9994165 -0.03209549 0.5926234 -0.7986729 -0.1044955 0.6010475 -0.7947366 -0.08447252 0.5853072 -0.310123 0.7491591 0.5616857 -0.2946809 0.7730926 0.2977778 -0.9297966 -0.2163485 0.2882859 -0.9306777 -0.2252336 0.7546956 -0.5430882 0.3680893 0.7608353 -0.553517 0.3387455 0.04488383 -0.9947445 -0.09202532 0.0415693 -0.9947637 -0.09336606 0.6528291 -0.7561285 -0.04564931 0.6598272 -0.7510641 -0.02304149 0.5137891 -0.2448483 0.8222348 0.4867725 -0.2284938 0.8431151 0.3630573 -0.9037271 -0.2268631 0.3733272 -0.9023132 -0.2155403 0.7420725 -0.4840576 0.4636989 0.7520532 -0.4958701 0.434199 0.09020437 -0.9854057 -0.1443568 0.08485741 -0.9854932 -0.1469774 0.7036387 -0.710133 0.02457138 0.7086428 -0.7038251 0.04955323 0.4313405 -0.1783744 0.8843799 0.4014099 -0.1613089 0.9015816 0.449552 -0.870541 -0.2001534 0.4389355 -0.8726419 -0.2140835 0.7281074 -0.4359105 0.5290006 0.7141227 -0.4227745 0.5579342 0.1461075 -0.9714321 -0.1870089 0.1389206 -0.9716689 -0.1912079 0.7456446 -0.6532441 0.1314769 0.7431856 -0.6608829 0.1044471 0.3183011 -0.03413085 0.9473751 0.3076648 -0.09344431 0.9468951 0.3651288 -0.03413082 0.9303311 0.3399068 -0.1109973 0.933886 0.3087521 -0.04139201 0.9502414 0.5133849 -0.8375683 -0.1868561 0.5238602 -0.8346246 -0.1702125 0.6712362 -0.3595453 0.6482046 0.6892428 -0.3739032 0.6205972 0.2107404 -0.9528719 -0.2182281 0.2019546 -0.9533661 -0.2242934 0.7693139 -0.5995775 0.2205968 0.7699062 -0.6086017 0.1919599 0.009414488 -0.9994165 -0.03283218 0.5838908 -0.7986727 -0.1455797 0.5936912 -0.7947364 -0.1261931 0.6361399 -0.3101228 0.7065055 0.6142451 -0.2946805 0.7320288 0.2718722 -0.9306777 -0.2447946 0.2819611 -0.9297966 -0.2365929 0.7826117 -0.5535166 0.2848477 0.778534 -0.543088 0.3145477 0.038355 -0.9947445 -0.09493215 0.03495506 -0.9947637 -0.09603849 0.656613 -0.7510636 -0.06901327 0.6480545 -0.7561283 -0.09107897 0.5698945 -0.2448486 0.7843911 0.5443996 -0.2284936 0.8071057 0.3463475 -0.903727 -0.2516364 0.3573823 -0.9023132 -0.2410576 0.7805101 -0.4958697 0.3806799 0.7726114 -0.484057 0.4108044 0.07991444 -0.9854057 -0.1502977 0.07439824 -0.9854931 -0.1525387 0.7036387 -0.710133 -0.02457138 0.7103732 -0.7038252 0 0.4919812 -0.1783739 0.8521368 0.4633236 -0.1613085 0.8713844 0.4344946 -0.870541 -0.2310255 0.422933 -0.8726418 -0.2441802 0.7513027 -0.4227749 0.5067599 0.7632346 -0.4359104 0.4769225 0.1252445 -0.971669 -0.2004327 0.1327064 -0.9714321 -0.1967454 0.7486607 -0.6608831 0.05235158 0.7529993 -0.6532445 0.07914349 0.4111046 -0.02977538 0.9111017 0.3742861 -0.04139181 0.926389 0.4042232 -0.1109966 0.9079006 0.3729681 -0.09344418 0.9231268 0.510711 -0.8346244 -0.2063405 0.4990998 -0.8375682 -0.2222135 0.7308543 -0.3739033 0.5710064 0.714817 -0.3595452 0.5998031 0.1950043 -0.9528719 -0.2323969 0.1858168 -0.953366 -0.2378345 0.7814211 -0.6086018 0.1377853 0.782828 -0.5995771 0.1663957 0.007101269 -0.9994165 -0.03340892 0.5834426 -0.7947363 -0.1672993 0.5723132 -0.7986727 -0.1859558 0.683874 -0.3101233 0.6604089 0.6638122 -0.2946804 0.6873986 0.2541338 -0.9306777 -0.2631633 0.26477 -0.9297966 -0.2556856 0.8005754 -0.5535167 0.2295608 0.7985793 -0.5430877 0.2594743 0.0316395 -0.9947445 -0.09737638 0.02817071 -0.9947637 -0.09824282 0.6401225 -0.7561284 -0.1360624 0.6501992 -0.7510638 -0.114648 0.5993742 -0.2284945 0.7671641 0.6232219 -0.2448491 0.742727 0.3396965 -0.9023132 -0.2654001 0.3279511 -0.9037269 -0.275183 0.7993855 -0.4840571 0.3559093 0.8051637 -0.4958701 0.3253067 0.0635762 -0.9854932 -0.157357 0.06923592 -0.9854056 -0.155506 0.7002106 -0.710133 -0.07359562 0.7086428 -0.7038251 -0.04955323 0.5229796 -0.1613081 0.8369421 0.5502249 -0.1783737 0.8157422 0.4173211 -0.8705409 -0.2607713 0.4048695 -0.8726418 -0.273088 0.7946442 -0.4359105 0.4225194 0.7848223 -0.4227746 0.4531177 0.1109575 -0.971669 -0.2086814 0.1186589 -0.9714321 -0.2055233 0.7566857 -0.6532447 0.0264245 0.7504887 -0.6608833 0 0.4559881 -0.03122669 0.8894379 0.4996296 -0.03848328 0.8653839 0.4665708 -0.1109976 0.8774914 0.4364523 -0.09344415 0.8948618 0.4379678 -0.04284533 0.897969 0.4823828 -0.8375683 -0.2564882 0.4950733 -0.8346243 -0.2414635 0.768906 -0.3739024 0.5186335 0.7549168 -0.3595446 0.5484781 0.1783181 -0.9528719 -0.2454337 0.1687736 -0.953366 -0.2502172 0.789129 -0.6086019 0.08294086 0.792528 -0.5995775 0.1113825 0.004753512 -0.9994165 -0.0338229 0.5703511 -0.7947363 -0.2075908 0.5579476 -0.7986726 -0.2254253 0.7101458 -0.2946812 0.6394185 0.7282753 -0.3101236 0.611096 0.2351575 -0.9306777 -0.2802497 0.2462894 -0.9297966 -0.2735321 0.8146383 -0.5535169 0.1731572 0.8147337 -0.543088 0.2031361 0.02124896 -0.9947636 -0.09996863 0.02476984 -0.9947445 -0.09934624 0.6290717 -0.7561287 -0.1803833 0.640618 -0.7510639 -0.1597233 0.6735135 -0.2448486 0.6974446 0.651429 -0.2284944 0.723485 0.3203558 -0.9023132 -0.2884496 0.307956 -0.9037269 -0.2973899 0.8258942 -0.4958704 0.2683494 0.822265 -0.4840575 0.2992803 0.05244484 -0.9854932 -0.1614085 0.0582196 -0.9854057 -0.1599569 0.6933705 -0.7101336 -0.1222602 0.7034596 -0.7038255 -0.09886406 0.6057879 -0.1783742 0.7753733 0.5800872 -0.1613083 0.7984225 0.3848336 -0.8726418 -0.300665 0.3981141 -0.8705409 -0.2892469 0.8221816 -0.4359109 0.3660588 0.8145182 -0.4227751 0.3972674 0.0961308 -0.971669 -0.2159127 0.1040334 -0.9714321 -0.2132997 0.7566857 -0.6532446 -0.0264245 0.7486607 -0.6608831 -0.05235158 0.4978126 -0.09344468 0.8622358 0.5422817 -0.03122702 0.8396162 0.49963 -0.03848358 0.8653836 0.5266449 -0.1109974 0.8428077 0.4770235 -0.8346245 -0.2754098 0.4633163 -0.8375683 -0.2895122 0.7913375 -0.3595443 0.4944825 0.8032109 -0.3739022 0.4637342 0.1607629 -0.952872 -0.2572748 0.1509083 -0.953366 -0.2613808 0.7983671 -0.5995775 0.05582734 0.7929924 -0.6086018 0.02769239 0.002382545 -0.9994165 -0.0340721 0.554481 -0.7947363 -0.2468705 0.5408633 -0.7986728 -0.2637969 0.7530201 -0.2946807 0.588323 0.7691301 -0.3101233 0.5588045 0.2150355 -0.9306777 -0.2959709 0.2266087 -0.9297966 -0.2900462 0.824733 -0.5535166 0.1159087 0.8269194 -0.5430877 0.145808 0.01422384 -0.9947637 -0.1012073 0.01777939 -0.9947446 -0.1008321 0.6279154 -0.7510641 -0.2040219 0.6149564 -0.7561287 -0.2238258 0.7205245 -0.2448476 0.6487635 0.7003105 -0.2284934 0.676281 0.299454 -0.9023131 -0.3100939 0.2864611 -0.903727 -0.3181473 0.8426015 -0.4958702 0.2100844 0.8411387 -0.4840575 0.2411927 0.0410578 -0.9854932 -0.1646737 0.04691954 -0.9854056 -0.1636285 0.6831539 -0.7101331 -0.1703286 0.6948492 -0.7038257 -0.1476956 0.6583997 -0.1783742 0.7312267 0.6343697 -0.1613084 0.7560123 0.3629228 -0.8726418 -0.3267772 0.3769675 -0.8705409 -0.3163132 0.8457139 -0.4359106 0.3078149 0.8402462 -0.4227751 0.3394811 0.08890067 -0.9714321 -0.2200373 0.08083516 -0.9716689 -0.2220926 0.7529992 -0.6532445 -0.07914348 0.7431856 -0.6608829 -0.1044471 0.5834853 -0.02977478 0.8115777 0.5586795 -0.04284527 0.8282762 0.5841528 -0.1109971 0.8040182 0.5567463 -0.09344455 0.82541 0.45665 -0.8346245 -0.3080142 0.4419923 -0.8375683 -0.3211263 0.823903 -0.3595442 0.4380774 0.8336027 -0.3739023 0.4065756 0.1323078 -0.953366 -0.2712708 0.142425 -0.9528719 -0.2678622 0.7929924 -0.6086018 -0.02769239 0.8003169 -0.5995772 0 0 -0.9994165 -0.03415529 0.521144 -0.7986729 -0.3008828 0.5359093 -0.7947364 -0.2849477 0.8062361 -0.310124 0.5037921 0.7922245 -0.2946815 0.5343624 0.2058245 -0.9297966 -0.3051469 0.1938654 -0.9306778 -0.3102501 0.835076 -0.5430878 0.08777035 0.8308092 -0.5535168 0.05809588 0.007129172 -0.9947637 -0.101953 0.01070244 -0.9947445 -0.1018267 0.5978457 -0.7561283 -0.2661777 0.6121538 -0.7510639 -0.2473271 0.7640251 -0.2448487 0.5969211 0.7457784 -0.2284933 0.6257837 0.2770936 -0.9023131 -0.3302273 0.2635702 -0.903727 -0.3373549 0.8552037 -0.4958703 0.1507953 0.8559145 -0.4840574 0.1819303 0.03539144 -0.9854057 -0.1665028 0.0294706 -0.9854932 -0.1671366 0.6828547 -0.7038252 -0.1958047 0.669608 -0.7101332 -0.2175686 0.6855612 -0.1613085 0.7099193 0.707804 -0.1783744 0.6835175 0.3539843 -0.8705408 -0.3418387 0.3392439 -0.8726418 -0.3512975 0.865126 -0.4359106 0.2480709 0.8618804 -0.4227748 0.2800421 0.07333524 -0.9714321 -0.2257027 0.06514555 -0.971669 -0.2271905 0.7456446 -0.6532441 -0.1314769 0.7340888 -0.6608831 -0.1560363 0.6231255 -0.03413111 0.7813768 0.6613013 -0.03413114 0.7493435 0.6388157 -0.1109968 0.7613109 0.6151339 -0.04139123 0.7873355 0.6129677 -0.09344396 0.7845628 0.4340517 -0.8346246 -0.3391179 0.4185149 -0.8375685 -0.3511756 0.8599334 -0.3739028 0.3474353 0.8524547 -0.3595443 0.3795379 0.1130623 -0.953366 -0.2798395 0.1233928 -0.9528719 -0.2771449 0.789129 -0.6086019 -0.08294086 0.7983671 -0.5995775 -0.05582734 -0.002382535 -0.9994165 -0.0340721 0.5147265 -0.7947366 -0.3216372 0.4988863 -0.7986727 -0.336503 0.8275698 -0.2946817 0.4777979 0.8394147 -0.3101241 0.4463251 0.1840369 -0.9297966 -0.3187612 0.1717516 -0.9306778 -0.3230175 0.8328381 -0.5535167 0 0.8391644 -0.5430879 0.02930415 0 -0.9947636 -0.102202 0.003573329 -0.9947445 -0.1023252 0.5934108 -0.7510638 -0.2894248 0.5778215 -0.7561285 -0.3072328 0.8038026 -0.2448486 0.542172 0.7876148 -0.2284943 0.5722353 0.2533832 -0.9023132 -0.3487518 0.2393959 -0.903727 -0.3549185 0.8665205 -0.4840575 0.1217813 0.8636395 -0.4958701 0.09077246 0.01774003 -0.9854932 -0.1687852 0.02369029 -0.9854057 -0.168566 0.6527993 -0.7101334 -0.263749 0.6675323 -0.7038254 -0.2429618 0.7334126 -0.161309 0.6603676 0.7537585 -0.1783742 0.6324798 0.3292767 -0.8705409 -0.3656984 0.3139122 -0.8726419 -0.374106 0.8803232 -0.4359102 0.1871185 0.8793159 -0.4227747 0.2192377 0.05741232 -0.9714321 -0.2302685 0.04913938 -0.971669 -0.2311813 0.7346564 -0.6532446 -0.1831711 0.7214167 -0.6608827 -0.2068622 0.6979274 -0.02977403 0.7155494 0.6685567 -0.04139087 0.7425084 0.690366 -0.1109974 0.7148947 0.6662024 -0.09344427 0.7398936 0.4093384 -0.8346246 -0.36857 0.3929985 -0.8375685 -0.3795143 0.8820745 -0.3739024 0.2866036 0.8768536 -0.3595446 0.319148 0.1037595 -0.9528719 -0.2850772 0.09326638 -0.953366 -0.2870446 0.7814211 -0.6086018 -0.1377853 0.792528 -0.5995775 -0.1113825 -0.004753511 -0.9994165 -0.03382289 0.4741981 -0.7986727 -0.3704837 0.4910366 -0.7947363 -0.3567593 0.868504 -0.3101237 0.3866836 0.8588836 -0.2946815 0.4189054 0.1613529 -0.9297966 -0.3308225 0.1488005 -0.9306778 -0.3342115 0.8391644 -0.5430878 -0.02930415 0.8308092 -0.5535168 -0.05809588 -0.007129143 -0.9947637 -0.101953 -0.003573322 -0.9947446 -0.1023252 0.5549822 -0.7561284 -0.3467918 0.5717754 -0.7510637 -0.3301152 0.8396647 -0.2448483 0.4847809 0.8256133 -0.2284939 0.5159004 0.2284381 -0.9023132 -0.3655777 0.2140547 -0.9037269 -0.3707536 0.8678681 -0.4958695 0.03030648 0.872905 -0.4840569 0.0610388 0.01187408 -0.9854057 -0.169808 0.005923007 -0.9854931 -0.1696115 0.6328118 -0.7101334 -0.3086418 0.6489576 -0.7038259 -0.2889346 0.7960428 -0.1783735 0.5783587 0.7776912 -0.1613079 0.6075985 0.2870513 -0.8726419 -0.3950921 0.3029645 -0.870541 -0.3877769 0.8912314 -0.4359106 0.1252542 0.892467 -0.4227747 0.1573664 0.04120989 -0.971432 -0.2337124 0.03289288 -0.971669 -0.234046 0.7200901 -0.6532441 -0.233971 0.7052292 -0.6608828 -0.2566823 0.7326936 -0.03122791 0.6798418 0.7385529 -0.1109964 0.6649958 0.7161932 -0.09344406 0.6916181 0.71868 -0.04284476 0.6940196 0.3655681 -0.8375683 -0.4060039 0.382631 -0.8346246 -0.3962263 0.89698 -0.3595445 0.2572055 0.8999182 -0.373903 0.2243744 0.083621 -0.9528719 -0.2916206 0.07301589 -0.9533661 -0.2928513 0.782828 -0.5995771 -0.1663957 0.7699062 -0.6086017 -0.1919599 -0.007101299 -0.9994165 -0.03340892 0.4649546 -0.7947361 -0.3901431 0.4471991 -0.7986726 -0.4026599 0.8860129 -0.294681 0.3579725 0.8933624 -0.3101237 0.3251567 0.1378826 -0.9297966 -0.3412722 0.1251245 -0.9306777 -0.3437773 0.824733 -0.5535166 -0.1159087 0.835076 -0.5430878 -0.08777035 -0.01070244 -0.9947445 -0.1018267 -0.01422384 -0.9947637 -0.1012073 0.547355 -0.7510637 -0.3691961 0.5294395 -0.7561283 -0.3846606 0.8595895 -0.2284938 0.457052 0.8714361 -0.2448484 0.4250276 0.1876707 -0.9037271 -0.384782 0.2023807 -0.9023132 -0.3806219 0.8750367 -0.4840568 0 0.8678681 -0.4958695 -0.03030648 -0.005922995 -0.9854932 -0.1696115 0 -0.9854056 -0.1702226 0.6272221 -0.7038254 -0.3335 0.6097399 -0.7101333 -0.3520341 0.8181804 -0.1613081 0.55187 0.8344478 -0.1783739 0.5214208 0.2587916 -0.8726419 -0.4141534 0.2751766 -0.870541 -0.407966 0.8977977 -0.4359107 0.06277945 0.9012703 -0.4227749 0.09472698 0.02480661 -0.9714321 -0.2360177 0.01648654 -0.971669 -0.2357703 0.7020147 -0.6532441 -0.2836326 0.6856061 -0.6608827 -0.3052515 0.7831417 -0.110997 0.6118569 0.7654774 -0.03848375 0.6423109 0.7967435 -0.03122728 0.6035102 0.7654768 -0.03848465 0.6423117 0.7626925 -0.09344376 0.6399754 0.3363559 -0.8375683 -0.430516 0.3540599 -0.8346245 -0.4219521 0.9127368 -0.359545 0.194008 0.9133775 -0.3739028 0.1610535 0.05240994 -0.953366 -0.2972312 0.06307475 -0.952872 -0.2967433 0.7546403 -0.6086019 -0.245197 0.7693139 -0.5995776 -0.2205968 -0.009414488 -0.9994165 -0.03283218 0.4366068 -0.7947363 -0.4216264 0.4180215 -0.7986726 -0.4328743 0.9138678 -0.3101232 0.262048 0.9088256 -0.2946813 0.2952948 0.1137413 -0.9297966 -0.3500589 0.1008393 -0.9306778 -0.351668 0.8146383 -0.5535169 -0.1731572 0.8269194 -0.5430877 -0.145808 -0.02124905 -0.9947637 -0.09996862 -0.01777943 -0.9947445 -0.1008321 0.5202682 -0.7510638 -0.4064777 0.5013173 -0.7561285 -0.420655 0.8893783 -0.2284935 0.3959759 0.8989618 -0.2448477 0.3632042 0.1603722 -0.903727 -0.396936 0.1753365 -0.9023132 -0.3938121 0.8636395 -0.4958701 -0.09077246 0.872905 -0.4840569 -0.0610388 -0.01187408 -0.9854057 -0.169808 -0.01774003 -0.9854932 -0.1687852 0.583698 -0.7101333 -0.3937098 0.6024303 -0.7038255 -0.3764406 0.854684 -0.1613083 0.493452 0.8687876 -0.1783739 0.4619426 0.2460477 -0.870541 -0.4261678 0.2292719 -0.8726417 -0.4311969 0.8999897 -0.4359112 0 0.9056825 -0.4227754 0.03162741 0 -0.971669 -0.2363461 0.008282139 -0.9714321 -0.2371732 0.6626428 -0.6608826 -0.3523335 0.6805195 -0.653244 -0.3319117 0.8054767 -0.09344463 0.5852139 0.8258724 -0.02977479 0.5630704 0.8082737 -0.0428453 0.587246 0.8239144 -0.1109976 0.5557377 0.3055055 -0.8375683 -0.4529302 0.3237634 -0.8346245 -0.4456224 0.9223874 -0.3739021 0.09694646 0.9240471 -0.3595442 0.1298656 0.03154855 -0.953366 -0.3001632 0.04222125 -0.9528719 -0.3004204 0.7356979 -0.6086016 -0.2972415 0.7520517 -0.5995772 -0.2737248 -0.01168178 -0.9994165 -0.03209549 0.4061324 -0.7947364 -0.4510549 0.3868074 -0.7986729 -0.4609791 0.9272105 -0.2946807 0.2311799 0.9299214 -0.3101234 0.1976607 0.08904524 -0.9297966 -0.3571403 0.07606245 -0.9306778 -0.3578455 0.8005754 -0.5535167 -0.2295608 0.8147337 -0.5430881 -0.2031361 -0.02476978 -0.9947446 -0.09934624 -0.02817071 -0.9947637 -0.09824282 0.4707526 -0.7561284 -0.4546007 0.4906461 -0.7510638 -0.44178 0.9221078 -0.2448482 0.2996105 0.9148334 -0.2284932 0.3329725 0.147438 -0.9023132 -0.4050837 0.1322933 -0.903727 -0.4071561 0.8552037 -0.4958703 -0.1507953 0.8665205 -0.4840575 -0.1217813 -0.02947066 -0.9854931 -0.1671365 -0.02369028 -0.9854057 -0.168566 0.5747038 -0.7038257 -0.4175463 0.5548126 -0.7101335 -0.4334667 0.898895 -0.1783738 0.400213 0.8870237 -0.161308 0.4326299 0.215721 -0.8705409 -0.442293 0.1986342 -0.8726418 -0.4461398 0.8977977 -0.4359107 -0.06277945 0.9056825 -0.4227754 -0.03162741 -0.008282139 -0.9714321 -0.2371732 -0.01648654 -0.971669 -0.2357703 0.6364506 -0.660883 -0.3976988 0.655709 -0.6532441 -0.3785731 0.8527939 -0.03413092 0.5211311 0.8777101 -0.03413091 0.477975 0.8606741 -0.1109967 0.4969104 0.8443379 -0.09344424 0.5275999 0.8473217 -0.04139169 0.5294645 0.2918899 -0.8346244 -0.4671214 0.2731661 -0.8375683 -0.4731381 0.9269031 -0.3739022 0.03236845 0.930855 -0.3595443 0.0650918 0.01053312 -0.953366 -0.3016326 0.02116246 -0.9528719 -0.3026338 0.7311258 -0.5995774 -0.325518 0.7131712 -0.6086019 -0.347837 -0.01389219 -0.9994165 -0.03120243 0.3736783 -0.7947364 -0.4782872 0.3537088 -0.7986727 -0.4868388 0.9410781 -0.2946809 0.1659371 0.9414442 -0.3101234 0.1323106 0.05091504 -0.9306777 -0.3622798 0.06391487 -0.9297965 -0.362482 0.7985793 -0.5430877 -0.2594743 0.7826117 -0.5535166 -0.2848477 -0.0316395 -0.9947446 -0.09737637 -0.03495505 -0.9947637 -0.09603846 0.4378951 -0.7561284 -0.4863308 0.4586341 -0.7510639 -0.4749292 0.9358318 -0.228494 0.2683457 0.9407611 -0.2448485 0.2345585 0.1035692 -0.903727 -0.4153926 0.1188221 -0.9023132 -0.4143817 0.8426015 -0.4958702 -0.2100844 0.8559145 -0.4840574 -0.1819303 -0.04105771 -0.9854932 -0.1646737 -0.03539149 -0.9854056 -0.1665027 0.5232237 -0.7101335 -0.471113 0.5441771 -0.7038257 -0.4566187 0.9246224 -0.1783741 0.3365354 0.9150415 -0.1613085 0.3697008 0.1670289 -0.8726418 -0.4589091 0.1843425 -0.8705409 -0.4562635 0.8912314 -0.4359106 -0.1252542 0.9012703 -0.4227749 -0.09472698 -0.03289288 -0.971669 -0.234046 -0.02480659 -0.9714321 -0.2360177 0.627703 -0.6532443 -0.423392 0.607159 -0.6608824 -0.4411262 0.8932403 -0.1109973 0.4356619 0.8821908 -0.0413915 0.4690696 0.9005689 -0.02977509 0.4336924 0.8790842 -0.09344403 0.4674177 0.2585939 -0.8346245 -0.4863447 0.2394968 -0.8375683 -0.4910404 0.9331282 -0.359544 0 0.9269031 -0.3739022 -0.03236845 0 -0.952872 -0.3033727 -0.01053312 -0.953366 -0.3016326 0.6871706 -0.6086018 -0.3967374 0.7066377 -0.5995775 -0.3757259 -0.01603494 -0.9994165 -0.03015734 0.339405 -0.7947364 -0.5031882 0.3188872 -0.7986728 -0.510326 0.9483805 -0.3101234 0.0663173 0.9503608 -0.2946812 0.09988658 0.02552001 -0.9306778 -0.3649489 0.03847461 -0.9297966 -0.3660574 0.7608353 -0.553517 -0.3387455 0.778534 -0.543088 -0.3145477 -0.04156914 -0.9947636 -0.09336614 -0.03835499 -0.9947445 -0.09493213 0.4243874 -0.7510636 -0.5057656 0.4029028 -0.7561283 -0.5156931 0.9548317 -0.2448482 0.1683622 0.9522712 -0.2284936 0.2024112 0.07433985 -0.9037269 -0.4216054 0.08962679 -0.9023131 -0.4216611 0.8411387 -0.4840576 -0.2411927 0.8258942 -0.4958704 -0.2683494 -0.04691951 -0.9854056 -0.1636285 -0.05244485 -0.9854932 -0.1614085 0.4890864 -0.7101333 -0.5064635 0.5109991 -0.7038257 -0.4934665 0.9386016 -0.1613082 0.3049701 0.9458457 -0.1783738 0.2712171 0.1346106 -0.8726419 -0.4694424 0.152066 -0.870541 -0.468011 0.892467 -0.4227747 -0.1573664 0.8803232 -0.4359102 -0.1871185 -0.04120989 -0.971432 -0.2337124 -0.04913944 -0.971669 -0.2311813 0.5749082 -0.6608827 -0.4824052 0.5966406 -0.6532439 -0.4661461 0.9210271 -0.03122697 0.3882446 0.9095482 -0.0934448 0.4049572 0.9214544 -0.1109977 0.3722919 0.9127065 -0.04284576 0.4063634 0.2240385 -0.8346244 -0.5031987 0.2046599 -0.8375682 -0.5065509 0.9223874 -0.3739021 -0.09694646 0.930855 -0.3595442 -0.0650918 -0.02116246 -0.9528719 -0.3026338 -0.03154851 -0.9533661 -0.3001631 0.6787072 -0.5995771 -0.4241035 0.6578208 -0.6086018 -0.4437068 -0.01809954 -0.9994165 -0.02896534 0.2825117 -0.7986728 -0.5313275 0.3034774 -0.7947364 -0.5256382 0.9550135 -0.2946811 0.03335014 0.9506962 -0.3101237 0 0.01284556 -0.9297965 -0.3678495 0 -0.9306777 -0.3658401 0.7353521 -0.5535171 -0.3909936 0.7546956 -0.5430881 -0.3680893 -0.04798087 -0.9947636 -0.09023891 -0.04488383 -0.9947445 -0.09202532 0.3880736 -0.7510638 -0.5341367 0.3659489 -0.7561285 -0.5425412 0.9642499 -0.244849 0.1013464 0.9640708 -0.228494 0.1354918 0.04475008 -0.9037271 -0.4257639 0.05999511 -0.9023133 -0.4268857 0.8051637 -0.4958701 -0.3253067 0.8222649 -0.4840575 -0.2992802 -0.06357621 -0.9854932 -0.157357 -0.0582196 -0.9854057 -0.1599569 0.4525655 -0.7101333 -0.539347 0.4753322 -0.7038255 -0.52791 0.9624608 -0.178374 0.2045771 0.9575889 -0.1613081 0.2387539 0.1190487 -0.870541 -0.4774786 0.1015359 -0.8726419 -0.4776888 0.865126 -0.4359106 -0.2480709 0.8793159 -0.4227747 -0.2192377 -0.06514551 -0.971669 -0.2271905 -0.05741237 -0.971432 -0.2302684 0.5626704 -0.6532442 -0.5066301 0.5398564 -0.660883 -0.5213337 0.9389966 -0.03848347 0.3417665 0.9389965 -0.03848382 0.3417669 0.9551067 -0.03122724 0.2946117 0.9451796 -0.1109974 0.3071075 0.935581 -0.09344468 0.3405233 0.1883917 -0.8346244 -0.5176009 0.1688261 -0.8375683 -0.5195932 0.9133775 -0.3739028 -0.1610535 0.9240471 -0.3595442 -0.1298656 -0.04222125 -0.9528719 -0.3004204 -0.05240994 -0.953366 -0.2972312 0.6252678 -0.6086019 -0.4885121 0.6474697 -0.5995775 -0.4704143 -0.02007602 -0.9994165 -0.02763218 0.24476 -0.7986729 -0.5497401 0.2660712 -0.7947365 -0.5455273 0.9550135 -0.2946811 -0.03335014 0.9483805 -0.3101234 -0.0663173 -0.01284556 -0.9297966 -0.3678496 -0.02552001 -0.9306778 -0.3649489 0.7271802 -0.543088 -0.4198385 0.7062867 -0.5535166 -0.4413371 -0.05415874 -0.9947637 -0.08667226 -0.05119384 -0.9947445 -0.08867023 0.3272116 -0.7561284 -0.5667472 0.3498683 -0.7510638 -0.5599065 0.9711736 -0.2284946 0.06791117 0.9689706 -0.2448491 0.03383752 0.01494082 -0.903727 -0.4278485 0.03007066 -0.9023132 -0.430031 0.7993855 -0.4840571 -0.3559093 0.7805101 -0.4958697 -0.3806799 -0.07439824 -0.9854931 -0.1525387 -0.06923588 -0.9854057 -0.155506 0.4138408 -0.7101333 -0.5696021 0.4373492 -0.7038257 -0.5597813 0.9743869 -0.1783736 0.1369416 0.9719108 -0.1613083 0.1713738 0.08545142 -0.8705409 -0.4846199 0.06796691 -0.8726418 -0.483608 0.8618804 -0.4227748 -0.2800421 0.8457139 -0.4359106 -0.3078149 -0.07333516 -0.9714321 -0.2257027 -0.08083516 -0.9716689 -0.2220926 0.5021752 -0.6608827 -0.5577222 0.5259582 -0.6532443 -0.5446466 0.9643 -0.1109974 0.2404272 0.9686476 -0.02977524 0.246648 0.9603789 -0.04284552 0.2753843 0.9570557 -0.09344459 0.2744314 0.1518262 -0.8346244 -0.5294817 0.1321697 -0.8375682 -0.5301043 0.8999182 -0.373903 -0.2243744 0.9127368 -0.359545 -0.194008 -0.0630748 -0.9528719 -0.2967433 -0.07301597 -0.953366 -0.2928512 0.6130784 -0.5995773 -0.5144335 0.5896678 -0.6086017 -0.5309387 -0.02195456 -0.9994165 -0.02616451 0.2058164 -0.7986726 -0.5654747 0.227369 -0.7947364 -0.5627587 0.9503608 -0.2946812 -0.09988658 0.9414442 -0.3101234 -0.1323106 -0.05091504 -0.9306777 -0.3622798 -0.03847461 -0.9297966 -0.3660574 0.6737803 -0.5535164 -0.4895301 0.6961228 -0.5430876 -0.4695412 -0.0600729 -0.9947637 -0.08268303 -0.05725438 -0.9947445 -0.0848832 0.2868802 -0.7561283 -0.588192 0.3099588 -0.7510637 -0.5829484 0.9689706 -0.2448491 -0.03383752 0.9735453 -0.2284944 0 0 -0.9023132 -0.4310811 -0.01494081 -0.9037269 -0.4278485 0.7726115 -0.484057 -0.4108044 0.7520532 -0.4958701 -0.434199 -0.07991448 -0.9854056 -0.1502977 -0.08485749 -0.9854932 -0.1469774 0.3972355 -0.7038254 -0.588926 0.3730987 -0.7101332 -0.5970831 0.9814978 -0.1613079 0.10316 0.9815659 -0.1783738 0.06863787 0.03406626 -0.8726417 -0.4871714 0.0514378 -0.8705408 -0.4894004 0.8402462 -0.4227751 -0.3394811 0.8221816 -0.4359109 -0.3660588 -0.08890071 -0.9714321 -0.2200373 -0.09613073 -0.971669 -0.2159127 0.4620474 -0.6608829 -0.5913934 0.486685 -0.6532443 -0.5800083 0.9773093 -0.04139185 0.2077336 0.9796015 -0.0341305 0.1980305 0.9882548 -0.0341305 0.1489549 0.9787223 -0.1109976 0.1725748 0.9738677 -0.09344453 0.2070021 0.09486953 -0.8375683 -0.5380327 0.1145219 -0.8346245 -0.5387828 0.89698 -0.3595444 -0.2572055 0.8820745 -0.3739024 -0.2866036 -0.09326628 -0.953366 -0.2870446 -0.08362092 -0.952872 -0.2916206 0.5511941 -0.6086017 -0.5707793 0.5756998 -0.5995771 -0.5559469 -0.02372628 -0.9994165 -0.02456925 0.1658688 -0.7986727 -0.5784544 0.1875595 -0.7947362 -0.5772484 0.9410781 -0.2946809 -0.1659371 0.9299214 -0.3101234 -0.1976607 -0.07606251 -0.9306777 -0.3578455 -0.06391489 -0.9297965 -0.362482 0.6379912 -0.5535167 -0.5353378 0.661674 -0.5430877 -0.5169557 -0.06569402 -0.9947636 -0.07829132 -0.06303605 -0.9947446 -0.08068255 0.2451511 -0.7561284 -0.6067708 0.2685395 -0.7510636 -0.60315 0.9642499 -0.244849 -0.1013464 0.9711736 -0.2284946 -0.06791117 -0.04475008 -0.9037271 -0.4257639 -0.03007065 -0.9023132 -0.430031 0.7199332 -0.4958703 -0.4856015 0.7420725 -0.4840576 -0.4636989 -0.09020431 -0.9854057 -0.1443569 -0.09490331 -0.9854931 -0.1407001 0.3305393 -0.7101333 -0.6216546 0.3551865 -0.7038255 -0.615201 0.9839628 -0.1783739 0 0.9863029 -0.1613081 0.03444262 0.01717397 -0.8705408 -0.4917963 0 -0.8726418 -0.4883609 0.7946442 -0.4359105 -0.4225194 0.8145182 -0.4227751 -0.3972674 -0.1109576 -0.971669 -0.2086813 -0.1040334 -0.971432 -0.2132997 0.419668 -0.6608828 -0.6221837 0.44504 -0.6532443 -0.612545 0.9945896 -0.02977485 0.09952369 0.9883764 -0.1109973 0.103883 0.9894195 -0.04139141 0.1390536 0.9859352 -0.09344482 0.1385639 0.07665935 -0.8346245 -0.5454588 0.05710698 -0.8375685 -0.5433397 0.8768536 -0.3595446 -0.319148 0.8599334 -0.3739028 -0.3474353 -0.1130624 -0.953366 -0.2798395 -0.1037594 -0.9528719 -0.2850772 0.5355161 -0.5995774 -0.5947515 0.5100366 -0.6086016 -0.6078377 -0.02538233 -0.9994165 -0.02285436 0.1468359 -0.7947364 -0.5889255 0.1251142 -0.7986728 -0.5886154 0.9138678 -0.3101232 -0.262048 0.9272104 -0.2946807 -0.2311798 -0.08904529 -0.9297967 -0.3571404 -0.1008393 -0.9306777 -0.3516681 0.6240007 -0.5430875 -0.5618532 0.5990937 -0.5535163 -0.5785381 -0.07099547 -0.9947637 -0.07351784 -0.06851072 -0.9947445 -0.07608876 0.2022281 -0.7561284 -0.6223935 0.2258119 -0.7510638 -0.6204129 0.9548317 -0.2448482 -0.1683622 0.9640708 -0.228494 -0.1354918 -0.07433988 -0.9037269 -0.4216054 -0.05999514 -0.9023132 -0.4268857 0.7079192 -0.4840578 -0.514333 0.6843061 -0.4958705 -0.5346379 -0.1044869 -0.9854932 -0.1337372 -0.1000543 -0.9854057 -0.137713 0.3114071 -0.7038257 -0.6384787 0.2863697 -0.7101336 -0.6431973 0.9863029 -0.1613081 -0.03444262 0.9815659 -0.1783738 -0.06863787 -0.01717396 -0.8705409 -0.4917964 -0.03406623 -0.8726417 -0.4871713 0.7632346 -0.4359104 -0.4769225 0.7848223 -0.4227746 -0.4531177 -0.1186589 -0.971432 -0.2055233 -0.1252444 -0.971669 -0.2004327 0.3752446 -0.6608828 -0.6499428 0.4012266 -0.6532442 -0.6420975 0.9932152 -0.1109976 0.03468401 0.996648 -0.04284488 0.06969297 0.9982698 -0.03122696 0.04982257 0.9931992 -0.09344453 0.0694518 0.03842318 -0.8346246 -0.5494775 0.01906683 -0.8375684 -0.5459997 0.8524547 -0.3595443 -0.3795379 0.8336027 -0.3739023 -0.4065756 -0.1323079 -0.953366 -0.2712708 -0.123393 -0.9528719 -0.2771448 0.4927244 -0.5995772 -0.6306583 0.4663934 -0.6086016 -0.6419355 -0.02691475 -0.9994165 -0.02102809 0.1053964 -0.7947364 -0.5977338 0.08374975 -0.7986727 -0.5959093 0.8933624 -0.3101237 -0.3251567 0.9088256 -0.2946813 -0.2952948 -0.1137413 -0.9297966 -0.3500589 -0.1251245 -0.9306777 -0.3437774 0.5832882 -0.5430875 -0.6040123 0.5572771 -0.5535166 -0.6189196 -0.07365144 -0.9947446 -0.07112443 -0.0759508 -0.9947637 -0.06838642 0.1583196 -0.7561285 -0.634984 0.1819844 -0.7510638 -0.6346533 0.9522712 -0.2284936 -0.2024112 0.9407611 -0.2448485 -0.2345585 -0.08962679 -0.9023131 -0.4216611 -0.1035693 -0.903727 -0.4153926 0.6703166 -0.4840576 -0.5624624 0.6453441 -0.4958704 -0.581071 -0.1135615 -0.9854931 -0.1261227 -0.109417 -0.9854057 -0.1303981 0.2408052 -0.7101333 -0.6616068 0.2661098 -0.7038257 -0.6586463 0.9743869 -0.1783736 -0.1369416 0.9814978 -0.1613079 -0.10316 -0.06796695 -0.8726418 -0.483608 -0.0514378 -0.8705408 -0.4894004 0.7281074 -0.4359105 -0.5290006 0.7513027 -0.4227749 -0.5067599 -0.1327063 -0.971432 -0.1967454 -0.1389206 -0.9716689 -0.1912079 0.3554591 -0.6532441 -0.6685215 0.3289931 -0.6608826 -0.6745352 0.9992592 -0.03848371 0 0.9982698 -0.03122696 -0.04982257 0.9956245 -0.09344464 0 0.9992592 -0.03848371 0 0.9932152 -0.1109976 -0.03468401 -0.01906682 -0.8375684 -0.5459996 0 -0.8346245 -0.5508193 0.8032109 -0.3739022 -0.4637342 0.823903 -0.3595442 -0.4380774 -0.1424249 -0.952872 -0.2678623 -0.1509082 -0.953366 -0.2613808 0.4204779 -0.6086017 -0.6729059 0.4475316 -0.5995772 -0.6634927 -0.02831604 -0.9994165 -0.01909938 0.06344422 -0.7947363 -0.6036298 0.04197699 -0.7986727 -0.6002997 0.8860129 -0.294681 -0.3579725 0.868504 -0.3101237 -0.3866836 -0.1378825 -0.9297965 -0.3412722 -0.1488007 -0.9306777 -0.3342114 0.5397334 -0.543088 -0.6432288 0.5127463 -0.5535169 -0.6562851 -0.08053628 -0.9947637 -0.06292178 -0.07843345 -0.9947445 -0.06581347 0.1372688 -0.7510636 -0.6458023 0.1136392 -0.7561281 -0.6444815 0.9221078 -0.2448482 -0.2996105 0.9358318 -0.228494 -0.2683457 -0.1322933 -0.903727 -0.407156 -0.1188221 -0.9023132 -0.4143818 0.6032392 -0.4958703 -0.6246721 0.6294481 -0.4840577 -0.6078513 -0.1182465 -0.9854057 -0.1224479 -0.1220826 -0.9854932 -0.1178939 0.2195172 -0.7038255 -0.6756049 0.1940678 -0.7101331 -0.676793 0.9719108 -0.1613083 -0.1713738 0.9624608 -0.178374 -0.2045771 -0.1015359 -0.8726419 -0.4776888 -0.08545139 -0.870541 -0.4846199 0.7141227 -0.4227745 -0.5579342 0.6894325 -0.4359101 -0.5785026 -0.1519203 -0.971669 -0.1810515 -0.1461074 -0.971432 -0.1870089 0.2811376 -0.660883 -0.6958416 0.30796 -0.6532441 -0.6916884 0.9883764 -0.1109973 -0.103883 0.9945896 -0.02977485 -0.09952369 0.996648 -0.04284488 -0.06969297 0.9931992 -0.09344453 -0.0694518 -0.0384232 -0.8346246 -0.5494775 -0.05710698 -0.8375685 -0.5433397 0.7913375 -0.3595443 -0.4944825 0.768906 -0.3739024 -0.5186335 -0.160763 -0.9528719 -0.2572747 -0.1687735 -0.953366 -0.2502173 0.3725142 -0.608602 -0.7005974 0.4001586 -0.5995775 -0.6930944 -0.02957933 -0.9994165 -0.01707768 0.02118221 -0.7947363 -0.606585 0 -0.7986727 -0.6017657 0.8394147 -0.3101241 -0.4463251 0.8588836 -0.2946815 -0.4189054 -0.1613529 -0.9297967 -0.3308225 -0.1717515 -0.9306777 -0.3230175 0.4935493 -0.5430881 -0.6793116 0.465717 -0.5535171 -0.6904537 -0.08283331 -0.9947445 -0.06018191 -0.08472924 -0.9947637 -0.05715058 0.0918863 -0.7510635 -0.6538046 0.06840609 -0.7561282 -0.6508385 0.9148334 -0.2284932 -0.3329725 0.8989618 -0.2448477 -0.3632042 -0.1603721 -0.9037269 -0.3969361 -0.147438 -0.9023132 -0.4050837 0.5581946 -0.4958706 -0.6652301 0.5855139 -0.4840577 -0.6502781 -0.1300092 -0.9854932 -0.1090906 -0.1265 -0.9854056 -0.1139012 0.1718554 -0.7038253 -0.6892719 0.146383 -0.7101334 -0.6886818 0.9575889 -0.1613081 -0.2387539 0.9458457 -0.1783738 -0.2712171 -0.1190488 -0.870541 -0.4774785 -0.1346106 -0.8726419 -0.4694424 0.6473986 -0.4359102 -0.6251859 0.6734638 -0.4227744 -0.6063896 -0.1587966 -0.971432 -0.1763615 -0.1641797 -0.9716689 -0.1700131 0.2589594 -0.6532446 -0.7114854 0.2319136 -0.6608831 -0.7137573 0.9882548 -0.0341305 -0.1489549 0.9796015 -0.0341305 -0.1980305 0.9859352 -0.09344482 -0.1385639 0.9894195 -0.04139141 -0.1390536 0.9787223 -0.1109976 -0.1725748 -0.0948695 -0.8375683 -0.5380327 -0.07665934 -0.8346245 -0.5454588 0.7308543 -0.3739033 -0.5710064 0.7549168 -0.3595446 -0.5484781 -0.1783181 -0.9528719 -0.2454337 -0.1858168 -0.953366 -0.2378347 0.3227361 -0.608602 -0.7248759 0.3508358 -0.5995777 -0.7193197 -0.03069858 -0.9994165 -0.01497269 -0.04197701 -0.7986728 -0.6002997 -0.0211822 -0.7947363 -0.6065851 0.8275698 -0.2946818 -0.4777979 0.8062361 -0.310124 -0.5037921 -0.184037 -0.9297966 -0.3187611 -0.1938656 -0.9306778 -0.31025 0.44496 -0.5430881 -0.7120855 0.4164193 -0.5535167 -0.7212588 -0.08850945 -0.9947636 -0.05110109 -0.08682957 -0.9947445 -0.05425719 0.02283885 -0.7561283 -0.6540248 0.04605548 -0.7510635 -0.6586216 0.8714361 -0.2448484 -0.4250276 0.8893783 -0.2284935 -0.3959759 -0.1876707 -0.903727 -0.3847821 -0.1753366 -0.9023132 -0.3938121 0.5104312 -0.4958698 -0.7025475 0.5387256 -0.4840575 -0.6895382 -0.1341372 -0.9854057 -0.1047995 -0.1373023 -0.9854932 -0.09975591 0.1233545 -0.7038258 -0.6995806 0.09798725 -0.7101333 -0.6972153 0.9246224 -0.1783741 -0.3365354 0.9386016 -0.1613083 -0.3049701 -0.1670289 -0.8726418 -0.4589091 -0.152066 -0.870541 -0.468011 0.6295241 -0.4227749 -0.6518902 0.6022113 -0.4359106 -0.6688225 -0.1707122 -0.9714321 -0.1648547 -0.1756393 -0.9716689 -0.1581463 0.1815604 -0.6608829 -0.7281963 0.2086977 -0.6532446 -0.7278165 0.9686476 -0.02977524 -0.246648 0.9643 -0.1109974 -0.2404272 0.9738677 -0.09344453 -0.2070021 0.9773093 -0.04139185 -0.2077336 -0.1321699 -0.8375683 -0.5301043 -0.1145219 -0.8346244 -0.5387828 0.714817 -0.3595452 -0.5998031 0.6892428 -0.3739032 -0.6205972 -0.2019547 -0.953366 -0.2242934 -0.1950043 -0.9528719 -0.2323971 0.2713846 -0.6086017 -0.7456234 0.2998038 -0.5995773 -0.7420409 -0.03166824 -0.9994165 -0.01279479 -0.06344423 -0.7947363 -0.6036298 -0.08374972 -0.7986727 -0.5959092 0.7922245 -0.2946815 -0.5343624 0.7691301 -0.3101233 -0.5588045 -0.2058243 -0.9297966 -0.305147 -0.2150354 -0.9306777 -0.2959708 0.3942036 -0.5430876 -0.7413901 0.3650924 -0.5535164 -0.7485501 -0.09185856 -0.9947637 -0.04480238 -0.09040289 -0.9947445 -0.04806803 0 -0.7510637 -0.6602298 -0.02283884 -0.7561283 -0.6540248 0.8595895 -0.2284937 -0.457052 0.8396647 -0.2448483 -0.4847809 -0.2140548 -0.9037269 -0.3707534 -0.2023805 -0.9023132 -0.380622 0.4601799 -0.4958696 -0.7364426 0.489314 -0.4840569 -0.7254384 -0.1439264 -0.9854932 -0.08993524 -0.1411209 -0.9854057 -0.09518728 0.07425505 -0.7038258 -0.706481 0.04911338 -0.7101337 -0.7023517 0.898895 -0.1783738 -0.400213 0.9150415 -0.1613085 -0.3697008 -0.1843424 -0.8705409 -0.4562635 -0.1986343 -0.8726418 -0.4461397 0.5540888 -0.4359101 -0.7092023 0.5825161 -0.4227743 -0.6942167 -0.1862432 -0.971669 -0.1455092 -0.1817959 -0.971432 -0.1525449 0.1303206 -0.660883 -0.7390874 0.1574201 -0.6532442 -0.7406017 0.9451796 -0.1109974 -0.3071075 0.9603789 -0.04284551 -0.2753843 0.9551067 -0.03122724 -0.2946117 0.9570557 -0.09344459 -0.2744314 -0.1518261 -0.8346244 -0.5294817 -0.1688261 -0.8375683 -0.5195932 0.6442738 -0.3739032 -0.6671639 0.6712362 -0.3595453 -0.6482046 -0.2171087 -0.953366 -0.2096592 -0.2107404 -0.9528719 -0.2182282 0.2473113 -0.5995772 -0.7611466 0.2187113 -0.6086018 -0.762738 -0.03248361 -0.9994165 -0.01055457 -0.1053964 -0.7947364 -0.5977338 -0.1251142 -0.7986729 -0.5886155 0.7282753 -0.3101236 -0.611096 0.7530201 -0.2946807 -0.588323 -0.2266088 -0.9297965 -0.2900461 -0.2351574 -0.9306777 -0.2802497 0.3119864 -0.5535167 -0.772194 0.3415276 -0.5430877 -0.767082 -0.09353574 -0.9947445 -0.04164474 -0.09476001 -0.9947637 -0.03828558 -0.06840611 -0.7561281 -0.6508385 -0.04605548 -0.7510635 -0.6586217 0.8256133 -0.2284939 -0.5159004 0.8038026 -0.2448486 -0.542172 -0.2393957 -0.903727 -0.3549187 -0.2284382 -0.9023132 -0.3655775 0.4375185 -0.4840571 -0.7578036 0.4076871 -0.4958702 -0.766749 -0.1474171 -0.9854057 -0.08511127 -0.1498494 -0.9854932 -0.07967627 0 -0.7101337 -0.7040669 0.02479153 -0.703826 -0.7099398 0.8870237 -0.1613079 -0.4326299 0.8687876 -0.1783739 -0.4619426 -0.2292717 -0.8726417 -0.4311969 -0.215721 -0.8705409 -0.4422928 0.5032678 -0.4359104 -0.7461258 0.5326716 -0.4227746 -0.7331594 -0.1919942 -0.971432 -0.1394918 -0.1959397 -0.971669 -0.132163 0.1053746 -0.6532446 -0.7497784 0.0784484 -0.6608829 -0.7463776 0.9389966 -0.03848378 -0.3417665 0.9389966 -0.03848343 -0.3417669 0.9210271 -0.03122697 -0.3882446 0.9214544 -0.1109977 -0.3722919 0.935581 -0.09344469 -0.3405233 -0.2046599 -0.8375682 -0.5065508 -0.1883917 -0.8346244 -0.5176008 0.5961643 -0.3739028 -0.7104819 0.6243842 -0.3595446 -0.6934494 -0.2254499 -0.952872 -0.202996 -0.2312048 -0.953366 -0.194004 0.1649732 -0.608602 -0.7761362 0.1936145 -0.5995776 -0.7765437 -0.03314073 -0.9994165 -0.008262926 -0.146836 -0.7947364 -0.5889254 -0.1658687 -0.7986727 -0.5784544 0.7101458 -0.2946812 -0.6394185 0.683874 -0.3101233 -0.6604089 -0.2541338 -0.9306777 -0.2631633 -0.2462894 -0.9297966 -0.2735321 0.2573609 -0.553517 -0.7920759 0.2871861 -0.543088 -0.7890371 -0.09719982 -0.9947637 -0.03158217 -0.09621284 -0.9947445 -0.0350187 -0.1136392 -0.7561282 -0.6444815 -0.09188627 -0.7510635 -0.6538045 0.7640251 -0.2448487 -0.5969211 0.7876148 -0.2284943 -0.5722353 -0.2533831 -0.9023132 -0.348752 -0.2635703 -0.9037269 -0.3373547 0.3835908 -0.4840577 -0.7864771 0.3532093 -0.4958704 -0.7933195 -0.1550423 -0.9854932 -0.06902914 -0.152995 -0.9854057 -0.07462066 -0.04911337 -0.7101337 -0.7023517 -0.02479152 -0.703826 -0.7099397 0.8344478 -0.1783739 -0.5214208 0.854684 -0.1613083 -0.493452 -0.2587918 -0.8726418 -0.4141534 -0.2460479 -0.870541 -0.4261678 0.4499953 -0.4359106 -0.7794141 0.4802313 -0.422775 -0.7685306 -0.2046817 -0.9716689 -0.1181729 -0.2012569 -0.971432 -0.1257593 0.05281569 -0.6532441 -0.7553031 0.02619158 -0.6608826 -0.7500322 0.9127065 -0.04284576 -0.4063634 0.9005689 -0.02977509 -0.4336924 0.8932403 -0.1109973 -0.4356619 0.9095482 -0.0934448 -0.4049572 -0.2394969 -0.8375683 -0.4910403 -0.2240385 -0.8346244 -0.5031987 0.5744908 -0.3595451 -0.7353147 0.5451519 -0.3739031 -0.7503372 -0.239061 -0.9528719 -0.1867749 -0.2441747 -0.9533661 -0.1774033 0.1389727 -0.5995772 -0.7881585 0.1104307 -0.6086013 -0.7857541 -0.03363641 -0.9994165 -0.005930962 -0.1875595 -0.7947363 -0.5772485 -0.2058164 -0.7986726 -0.5654747 0.6638122 -0.2946804 -0.6873986 0.6361399 -0.3101228 -0.7065055 -0.2647701 -0.9297966 -0.2556855 -0.2718722 -0.9306777 -0.2447948 0.2314456 -0.543088 -0.8071482 0.2014822 -0.5535166 -0.8080991 -0.09916613 -0.9947637 -0.02472488 -0.09842129 -0.9947445 -0.02822179 -0.1372688 -0.7510636 -0.6458024 -0.1583197 -0.7561285 -0.6349839 0.7457784 -0.2284934 -0.6257837 0.7205245 -0.2448476 -0.6487635 -0.2770936 -0.9023132 -0.3302273 -0.2864611 -0.903727 -0.3181473 0.2970093 -0.4958702 -0.8160259 0.3277945 -0.4840574 -0.8113194 -0.1578276 -0.9854057 -0.0637665 -0.1594798 -0.9854932 -0.05804607 -0.09798723 -0.7101334 -0.6972153 -0.07425506 -0.7038258 -0.706481 0.8181804 -0.1613081 -0.55187 0.7960428 -0.1783735 -0.5783587 -0.2751764 -0.870541 -0.4079661 -0.2870512 -0.8726419 -0.3950922 0.4254515 -0.4227748 -0.8001578 0.39453 -0.4359103 -0.8089057 -0.2095391 -0.971432 -0.111414 -0.2124264 -0.971669 -0.1036073 0 -0.653244 -0.7571474 -0.02619157 -0.6608826 -0.7500321 0.8606741 -0.1109967 -0.4969104 0.8777101 -0.03413091 -0.477975 0.8527939 -0.03413092 -0.5211311 0.8790842 -0.09344404 -0.4674177 0.8821908 -0.04139149 -0.4690696 -0.2731661 -0.8375683 -0.4731379 -0.2585939 -0.8346245 -0.4863447 0.4914832 -0.3739029 -0.7865373 0.5217983 -0.3595449 -0.773598 -0.2559549 -0.953366 -0.1599384 -0.2515074 -0.952872 -0.1696439 0.05534983 -0.6086016 -0.7915431 0.0836563 -0.5995769 -0.7959328 -0.03396819 -0.9994165 -0.003570216 -0.2447601 -0.7986728 -0.5497402 -0.2273691 -0.7947364 -0.5627587 0.6142451 -0.2946805 -0.7320288 0.5853072 -0.310123 -0.7491591 -0.2819609 -0.9297966 -0.2365933 -0.2882859 -0.9306778 -0.2252337 0.1745784 -0.5430875 -0.8213271 0.1446199 -0.5535168 -0.8201855 -0.1001502 -0.9947447 -0.02128757 -0.1006493 -0.9947637 -0.01774708 -0.1819844 -0.7510638 -0.6346533 -0.2022281 -0.7561284 -0.6223935 0.6735135 -0.2448486 -0.6974446 0.7003105 -0.2284934 -0.676281 -0.2994541 -0.9023132 -0.3100938 -0.3079561 -0.903727 -0.2973897 0.2393623 -0.4958697 -0.8347568 0.2704005 -0.4840571 -0.8322093 -0.1631405 -0.9854932 -0.04677971 -0.1618913 -0.9854056 -0.05260166 -0.1233545 -0.7038257 -0.6995806 -0.1463831 -0.7101334 -0.6886818 0.7776912 -0.1613079 -0.6075985 0.7537585 -0.1783742 -0.6324798 -0.3139122 -0.8726418 -0.374106 -0.3029647 -0.870541 -0.3877769 0.3685988 -0.4227744 -0.8278869 0.3371425 -0.43591 -0.8344564 -0.2168006 -0.9714321 -0.09652584 -0.2191363 -0.971669 -0.08853678 -0.07844841 -0.6608829 -0.7463776 -0.05281569 -0.653244 -0.7553031 0.8473217 -0.04139168 -0.5294645 0.8239144 -0.1109976 -0.5557377 0.8258724 -0.02977479 -0.5630704 0.8443379 -0.09344426 -0.5275999 -0.2918898 -0.8346245 -0.4671213 -0.3055052 -0.8375683 -0.4529304 0.4665641 -0.3595449 -0.8081123 0.4354198 -0.373903 -0.8189055 -0.2627285 -0.9528719 -0.1516864 -0.2664882 -0.953366 -0.1416943 0.02793041 -0.5995772 -0.7998294 0 -0.6086015 -0.793476 -0.03413449 -0.9994165 -0.001192019 -0.2660711 -0.7947365 -0.5455273 -0.2825116 -0.7986729 -0.5313274 0.5616857 -0.2946809 -0.7730926 0.5316225 -0.3101237 -0.7881629 -0.3032953 -0.9306777 -0.2045752 -0.297778 -0.9297965 -0.2163483 0.08705562 -0.5535173 -0.8282753 0.1168607 -0.5430884 -0.8315038 -0.1016421 -0.9947636 -0.01068309 -0.1013912 -0.9947445 -0.01424964 -0.2451511 -0.7561284 -0.6067708 -0.2258118 -0.7510638 -0.6204129 0.651429 -0.2284944 -0.723485 0.6232219 -0.2448491 -0.742727 -0.3203556 -0.9023132 -0.2884496 -0.3279507 -0.9037269 -0.2751833 0.1805498 -0.4958704 -0.84942 0.211691 -0.4840574 -0.8490438 -0.1660062 -0.9854932 -0.03528566 -0.1651662 -0.9854057 -0.04118058 -0.1940677 -0.7101331 -0.676793 -0.1718553 -0.7038253 -0.6892718 0.707804 -0.1783744 -0.6835175 0.7334126 -0.161309 -0.6603676 -0.3392439 -0.8726418 -0.3512974 -0.3292766 -0.870541 -0.3656985 0.3099509 -0.4227743 -0.8515822 0.2781116 -0.4359104 -0.8559416 -0.2230057 -0.971432 -0.08116747 -0.2247784 -0.9716689 -0.07303499 -0.1053746 -0.6532446 -0.7497784 -0.1303206 -0.660883 -0.7390874 0.7967435 -0.03122728 -0.6035102 0.8082737 -0.04284531 -0.587246 0.7831417 -0.110997 -0.6118569 0.8054767 -0.09344463 -0.5852139 -0.3237635 -0.8346245 -0.4456224 -0.3363561 -0.8375683 -0.4305159 0.3772349 -0.373903 -0.8472841 0.4090562 -0.3595449 -0.8386897 -0.2726697 -0.9528719 -0.1329898 -0.2757231 -0.953366 -0.1227599 -0.05534983 -0.6086016 -0.7915431 -0.02793041 -0.5995772 -0.7998294 -0.03413449 -0.9994165 0.001192019 -0.3188872 -0.7986728 -0.5103261 -0.3034775 -0.7947364 -0.5256381 0.4753484 -0.3101234 -0.823327 0.5063883 -0.2946812 -0.8103912 -0.3168268 -0.9306777 -0.1829201 -0.3121442 -0.9297966 -0.1950494 0.05857248 -0.5430882 -0.8376303 0.02906536 -0.553517 -0.8323306 -0.1021382 -0.9947445 -0.007142158 -0.1021397 -0.9947637 -0.003566807 -0.2868801 -0.7561283 -0.588192 -0.2685396 -0.7510637 -0.6031499 0.5698945 -0.2448486 -0.7843911 0.5993742 -0.2284945 -0.7671641 -0.3463477 -0.9037269 -0.2516363 -0.3396966 -0.9023132 -0.2653999 0.1208579 -0.4958701 -0.8599454 0.1519484 -0.4840577 -0.8617424 -0.1680633 -0.9854932 -0.02361979 -0.1676365 -0.9854057 -0.02955882 -0.2408051 -0.7101333 -0.6616068 -0.2195171 -0.7038255 -0.6756048 0.6855612 -0.1613085 -0.7099193 0.6583997 -0.1783742 -0.7312267 -0.3539842 -0.8705409 -0.3418387 -0.3629227 -0.8726418 -0.3267773 0.217728 -0.43591 -0.8732566 0.2497917 -0.4227747 -0.8711289 -0.2281245 -0.9714321 -0.06541364 -0.2293255 -0.971669 -0.05717728 -0.1574202 -0.6532443 -0.7406017 -0.1815603 -0.6608828 -0.7281962 0.7385529 -0.1109964 -0.6649958 0.7654774 -0.0384848 -0.6423109 0.7326936 -0.03122791 -0.6798418 0.7654768 -0.03848391 -0.6423117 0.7626925 -0.09344376 -0.6399754 -0.3540599 -0.8346245 -0.421952 -0.365568 -0.8375683 -0.4060041 0.3172129 -0.373903 -0.8715345 0.3495559 -0.3595451 -0.8651809 -0.2836148 -0.953366 -0.1032274 -0.2812824 -0.9528719 -0.1136454 -0.08365626 -0.599577 -0.7959328 -0.1104306 -0.6086013 -0.7857541 -0.03396819 -0.9994165 0.003570215 -0.3394048 -0.7947364 -0.5031884 -0.3537089 -0.7986728 -0.4868387 0.4167577 -0.3101228 -0.8544804 0.4486245 -0.2946806 -0.8437413 -0.3249898 -0.9297966 -0.1728002 -0.3288148 -0.9306777 -0.1603737 0 -0.5430882 -0.8396757 -0.02906536 -0.553517 -0.8323306 -0.1023876 -0.9947445 -0 -0.1021397 -0.9947637 0.003566807 -0.309959 -0.7510636 -0.5829484 -0.3272118 -0.7561284 -0.5667471 0.5443996 -0.2284936 -0.8071057 0.5137891 -0.2448483 -0.8222348 -0.3630572 -0.903727 -0.2268634 -0.3573824 -0.9023132 -0.2410575 0.09146617 -0.4840572 -0.8702428 0.06057597 -0.4958701 -0.8662814 -0.1692901 -0.9854057 -0.01779311 -0.1693015 -0.9854932 -0.0118386 -0.2863698 -0.7101335 -0.6431972 -0.2661099 -0.7038256 -0.6586463 0.6057879 -0.1783742 -0.7753733 0.6343697 -0.1613084 -0.7560123 -0.3848337 -0.8726417 -0.3006648 -0.3769676 -0.8705409 -0.3163132 0.1562816 -0.4359097 -0.8863176 0.1884168 -0.422774 -0.8864318 -0.2321318 -0.971432 -0.04934113 -0.2327554 -0.9716689 -0.04104111 -0.2319136 -0.6608831 -0.7137574 -0.2086977 -0.6532444 -0.7278165 0.690366 -0.1109974 -0.7148947 0.7161932 -0.09344409 -0.6916181 0.6979274 -0.02977403 -0.7155494 0.71868 -0.04284476 -0.6940196 -0.3929986 -0.8375684 -0.3795146 -0.3826311 -0.8346246 -0.3962263 0.2556443 -0.3739029 -0.8915395 0.2883521 -0.3595448 -0.8874574 -0.2901247 -0.953366 -0.08319188 -0.2885247 -0.9528719 -0.09374733 -0.1649733 -0.608602 -0.7761362 -0.1389728 -0.5995772 -0.7881585 -0.03363641 -0.9994165 0.005930962 -0.3868075 -0.7986728 -0.4609791 -0.3736784 -0.7947364 -0.478287 0.3886763 -0.2946807 -0.8729799 0.3561372 -0.3101234 -0.8814703 -0.339201 -0.9306777 -0.1370461 -0.3362522 -0.9297966 -0.149709 -0.08705557 -0.5535172 -0.8282753 -0.05857249 -0.5430881 -0.8376303 -0.1016421 -0.9947636 0.01068309 -0.1021382 -0.9947445 0.007142158 -0.3659488 -0.7561285 -0.5425414 -0.3498682 -0.7510638 -0.5599066 0.4551809 -0.2448486 -0.8560721 0.4867725 -0.2284938 -0.8431151 -0.3733272 -0.9023132 -0.2155406 -0.377998 -0.903727 -0.2009852 0 -0.4958703 -0.8683966 0.03053846 -0.4840576 -0.8745031 -0.169715 -0.9854932 0 -0.1701189 -0.9854057 -0.005940671 -0.3305393 -0.7101334 -0.6216545 -0.3114071 -0.7038257 -0.6384787 0.5800872 -0.1613083 -0.7984225 0.5502249 -0.1783737 -0.8157422 -0.398114 -0.8705409 -0.2892469 -0.4048695 -0.8726418 -0.2730879 0.1261239 -0.4227742 -0.8974156 0.09407458 -0.43591 -0.89506 -0.2350082 -0.971432 -0.03302827 -0.2350513 -0.971669 -0.02470499 -0.2811377 -0.6608829 -0.6958415 -0.2589594 -0.6532444 -0.7114854 0.6613013 -0.03413114 -0.7493435 0.6231255 -0.03413111 -0.7813768 0.6388157 -0.1109968 -0.7613109 0.6685567 -0.04139086 -0.7425084 0.6662024 -0.09344427 -0.7398936 -0.4093387 -0.8346245 -0.3685699 -0.4185151 -0.8375683 -0.3511757 0.1928313 -0.3739034 -0.9072003 0.2257442 -0.3595452 -0.9054097 -0.2952211 -0.953366 -0.06275117 -0.2943613 -0.952872 -0.07339261 -0.1936144 -0.5995776 -0.7765437 -0.2187113 -0.6086019 -0.7627379 -0.03314073 -0.9994165 0.008262926 -0.4180215 -0.7986727 -0.4328741 -0.4061323 -0.7947364 -0.451055 0.2937811 -0.310123 -0.9041661 0.3268326 -0.2946807 -0.8979664 -0.3458762 -0.9297966 -0.1258886 -0.3479346 -0.9306777 -0.1130508 -0.14462 -0.5535167 -0.8201855 -0.1168607 -0.5430884 -0.8315039 -0.1006493 -0.9947637 0.01774708 -0.1013912 -0.9947447 0.01424964 -0.3880735 -0.7510638 -0.5341368 -0.4029031 -0.7561284 -0.5156929 0.4267738 -0.2284942 -0.8750168 0.3943567 -0.2448483 -0.8857382 -0.3874531 -0.9023132 -0.1889735 -0.3910973 -0.903727 -0.1741276 -0.06057598 -0.4958701 -0.8662814 -0.03053846 -0.4840575 -0.8745031 -0.1693015 -0.9854932 0.0118386 -0.1701189 -0.9854057 0.005940671 -0.3551866 -0.7038255 -0.6152009 -0.3730987 -0.7101331 -0.5970832 0.5229796 -0.1613081 -0.8369421 0.4919812 -0.1783739 -0.8521368 -0.4229329 -0.8726419 -0.2441804 -0.4173211 -0.8705409 -0.2607712 0.06321658 -0.4227747 -0.9040272 0.03140935 -0.4359107 -0.8994417 -0.2367397 -0.9714321 -0.01655445 -0.236202 -0.9716689 -0.008248489 -0.328993 -0.6608826 -0.6745353 -0.3079599 -0.6532441 -0.6916884 0.5841528 -0.1109971 -0.8040182 0.6129677 -0.09344396 -0.7845628 0.5834853 -0.02977478 -0.8115777 0.6151339 -0.04139124 -0.7873355 -0.4419923 -0.8375683 -0.3211263 -0.4340515 -0.8346245 -0.3391183 0.1620359 -0.3595454 -0.9189513 0.1290789 -0.3739033 -0.9184417 -0.2988792 -0.953366 -0.04200473 -0.2987638 -0.9528719 -0.05268012 -0.2713846 -0.6086017 -0.7456234 -0.2473114 -0.5995774 -0.7611466 -0.03248361 -0.9994165 0.01055457 -0.4366066 -0.7947364 -0.4216265 -0.4471991 -0.7986728 -0.4026596 0.2299945 -0.3101229 -0.9224566 0.2633978 -0.2946807 -0.9185776 -0.3538152 -0.9297966 -0.1014548 -0.354973 -0.9306777 -0.08850481 -0.2014821 -0.5535166 -0.8080992 -0.1745784 -0.5430876 -0.8213271 -0.09916613 -0.9947637 0.02472488 -0.1001502 -0.9947447 0.02128757 -0.437895 -0.7561285 -0.4863309 -0.4243873 -0.7510636 -0.5057656 0.3646965 -0.2284934 -0.9026557 0.3316091 -0.2448482 -0.9110898 -0.3996914 -0.9023132 -0.1614858 -0.4022912 -0.9037271 -0.146422 -0.09146617 -0.4840572 -0.8702428 -0.120858 -0.4958702 -0.8599455 -0.1692901 -0.9854057 0.01779311 -0.1680633 -0.9854932 0.02361979 -0.3972353 -0.7038255 -0.588926 -0.4138406 -0.7101334 -0.5696022 0.4313405 -0.1783744 -0.8843799 0.4633236 -0.1613085 -0.8713844 -0.4344949 -0.870541 -0.2310252 -0.4389358 -0.8726418 -0.2140833 -0.03140935 -0.4359107 -0.8994417 0 -0.4227749 -0.9062347 -0.236202 -0.9716689 0.008248489 -0.2373178 -0.971432 -0 -0.3554591 -0.6532441 -0.6685215 -0.3752447 -0.6608827 -0.6499426 0.5266449 -0.1109974 -0.8428077 0.5422817 -0.03122702 -0.8396162 0.5567463 -0.09344455 -0.82541 0.5586795 -0.04284527 -0.8282762 -0.4633163 -0.8375683 -0.2895122 -0.45665 -0.8346245 -0.3080142 0.06469772 -0.3739028 -0.9252085 0.09753848 -0.3595451 -0.9280159 -0.3017109 -0.9528719 -0.03171107 -0.3010813 -0.953366 -0.02105364 -0.322736 -0.6086019 -0.7248759 -0.2998038 -0.5995774 -0.7420409 -0.03166824 -0.9994165 0.01279479 -0.4741978 -0.7986727 -0.370484 -0.4649545 -0.7947364 -0.3901428 0.1650867 -0.3101237 -0.9362531 0.1986804 -0.2946808 -0.9347135 -0.3602822 -0.9306777 -0.06352746 -0.3600305 -0.9297965 -0.0765269 -0.257361 -0.553517 -0.792076 -0.2314456 -0.543088 -0.8071483 -0.09719982 -0.9947637 0.03158217 -0.09842129 -0.9947445 0.02822179 -0.4586343 -0.7510638 -0.4749292 -0.4707525 -0.7561283 -0.4546009 0.3008429 -0.2284943 -0.9258963 0.2672472 -0.2448493 -0.932002 -0.4099825 -0.9023132 -0.1332114 -0.411525 -0.903727 -0.1180028 -0.1805498 -0.4958704 -0.84942 -0.1519484 -0.4840577 -0.8617424 -0.1660062 -0.9854932 0.03528566 -0.1676365 -0.9854057 0.02955882 -0.4373492 -0.7038257 -0.5597813 -0.4525655 -0.7101333 -0.539347 0.3685988 -0.1783745 -0.9123144 0.4014099 -0.1613089 -0.9015816 -0.4495521 -0.870541 -0.2001534 -0.4528002 -0.8726418 -0.1829432 -0.06321657 -0.4227747 -0.9040273 -0.09407458 -0.43591 -0.89506 -0.2367397 -0.9714321 0.01655445 -0.2350513 -0.971669 0.02470499 -0.4196679 -0.6608829 -0.6221837 -0.4012266 -0.6532443 -0.6420974 0.4665708 -0.1109976 -0.8774914 0.4978126 -0.09344467 -0.8622358 0.49963 -0.03848358 -0.8653836 0.4996296 -0.03848328 -0.8653839 0.4559881 -0.03122669 -0.8894379 -0.482383 -0.8375683 -0.2564877 -0.4770236 -0.8346245 -0.2754096 0.03256506 -0.3595441 -0.9325597 0 -0.3739019 -0.9274682 -0.303188 -0.9528719 -0.01058755 -0.3018166 -0.953366 0 -0.3508359 -0.5995776 -0.7193197 -0.3725142 -0.6086019 -0.7005975 -0.03069858 -0.9994165 0.01497269 -0.4910366 -0.7947363 -0.3567593 -0.4988863 -0.7986727 -0.336503 0.09937491 -0.3101231 -0.9454884 0.1329927 -0.294681 -0.946296 -0.3638359 -0.9306777 -0.03824067 -0.3644917 -0.9297966 -0.05122603 -0.3119864 -0.5535169 -0.772194 -0.287186 -0.543088 -0.7890371 -0.09476001 -0.9947637 0.03828558 -0.09621283 -0.9947445 0.0350187 -0.4906461 -0.7510636 -0.4417802 -0.5013175 -0.7561285 -0.4206549 0.201584 -0.2448482 -0.948374 0.2355212 -0.2284945 -0.9446269 -0.4182762 -0.9023132 -0.1042879 -0.4187541 -0.9037269 -0.08900899 -0.2393622 -0.4958697 -0.8347569 -0.2116911 -0.4840574 -0.8490438 -0.1651662 -0.9854057 0.04118058 -0.1631405 -0.9854932 0.04677971 -0.4890864 -0.7101334 -0.5064632 -0.4753322 -0.7038255 -0.52791 0.304062 -0.1783742 -0.9358038 0.3375412 -0.1613089 -0.9273863 -0.4644588 -0.8726417 -0.1509118 -0.462419 -0.8705409 -0.1683066 -0.1562816 -0.4359098 -0.8863176 -0.1261238 -0.4227742 -0.8974156 -0.2327554 -0.9716689 0.04104111 -0.2350082 -0.971432 0.03302827 -0.4620474 -0.6608828 -0.5913935 -0.4450401 -0.6532442 -0.6125449 0.4379678 -0.04284534 -0.897969 0.4111046 -0.02977538 -0.9111017 0.4364523 -0.09344415 -0.8948618 0.4042232 -0.1109966 -0.9079006 -0.4950731 -0.8346244 -0.2414635 -0.4990997 -0.8375684 -0.2222134 -0.06469771 -0.3739028 -0.9252086 -0.03256506 -0.3595441 -0.9325597 -0.3010813 -0.953366 0.02105364 -0.303188 -0.9528719 0.01058755 -0.4204779 -0.6086017 -0.6729059 -0.4001584 -0.5995774 -0.6930946 -0.02957933 -0.9994165 0.01707768 -0.5211443 -0.7986727 -0.3008827 -0.5147268 -0.7947364 -0.3216369 0.03317818 -0.310124 -0.950117 0.06665959 -0.294681 -0.9532679 -0.3671772 -0.9297966 -0.02567534 -0.3656172 -0.9306777 -0.0127676 -0.3415278 -0.5430875 -0.7670819 -0.3650925 -0.5535163 -0.74855 -0.09353574 -0.9947445 0.04164474 -0.09185856 -0.9947637 0.04480238 -0.5202682 -0.7510638 -0.4064777 -0.5294395 -0.7561283 -0.3846606 0.1690545 -0.2284933 -0.9587551 0.1349363 -0.2448481 -0.9601258 -0.424532 -0.9023132 -0.07485659 -0.4239429 -0.9037269 -0.05958139 -0.2704005 -0.4840571 -0.8322093 -0.2970091 -0.4958701 -0.816026 -0.1618913 -0.9854057 0.05260167 -0.1594798 -0.9854932 0.05804607 -0.5109994 -0.7038257 -0.4934663 -0.5232236 -0.7101333 -0.4711132 0.2720272 -0.1613079 -0.9486732 0.2380414 -0.1783737 -0.9547351 -0.4738544 -0.8726418 -0.1181451 -0.4730331 -0.8705409 -0.1356402 -0.217728 -0.43591 -0.8732564 -0.1884168 -0.422774 -0.8864317 -0.2293255 -0.971669 0.05717728 -0.2321318 -0.971432 0.04934113 -0.5021752 -0.6608828 -0.5577222 -0.4866848 -0.6532443 -0.5800086 0.3399068 -0.1109973 -0.933886 0.3729681 -0.09344418 -0.9231268 0.3651288 -0.03413082 -0.9303311 0.3183011 -0.03413085 -0.9473751 0.3742861 -0.04139181 -0.926389 -0.5107109 -0.8346245 -0.2063405 -0.5133848 -0.8375683 -0.1868566 -0.09753843 -0.3595451 -0.9280159 -0.1290789 -0.3739033 -0.9184416 -0.2988792 -0.953366 0.04200473 -0.3017109 -0.9528719 0.03171107 -0.4663936 -0.6086016 -0.6419354 -0.4475318 -0.5995771 -0.6634927 -0.02831604 -0.9994165 0.01909938 -0.5359092 -0.7947364 -0.2849479 -0.5408633 -0.7986728 -0.2637969 0 -0.2946818 -0.9555954 -0.03317818 -0.310124 -0.950117 -0.3680738 -0.9297966 -0 -0.3656172 -0.9306777 0.0127676 -0.3942036 -0.5430877 -0.7413902 -0.4164191 -0.5535167 -0.7212589 -0.08850945 -0.9947636 0.05110109 -0.09040289 -0.9947445 0.04806803 -0.5473552 -0.7510636 -0.3691959 -0.5549825 -0.7561284 -0.3467914 0.06763379 -0.2448486 -0.9671994 0.1017637 -0.2284941 -0.968212 -0.4270665 -0.9037269 -0.02986317 -0.4287196 -0.9023132 -0.04506011 -0.3277945 -0.4840573 -0.8113195 -0.3532095 -0.4958703 -0.7933194 -0.1578276 -0.9854057 0.0637665 -0.1550423 -0.9854932 0.06902914 -0.5548127 -0.7101334 -0.4334668 -0.5441771 -0.7038255 -0.456619 0.2051891 -0.1613085 -0.9653378 0.1708634 -0.1783742 -0.9690141 -0.4813426 -0.870541 -0.1023124 -0.4809415 -0.8726418 -0.08480308 -0.2497918 -0.4227748 -0.8711289 -0.2781116 -0.4359104 -0.8559417 -0.2281245 -0.9714321 0.06541364 -0.2247784 -0.9716689 0.07303499 -0.5398567 -0.6608829 -0.5213335 -0.5259587 -0.6532443 -0.5446462 0.3076648 -0.09344433 -0.9468951 0.3087521 -0.04139201 -0.9502414 0.2707195 -0.02977515 -0.9621977 0.2739337 -0.1109973 -0.955322 -0.5238603 -0.8346245 -0.1702125 -0.5251685 -0.8375683 -0.1505898 -0.1928313 -0.3739034 -0.9072003 -0.162036 -0.3595454 -0.9189513 -0.2952211 -0.953366 0.06275117 -0.2987639 -0.9528719 0.05268012 -0.4927241 -0.5995773 -0.6306584 -0.5100363 -0.6086018 -0.6078379 -0.02691475 -0.9994165 0.02102809 -0.5579473 -0.7986727 -0.2254252 -0.5544807 -0.7947364 -0.2468709 -0.09937486 -0.3101231 -0.9454884 -0.06665961 -0.294681 -0.9532679 -0.3671772 -0.9297966 0.02567534 -0.3638359 -0.9306777 0.03824067 -0.4657172 -0.553517 -0.6904537 -0.4449602 -0.543088 -0.7120855 -0.08682957 -0.9947445 0.05425719 -0.08472924 -0.9947637 0.05715058 -0.5778215 -0.7561284 -0.3072331 -0.5717757 -0.7510638 -0.3301148 0 -0.2448481 -0.9695615 0.03397598 -0.2284937 -0.9729524 -0.4281092 -0.9037271 0 -0.4308184 -0.9023132 -0.01504466 -0.3835907 -0.4840579 -0.7864771 -0.4076871 -0.4958703 -0.766749 -0.1529951 -0.9854057 0.07462068 -0.1498494 -0.9854932 0.07967627 -0.5747036 -0.7038257 -0.4175466 -0.583698 -0.7101334 -0.3937094 0.1373508 -0.1613087 -0.9772995 0.1028526 -0.1783742 -0.9785724 -0.487307 -0.8705409 -0.06848666 -0.4856855 -0.8726418 -0.05104747 -0.3371424 -0.4359101 -0.8344564 -0.3099507 -0.4227743 -0.8515823 -0.2230058 -0.971432 0.08116747 -0.2191363 -0.971669 0.08853678 -0.5626702 -0.6532443 -0.5066302 -0.574908 -0.6608827 -0.4824053 0.2417003 -0.0428448 -0.9694046 0.2066271 -0.110998 -0.9721033 0.2224124 -0.03122629 -0.9744525 0.2408639 -0.09344497 -0.96605 -0.5343939 -0.8375683 -0.1135888 -0.5344578 -0.8346245 -0.1332553 -0.2556444 -0.3739029 -0.8915394 -0.2257442 -0.3595452 -0.9054098 -0.2901247 -0.953366 0.08319188 -0.2943613 -0.952872 0.07339261 -0.5511946 -0.6086017 -0.5707788 -0.5355165 -0.5995772 -0.5947514 -0.02538233 -0.9994165 0.02285436 -0.572313 -0.7986728 -0.1859557 -0.5703508 -0.7947364 -0.2075907 -0.1650867 -0.3101237 -0.936253 -0.1329927 -0.2946809 -0.946296 -0.3644917 -0.9297966 0.05122603 -0.3602822 -0.9306777 0.06352746 -0.512746 -0.5535169 -0.6562854 -0.493549 -0.5430881 -0.6793118 -0.08283331 -0.9947445 0.06018191 -0.08053628 -0.9947637 0.06292178 -0.5934104 -0.7510637 -0.2894257 -0.5978454 -0.7561284 -0.2661781 -0.06763381 -0.2448486 -0.9671994 -0.03397597 -0.2284936 -0.9729524 -0.4308184 -0.9023132 0.01504466 -0.4270665 -0.9037269 0.02986317 -0.4375186 -0.4840572 -0.7578036 -0.4601801 -0.4958697 -0.7364425 -0.1474171 -0.9854057 0.08511126 -0.1439264 -0.9854932 0.08993524 -0.6024303 -0.7038256 -0.3764401 -0.6097401 -0.7101334 -0.3520336 0.06884215 -0.1613079 -0.9845001 0.03433953 -0.1783733 -0.9833635 -0.4908973 -0.870541 -0.0343269 -0.4880633 -0.8726418 -0.0170437 -0.3945298 -0.4359103 -0.8089057 -0.3685989 -0.4227745 -0.8278868 -0.2168006 -0.9714321 0.09652584 -0.2124264 -0.971669 0.1036073 -0.6071586 -0.6608826 -0.4411266 -0.5966403 -0.6532441 -0.4661464 0.1383134 -0.1109974 -0.9841488 0.1735195 -0.03848314 -0.9840782 0.124284 -0.03122666 -0.9917552 0.1728881 -0.09344488 -0.9804988 0.1735192 -0.03848295 -0.9840783 -0.5410157 -0.8375683 -0.07603494 -0.5424511 -0.8346245 -0.09564883 -0.3172128 -0.3739031 -0.8715346 -0.288352 -0.3595448 -0.8874574 -0.2885247 -0.9528719 0.09374733 -0.2836148 -0.953366 0.1032274 -0.5756997 -0.5995772 -0.5559468 -0.5896676 -0.6086017 -0.5309387 -0.02372628 -0.9994165 0.02456925 -0.5834423 -0.7947364 -0.1672993 -0.5838905 -0.7986728 -0.1455803 -0.2299945 -0.3101229 -0.9224567 -0.1986805 -0.2946808 -0.9347135 -0.3600305 -0.9297965 0.0765269 -0.354973 -0.9306777 0.08850481 -0.5397332 -0.5430879 -0.6432289 -0.5572774 -0.5535168 -0.6189192 -0.07843345 -0.9947445 0.06581347 -0.0759508 -0.9947637 0.06838642 -0.6149569 -0.7561283 -0.223826 -0.6121545 -0.7510636 -0.2473263 -0.1349363 -0.2448482 -0.9601258 -0.1017637 -0.2284941 -0.968212 -0.4239429 -0.9037269 0.05958139 -0.4287196 -0.9023132 0.04506011 -0.5104309 -0.49587 -0.7025477 -0.4893138 -0.484057 -0.7254384 -0.1411209 -0.9854057 0.09518728 -0.1373023 -0.9854932 0.09975591 -0.6272219 -0.7038256 -0.3334999 -0.6328114 -0.7101334 -0.3086427 0 -0.1613078 -0.9869041 -0.03433952 -0.1783733 -0.9833635 -0.492096 -0.8705409 -0 -0.4880633 -0.8726418 0.0170437 -0.4499954 -0.4359106 -0.7794139 -0.4254514 -0.4227747 -0.8001579 -0.2095392 -0.971432 0.111414 -0.2046817 -0.9716689 0.1181729 -0.6364511 -0.6608825 -0.3976986 -0.6277037 -0.653244 -0.4233913 0.1040704 -0.09344398 -0.9901705 0.1044317 -0.04284583 -0.9936088 0.06932463 -0.1109969 -0.9913999 0.07469573 -0.02977533 -0.9967617 -0.5450017 -0.8375683 -0.03811026 -0.547802 -0.8346245 -0.05757635 -0.3772351 -0.3739029 -0.8472841 -0.349556 -0.359545 -0.865181 -0.2812824 -0.9528719 0.1136454 -0.2757231 -0.953366 0.1227599 -0.6130781 -0.5995775 -0.5144338 -0.6252673 -0.608602 -0.4885123 -0.02195456 -0.9994165 0.02616451 -0.5926234 -0.7986729 -0.1044955 -0.5936912 -0.7947364 -0.1261931 -0.2633978 -0.2946806 -0.9185777 -0.2937811 -0.3101229 -0.9041661 -0.3538152 -0.9297966 0.1014548 -0.3479346 -0.9306777 0.1130508 -0.5990936 -0.5535166 -0.5785379 -0.5832881 -0.5430879 -0.6040121 -0.07099547 -0.9947637 0.07351784 -0.07365144 -0.9947446 0.07112443 -0.629072 -0.7561285 -0.1803834 -0.6279157 -0.7510637 -0.2040226 -0.2015841 -0.2448482 -0.948374 -0.1690546 -0.2284933 -0.9587552 -0.424532 -0.9023132 0.07485659 -0.4187541 -0.9037269 0.08900899 -0.5581946 -0.4958701 -0.6652305 -0.538726 -0.4840573 -0.6895381 -0.1300092 -0.9854932 0.1090906 -0.1341372 -0.9854057 0.1047995 -0.6527997 -0.7101334 -0.263748 -0.6489578 -0.7038256 -0.2889346 -0.06884215 -0.1613079 -0.9845001 -0.1028526 -0.1783743 -0.9785725 -0.4908973 -0.870541 0.0343269 -0.4856855 -0.8726418 0.05104747 -0.5032677 -0.4359103 -0.7461259 -0.4802316 -0.422775 -0.7685304 -0.1959397 -0.971669 0.132163 -0.2012569 -0.971432 0.1257593 -0.6557086 -0.6532441 -0.378574 -0.6626425 -0.6608828 -0.3523334 0.03486972 -0.04139156 -0.9985344 0 -0.1109974 -0.9938207 0.02491689 -0.0341309 -0.9991067 -0.02491688 -0.0341309 -0.9991067 0.03474693 -0.0934445 -0.995018 -0.5504838 -0.8346245 -0.01922329 -0.5463326 -0.8375683 0 -0.4090562 -0.3595449 -0.8386897 -0.4354196 -0.3739029 -0.8189055 -0.2664882 -0.953366 0.1416943 -0.2726697 -0.9528719 0.1329898 -0.6578214 -0.6086018 -0.4437059 -0.6474701 -0.5995774 -0.470414 -0.02007602 -0.9994165 0.02763218 -0.5984692 -0.7986727 -0.06290169 -0.6010479 -0.7947364 -0.08447148 -0.3561373 -0.3101234 -0.8814703 -0.3268326 -0.2946806 -0.8979665 -0.3458762 -0.9297966 0.1258886 -0.339201 -0.9306777 0.1370461 -0.6240009 -0.5430877 -0.5618528 -0.637991 -0.5535166 -0.5353382 -0.06851072 -0.9947445 0.07608876 -0.06569402 -0.9947636 0.07829132 -0.6401225 -0.7561284 -0.1360624 -0.6406181 -0.7510638 -0.1597238 -0.2672471 -0.2448494 -0.932002 -0.2355211 -0.2284946 -0.944627 -0.4182762 -0.9023132 0.1042879 -0.411525 -0.903727 0.1180028 -0.5855135 -0.4840574 -0.6502787 -0.6032392 -0.4958703 -0.6246721 -0.1265 -0.9854056 0.1139012 -0.1220826 -0.9854932 0.1178939 -0.6696076 -0.7101333 -0.2175691 -0.6675321 -0.7038257 -0.2429617 -0.1373508 -0.1613087 -0.9772995 -0.1708635 -0.1783743 -0.9690141 -0.4809415 -0.8726418 0.08480308 -0.487307 -0.8705409 0.06848666 -0.5326712 -0.4227746 -0.7331597 -0.5540891 -0.4359105 -0.7092019 -0.1862432 -0.971669 0.1455092 -0.1919942 -0.971432 0.1394918 -0.6805193 -0.6532443 -0.3319116 -0.6856058 -0.6608829 -0.3052514 -0.03474692 -0.09344447 -0.9950179 -0.07469575 -0.02977533 -0.9967617 -0.06932463 -0.1109968 -0.9913999 -0.03486972 -0.04139157 -0.9985344 -0.5450017 -0.8375683 0.03811026 -0.5504838 -0.8346245 0.01922329 -0.4914834 -0.373903 -0.7865371 -0.466564 -0.3595448 -0.8081123 -0.2559549 -0.953366 0.1599384 -0.2627285 -0.9528719 0.1516864 -0.68717 -0.6086018 -0.3967382 -0.678707 -0.5995774 -0.4241033 -0.01809954 -0.9994165 0.02896534 -0.6054763 -0.7947363 -0.04233922 -0.601399 -0.7986727 -0.02100132 -0.4167577 -0.3101229 -0.8544804 -0.3886762 -0.2946807 -0.8729799 -0.3362522 -0.9297966 0.149709 -0.3288148 -0.9306777 0.1603737 -0.6616738 -0.5430875 -0.5169562 -0.6737805 -0.5535166 -0.4895296 -0.0600729 -0.9947637 0.08268303 -0.06303605 -0.9947447 0.08068255 -0.6501995 -0.7510636 -0.1146475 -0.6480546 -0.7561283 -0.09107782 -0.3008429 -0.2284944 -0.9258963 -0.3316091 -0.2448483 -0.9110898 -0.4099825 -0.9023132 0.1332114 -0.4022912 -0.9037271 0.146422 -0.6453446 -0.4958699 -0.5810708 -0.6294488 -0.4840574 -0.6078508 -0.1182465 -0.9854057 0.1224479 -0.1135615 -0.9854931 0.1261227 -0.6831536 -0.7101332 -0.1703291 -0.6828544 -0.7038254 -0.1958052 -0.2380413 -0.1783737 -0.9547351 -0.2051891 -0.1613085 -0.9653378 -0.4738544 -0.8726418 0.1181451 -0.4813426 -0.870541 0.1023124 -0.6022108 -0.4359103 -0.6688231 -0.5825166 -0.4227747 -0.6942161 -0.1817959 -0.971432 0.152545 -0.1756393 -0.9716689 0.1581463 -0.7020148 -0.6532443 -0.2836321 -0.7052292 -0.6608828 -0.2566823 -0.1040703 -0.09344399 -0.9901705 -0.1044317 -0.0428458 -0.9936087 -0.124284 -0.03122663 -0.9917552 -0.1383134 -0.1109974 -0.9841488 -0.5410157 -0.8375683 0.07603494 -0.547802 -0.8346245 0.05757635 -0.5451515 -0.3739028 -0.7503375 -0.5217986 -0.3595451 -0.7735978 -0.2515074 -0.952872 0.1696439 -0.2441747 -0.9533661 0.1774033 -0.7131714 -0.6086016 -0.3478372 -0.7066379 -0.5995772 -0.375726 -0.01603494 -0.9994165 0.03015734 -0.601399 -0.7986727 0.02100132 -0.6069547 -0.7947364 -0 -0.4753482 -0.3101236 -0.8233271 -0.4486243 -0.2946808 -0.8437413 -0.3249898 -0.9297966 0.1728002 -0.3168268 -0.9306777 0.1829201 -0.7062865 -0.553517 -0.441337 -0.6961225 -0.543088 -0.469541 -0.05725437 -0.9947445 0.08488319 -0.05415874 -0.9947637 0.08667226 -0.6528289 -0.7561285 -0.04565047 -0.6566127 -0.7510638 -0.06901324 -0.3943566 -0.2448483 -0.8857383 -0.3646966 -0.2284935 -0.9026556 -0.3910973 -0.903727 0.1741276 -0.3996914 -0.9023132 0.1614858 -0.6703163 -0.4840574 -0.5624627 -0.6843058 -0.4958703 -0.5346383 -0.1044869 -0.9854932 0.1337372 -0.109417 -0.9854057 0.130398 -0.6948494 -0.7038255 -0.1476951 -0.6933708 -0.7101334 -0.1222597 -0.2720272 -0.1613079 -0.9486734 -0.3040621 -0.1783742 -0.9358038 -0.4644588 -0.8726417 0.1509118 -0.473033 -0.8705409 0.1356402 -0.6473991 -0.4359105 -0.6251852 -0.6295236 -0.4227745 -0.6518909 -0.1707122 -0.9714321 0.1648547 -0.1641797 -0.9716689 0.1700131 -0.7214164 -0.6608829 -0.2068627 -0.7200899 -0.6532443 -0.2339714 -0.1735193 -0.03848306 -0.9840783 -0.1728881 -0.09344482 -0.9804988 -0.1735194 -0.03848298 -0.9840783 -0.2224125 -0.03122634 -0.9744525 -0.2066272 -0.1109979 -0.9721032 -0.5343939 -0.8375683 0.1135888 -0.5424511 -0.8346245 0.09564882 -0.596165 -0.3739029 -0.7104816 -0.5744907 -0.3595446 -0.7353149 -0.239061 -0.9528719 0.1867749 -0.2312048 -0.953366 0.194004 -0.735698 -0.6086018 -0.297241 -0.7311258 -0.5995772 -0.3255185 -0.01389219 -0.9994165 0.03120243 -0.5984692 -0.7986727 0.06290169 -0.6054763 -0.7947363 0.04233922 -0.5063887 -0.2946812 -0.8103909 -0.5316228 -0.3101236 -0.7881628 -0.3121442 -0.9297966 0.1950494 -0.3032953 -0.9306777 0.2045752 -0.7353523 -0.5535167 -0.3909937 -0.7271807 -0.543088 -0.4198377 -0.05119384 -0.9947445 0.08867023 -0.04798087 -0.9947636 0.09023891 -0.6544232 -0.7561284 0 -0.6598274 -0.7510638 -0.02304149 -0.4551808 -0.2448485 -0.8560722 -0.4267738 -0.2284941 -0.8750169 -0.3874531 -0.9023132 0.1889735 -0.377998 -0.903727 0.2009852 -0.7079193 -0.4840575 -0.5143331 -0.7199333 -0.4958699 -0.4856017 -0.09490331 -0.9854931 0.1407001 -0.1000543 -0.9854057 0.137713 -0.7034594 -0.7038257 -0.09886458 -0.7002103 -0.7101333 -0.07359559 -0.3375413 -0.1613089 -0.9273862 -0.368599 -0.1783745 -0.9123143 -0.4624191 -0.8705409 0.1683066 -0.4528002 -0.8726418 0.1829432 -0.6734635 -0.4227751 -0.6063894 -0.689432 -0.4359106 -0.5785027 -0.1587966 -0.971432 0.1763615 -0.1519203 -0.971669 0.1810515 -0.734089 -0.6608829 -0.1560357 -0.7346565 -0.6532444 -0.1831706 -0.2707194 -0.02977521 -0.9621977 -0.2417003 -0.04284478 -0.9694046 -0.2408639 -0.09344494 -0.96605 -0.2739336 -0.1109973 -0.955322 -0.5251685 -0.8375683 0.1505898 -0.5344577 -0.8346244 0.1332553 -0.6442732 -0.3739032 -0.6671644 -0.624384 -0.359545 -0.6934493 -0.2254499 -0.9528719 0.202996 -0.2171087 -0.953366 0.2096592 -0.7520518 -0.5995774 -0.2737243 -0.7546403 -0.6086018 -0.2451976 -0.01168178 -0.9994165 0.03209549 -0.6010479 -0.7947364 0.08447148 -0.5926234 -0.7986729 0.1044955 -0.5616856 -0.294681 -0.7730928 -0.585307 -0.310123 -0.7491591 -0.297778 -0.9297965 0.2163483 -0.2882859 -0.9306778 0.2252337 -0.7546955 -0.543088 -0.3680898 -0.7608352 -0.5535168 -0.338746 -0.04156914 -0.9947636 0.09336614 -0.04488383 -0.9947445 0.09202532 -0.6598274 -0.7510638 0.02304149 -0.6528289 -0.7561285 0.04565047 -0.4867724 -0.2284938 -0.8431152 -0.5137894 -0.2448485 -0.8222345 -0.3733272 -0.9023132 0.2155405 -0.3630572 -0.903727 0.2268634 -0.7520537 -0.4958702 -0.4341981 -0.7420726 -0.4840572 -0.463699 -0.08485749 -0.9854932 0.1469774 -0.09020431 -0.9854057 0.1443569 -0.7086425 -0.7038254 -0.04955321 -0.7036384 -0.7101333 -0.02457144 -0.4313405 -0.1783745 -0.88438 -0.4014098 -0.1613089 -0.9015818 -0.4495521 -0.870541 0.2001534 -0.4389358 -0.8726418 0.2140833 -0.7141228 -0.4227747 -0.5579337 -0.7281074 -0.4359105 -0.5290006 -0.1461074 -0.971432 0.1870089 -0.1389206 -0.9716689 0.1912079 -0.7431856 -0.6608827 -0.1044477 -0.7456446 -0.6532441 -0.1314769 -0.3399069 -0.1109972 -0.933886 -0.3087521 -0.04139212 -0.9502414 -0.3076648 -0.09344419 -0.9468952 -0.3183012 -0.03413089 -0.947375 -0.3651289 -0.03413088 -0.9303311 -0.5238603 -0.8346245 0.1702125 -0.5133848 -0.8375683 0.1868566 -0.6892429 -0.3739028 -0.6205972 -0.6712362 -0.3595449 -0.6482047 -0.2019547 -0.953366 0.2242934 -0.2107404 -0.9528719 0.2182282 -0.7693138 -0.5995773 -0.2205973 -0.7699062 -0.6086018 -0.1919594 -0.009414488 -0.9994165 0.03283218 -0.5936912 -0.7947364 0.1261931 -0.5838905 -0.7986728 0.1455803 -0.6361398 -0.3101231 -0.7065054 -0.6142448 -0.2946807 -0.732029 -0.2819609 -0.9297966 0.2365933 -0.2718722 -0.9306777 0.2447948 -0.7826118 -0.5535168 -0.2848472 -0.7785339 -0.5430878 -0.3145482 -0.03835499 -0.9947445 0.09493213 -0.03495505 -0.9947637 0.09603846 -0.6480546 -0.7561283 0.09107782 -0.6566127 -0.7510638 0.06901324 -0.5443998 -0.2284939 -0.8071055 -0.5698944 -0.2448487 -0.7843912 -0.3463477 -0.9037269 0.2516363 -0.3573824 -0.9023132 0.2410575 -0.7805098 -0.4958699 -0.3806803 -0.7726113 -0.4840574 -0.4108043 -0.07991449 -0.9854056 0.1502977 -0.07439824 -0.9854931 0.1525387 -0.7036384 -0.7101333 0.02457144 -0.7103729 -0.7038255 -0 -0.4633239 -0.1613084 -0.8713843 -0.4919811 -0.1783736 -0.852137 -0.4344949 -0.870541 0.2310252 -0.4229329 -0.8726419 0.2441804 -0.7513027 -0.4227749 -0.5067599 -0.7632346 -0.4359104 -0.4769225 -0.1252444 -0.971669 0.2004327 -0.1327063 -0.971432 0.1967454 -0.7486611 -0.6608828 -0.05235161 -0.7529995 -0.6532442 -0.07914352 -0.3742861 -0.04139186 -0.926389 -0.3729681 -0.09344418 -0.9231268 -0.4042231 -0.1109966 -0.9079006 -0.4111046 -0.02977547 -0.9111018 -0.4990997 -0.8375684 0.2222134 -0.5107109 -0.8346245 0.2063405 -0.7308548 -0.3739027 -0.5710062 -0.7148175 -0.3595446 -0.599803 -0.1950043 -0.9528719 0.2323971 -0.1858168 -0.953366 0.2378347 -0.7814211 -0.6086018 -0.1377853 -0.782828 -0.5995773 -0.1663951 -0.007101299 -0.9994165 0.03340892 -0.5834423 -0.7947364 0.1672993 -0.572313 -0.7986728 0.1859557 -0.683874 -0.3101233 -0.6604089 -0.6638125 -0.2946806 -0.6873983 -0.2541338 -0.9306777 0.2631633 -0.2647701 -0.9297966 0.2556855 -0.7985793 -0.5430878 -0.2594737 -0.8005754 -0.5535166 -0.2295614 -0.02817071 -0.9947637 0.09824282 -0.0316395 -0.9947446 0.09737637 -0.6401225 -0.7561284 0.1360624 -0.6501995 -0.7510636 0.1146475 -0.6232217 -0.2448489 -0.7427273 -0.5993742 -0.2284945 -0.7671641 -0.3396966 -0.9023132 0.2653999 -0.3279507 -0.9037269 0.2751833 -0.8051635 -0.4958698 -0.3253073 -0.7993855 -0.4840571 -0.3559093 -0.06923588 -0.9854057 0.155506 -0.06357621 -0.9854932 0.157357 -0.7002103 -0.7101333 0.07359559 -0.7086425 -0.7038254 0.0495532 -0.5229796 -0.1613077 -0.8369421 -0.5502253 -0.1783734 -0.8157421 -0.4173211 -0.8705409 0.2607712 -0.4048695 -0.8726418 0.2730879 -0.7848223 -0.4227746 -0.4531177 -0.7946442 -0.4359105 -0.4225194 -0.1186589 -0.971432 0.2055233 -0.1109576 -0.971669 0.2086813 -0.7566862 -0.6532441 -0.02642396 -0.7504893 -0.6608827 0 -0.4364524 -0.09344395 -0.8948618 -0.455988 -0.03122706 -0.8894379 -0.49963 -0.03848378 -0.8653837 -0.437968 -0.04284551 -0.897969 -0.4665711 -0.1109974 -0.8774913 -0.482383 -0.8375683 0.2564877 -0.4950731 -0.8346244 0.2414635 -0.7689058 -0.3739027 -0.5186334 -0.7549163 -0.3595446 -0.5484788 -0.1687735 -0.953366 0.2502173 -0.1783181 -0.9528719 0.2454337 -0.792528 -0.5995775 -0.1113825 -0.789129 -0.6086019 -0.08294086 -0.004753511 -0.9994165 0.03382289 -0.09282424 -0.9953828 0.02442775 -0.5579473 -0.7986727 0.2254252 -0.5703508 -0.7947364 0.2075907 -0.7282756 -0.3101238 -0.6110957 -0.7101458 -0.2946812 -0.6394185 -0.2351574 -0.9306777 0.2802497 -0.2462894 -0.9297966 0.2735321 -0.814734 -0.5430876 -0.2031362 -0.8146387 -0.5535167 -0.1731566 -0.02124905 -0.9947637 0.09996862 -0.02476978 -0.9947446 0.09934625 -0.640618 -0.7510638 0.1597238 -0.629072 -0.7561285 0.1803834 -0.6514294 -0.2284939 -0.7234848 -0.6735138 -0.244848 -0.6974443 -0.3203556 -0.9023132 0.2884496 -0.3079561 -0.903727 0.2973897 -0.8258945 -0.4958701 -0.268349 -0.8222651 -0.4840571 -0.2992803 -0.0582196 -0.9854057 0.1599569 -0.05244485 -0.9854932 0.1614085 -0.6933708 -0.7101334 0.1222597 -0.7034594 -0.7038257 0.09886458 -0.6057879 -0.1783738 -0.7753733 -0.5800874 -0.161308 -0.7984224 -0.3848337 -0.8726417 0.3006648 -0.398114 -0.8705409 0.2892469 -0.8221819 -0.4359105 -0.3660589 -0.8145185 -0.4227749 -0.397267 -0.1040334 -0.971432 0.2132997 -0.09613073 -0.971669 0.2159127 -0.7486611 -0.6608828 0.05235161 -0.7566862 -0.6532441 0.02642396 -0.5266449 -0.1109974 -0.8428077 -0.49963 -0.03848373 -0.8653836 -0.4978126 -0.09344468 -0.8622358 -0.5422813 -0.03122724 -0.8396165 -0.4633163 -0.8375683 0.2895122 -0.4770236 -0.8346244 0.2754096 -0.8032107 -0.3739026 -0.4637341 -0.7913374 -0.3595447 -0.4944824 -0.1509082 -0.953366 0.2613808 -0.160763 -0.9528719 0.2572747 -0.7983671 -0.5995775 -0.05582734 -0.7929924 -0.608602 -0.02769177 -0.004074929 -0.9982923 0.05827464 0.1184774 -0.9902655 0.07305684 -0.5544807 -0.7947364 0.2468709 -0.5408633 -0.7986728 0.2637969 -0.7691295 -0.3101233 -0.5588053 -0.75302 -0.2946811 -0.5883229 -0.2150354 -0.9306777 0.2959708 -0.2266088 -0.9297965 0.2900461 -0.8269194 -0.5430877 -0.145808 -0.824733 -0.5535166 -0.1159087 -0.01777943 -0.9947445 0.1008321 -0.01422384 -0.9947637 0.1012073 -0.6149569 -0.7561283 0.223826 -0.6279157 -0.7510637 0.2040226 -0.7003099 -0.2284934 -0.6762816 -0.7205244 -0.244848 -0.6487634 -0.2994541 -0.9023132 0.3100938 -0.2864611 -0.903727 0.3181473 -0.8426015 -0.4958702 -0.2100844 -0.8411387 -0.4840575 -0.2411927 -0.04691951 -0.9854056 0.1636285 -0.04105771 -0.9854932 0.1646737 -0.6948494 -0.7038255 0.1476951 -0.6831536 -0.7101332 0.1703291 -0.6343698 -0.1613081 -0.7560124 -0.6584 -0.178374 -0.7312265 -0.3629227 -0.8726418 0.3267773 -0.3769676 -0.8705408 0.3163132 -0.8457139 -0.4359106 -0.3078149 -0.8402461 -0.4227749 -0.3394817 -0.08083516 -0.9716689 0.2220926 -0.08890071 -0.9714321 0.2200373 -0.7529995 -0.6532442 0.07914352 -0.7431856 -0.6608827 0.1044477 -0.5586794 -0.04284567 -0.8282763 -0.5841529 -0.1109973 -0.804018 -0.5834853 -0.02977512 -0.8115777 -0.5567461 -0.09344462 -0.8254101 -0.4419923 -0.8375683 0.3211263 -0.45665 -0.8346245 0.3080142 -0.8336028 -0.3739025 -0.406575 -0.8239031 -0.3595444 -0.4380769 -0.1424249 -0.952872 0.2678623 -0.1323079 -0.953366 0.2712708 -0.7929924 -0.608602 0.02769177 -0.8003166 -0.5995775 -0 -0.5211443 -0.7986727 0.3008827 -0.5359092 -0.7947364 0.2849479 -0.7922246 -0.294681 -0.5343625 -0.8062361 -0.3101236 -0.5037922 -0.2058243 -0.9297966 0.305147 -0.1938656 -0.9306778 0.31025 -0.8308092 -0.5535168 -0.05809588 -0.835076 -0.5430878 -0.08777035 -0.1065127 -0.9901367 0.09101754 -0.007129143 -0.9947637 0.101953 0.01735966 -0.9923301 0.1223908 -0.01070244 -0.9947445 0.1018267 -0.6121545 -0.7510636 0.2473263 -0.5978454 -0.7561284 0.2661781 -0.7640252 -0.2448482 -0.5969211 -0.745779 -0.2284933 -0.625783 -0.2635703 -0.9037269 0.3373547 -0.2770936 -0.9023132 0.3302273 -0.8552037 -0.4958703 -0.1507953 -0.8559145 -0.4840574 -0.1819303 -0.03539149 -0.9854056 0.1665028 -0.02947066 -0.9854931 0.1671365 -0.6696076 -0.7101333 0.2175691 -0.6828544 -0.7038254 0.1958052 -0.7078034 -0.1783744 -0.683518 -0.6855609 -0.1613087 -0.7099195 -0.3392439 -0.8726418 0.3512974 -0.3539842 -0.8705409 0.3418387 -0.8618804 -0.4227748 -0.2800421 -0.865126 -0.4359106 -0.2480709 -0.07333517 -0.9714321 0.2257027 -0.06514551 -0.971669 0.2271905 -0.7456446 -0.6532441 0.1314769 -0.734089 -0.6608829 0.1560357 -0.6129674 -0.09344447 -0.784563 -0.6388156 -0.1109975 -0.7613108 -0.6151336 -0.04139147 -0.7873356 -0.6231263 -0.03413038 -0.7813762 -0.6613005 -0.03413036 -0.7493442 -0.4340515 -0.8346245 0.3391183 -0.4185151 -0.8375683 0.3511757 -0.8599332 -0.3739025 -0.3474358 -0.8524547 -0.3595445 -0.3795373 -0.123393 -0.9528719 0.2771448 -0.1130624 -0.953366 0.2798395 -0.7983671 -0.5995775 0.05582734 -0.789129 -0.6086019 0.08294086 -0.5147269 -0.7947364 0.3216369 -0.4988863 -0.7986727 0.336503 -0.82757 -0.2946813 -0.477798 -0.8394149 -0.3101239 -0.4463246 -0.1717515 -0.9306777 0.3230175 -0.184037 -0.9297966 0.3187611 -0.8391644 -0.5430879 -0.02930415 -0.8328381 -0.5535167 0 -0.5934104 -0.7510637 0.2894257 -0.5778215 -0.7561284 0.3072331 -0.7876145 -0.2284941 -0.5722357 -0.8038026 -0.2448486 -0.542172 -0.2393957 -0.903727 0.3549187 -0.2533831 -0.9023132 0.3487519 -0.8636395 -0.4958701 -0.09077246 -0.8665205 -0.4840575 -0.1217813 -0.01774003 -0.9854932 0.1687852 -0.02369029 -0.9854057 0.168566 -0.6675321 -0.7038257 0.2429617 -0.6527997 -0.7101334 0.263748 -0.7334127 -0.1613086 -0.6603676 -0.7537591 -0.1783742 -0.6324791 -0.3139122 -0.8726418 0.374106 -0.3292766 -0.870541 0.3656985 -0.8793156 -0.4227749 -0.2192381 -0.8803229 -0.4359106 -0.1871185 -0.05741237 -0.971432 0.2302684 -0.04913944 -0.971669 0.2311813 -0.7214164 -0.6608829 0.2068627 -0.7346565 -0.6532444 0.1831706 -0.668557 -0.04139114 -0.7425081 -0.6903657 -0.1109976 -0.7148949 -0.6662026 -0.09344485 -0.7398933 -0.6979274 -0.02977444 -0.7155493 -0.3929986 -0.8375684 0.3795146 -0.4093387 -0.8346245 0.36857 -0.8820744 -0.3739028 -0.2866035 -0.8768532 -0.3595446 -0.319149 -0.1037594 -0.9528719 0.2850772 -0.09326628 -0.953366 0.2870446 -0.7814211 -0.6086018 0.1377853 -0.792528 -0.5995775 0.1113825 -0.4741978 -0.7986727 0.370484 -0.4910366 -0.7947363 0.3567593 -0.8588836 -0.2946815 -0.4189054 -0.8685042 -0.3101239 -0.386683 -0.1488007 -0.9306777 0.3342114 -0.1613529 -0.9297967 0.3308225 -0.8308092 -0.5535168 0.05809588 -0.8391644 -0.5430878 0.02930415 -0.5549825 -0.7561284 0.3467914 -0.5717757 -0.7510638 0.3301148 -0.8396647 -0.2448483 -0.4847809 -0.8256133 -0.2284939 -0.5159004 -0.2284382 -0.9023132 0.3655775 -0.2140548 -0.9037269 0.3707534 -0.8678678 -0.4958699 -0.03030652 -0.8729048 -0.4840571 -0.06103935 -0.03921376 -0.9845541 0.1706329 -0.01187408 -0.9854057 0.169808 0.0205297 -0.9754954 0.2190596 -0.0376198 -0.9845808 0.1708376 -0.6328114 -0.7101334 0.3086427 -0.6489578 -0.7038256 0.2889346 -0.7776909 -0.1613085 -0.6075989 -0.7960424 -0.1783742 -0.5783589 -0.2870512 -0.8726419 0.3950922 -0.3029647 -0.870541 0.3877769 -0.8924672 -0.4227746 -0.1573654 -0.8912317 -0.4359102 -0.1252542 -0.03289288 -0.971669 0.234046 -0.04120989 -0.971432 0.2337124 -0.7052292 -0.6608828 0.2566823 -0.7200899 -0.6532443 0.2339714 -0.7161928 -0.09344428 -0.6916184 -0.7186798 -0.04284501 -0.69402 -0.7326944 -0.03122723 -0.6798409 -0.7385529 -0.1109968 -0.6649958 -0.3826311 -0.8346246 0.3962263 -0.365568 -0.8375683 0.4060041 -0.8999184 -0.3739022 -0.224375 -0.8969803 -0.3595444 -0.2572044 -0.07301597 -0.953366 0.2928512 -0.08362092 -0.952872 0.2916206 -0.782828 -0.5995773 0.1663951 -0.7699062 -0.6086018 0.1919594 -0.4649545 -0.7947364 0.3901427 -0.4471991 -0.7986728 0.4026596 -0.886013 -0.2946812 -0.357972 -0.8933622 -0.3101232 -0.3251578 -0.1251245 -0.9306777 0.3437774 -0.1378825 -0.9297965 0.3412722 -0.824733 -0.5535166 0.1159087 -0.835076 -0.5430878 0.08777035 -0.5294395 -0.7561283 0.3846606 -0.5473552 -0.7510636 0.3691959 -0.8595895 -0.2284938 -0.457052 -0.8714361 -0.2448484 -0.4250276 -0.1876707 -0.903727 0.3847821 -0.2023805 -0.9023132 0.380622 -0.8678678 -0.4958699 0.03030652 -0.8750364 -0.4840572 -0 -0.6272219 -0.7038257 0.3334998 -0.6097401 -0.7101334 0.3520336 -0.8181806 -0.1613083 -0.5518696 -0.8344478 -0.1783739 -0.5214208 -0.2587918 -0.8726418 0.4141534 -0.2751764 -0.870541 0.4079661 -0.9012702 -0.4227749 -0.0947281 -0.8977975 -0.4359109 -0.06278002 -0.02480659 -0.9714321 0.2360177 -0.01648654 -0.971669 0.2357703 -0.04717201 -0.9719575 0.2303764 0.006422699 -0.9637569 0.2667045 -0.7020148 -0.6532443 0.2836321 -0.6856058 -0.6608829 0.3052514 -0.7831414 -0.1109972 -0.6118572 -0.7654768 -0.03848378 -0.6423117 -0.7654766 -0.03848393 -0.6423119 -0.7967435 -0.03122728 -0.6035102 -0.7626923 -0.09344418 -0.6399754 -0.3363561 -0.8375683 0.4305159 -0.3540599 -0.8346245 0.421952 -0.9127371 -0.359544 -0.194008 -0.9133779 -0.3739023 -0.1610525 -0.0630748 -0.9528719 0.2967433 -0.05240994 -0.953366 0.2972312 -0.7546403 -0.6086018 0.2451976 -0.7693138 -0.5995774 0.2205973 -0.4366066 -0.7947364 0.4216265 -0.4180215 -0.7986727 0.4328741 -0.913868 -0.3101237 -0.2620469 -0.9088253 -0.2946808 -0.2952959 -0.1137413 -0.9297966 0.3500589 -0.1008393 -0.9306777 0.3516681 -0.8146387 -0.5535167 0.1731566 -0.8269194 -0.5430877 0.145808 -0.5202682 -0.7510638 0.4064777 -0.5013175 -0.7561285 0.4206549 -0.889378 -0.2284938 -0.3959764 -0.8989618 -0.2448484 -0.3632036 -0.1603721 -0.9037269 0.3969361 -0.1753366 -0.9023132 0.3938121 -0.8636395 -0.4958701 0.09077246 -0.8729048 -0.4840571 0.06103935 -0.583698 -0.7101334 0.3937094 -0.6024303 -0.7038256 0.3764401 -0.8687876 -0.1783739 -0.4619426 -0.854684 -0.1613083 -0.493452 -0.2460478 -0.8705409 0.4261677 -0.2292717 -0.8726417 0.4311969 -0.9056827 -0.4227749 -0.03162628 -0.8999901 -0.4359103 0 -0.6805193 -0.6532443 0.3319116 -0.6626425 -0.6608828 0.3523334 -0.8082739 -0.04284557 -0.5872456 -0.8239147 -0.1109974 -0.5557373 -0.805477 -0.0934444 -0.5852135 -0.8258727 -0.02977499 -0.5630699 -0.3055052 -0.8375683 0.4529304 -0.3237635 -0.8346245 0.4456224 -0.9240467 -0.3595447 -0.1298667 -0.9223871 -0.3739026 -0.0969476 -0.04222125 -0.9528719 0.3004204 -0.03154851 -0.9533661 0.3001631 -0.735698 -0.6086018 0.297241 -0.7520518 -0.5995774 0.2737243 -0.4061323 -0.7947364 0.451055 -0.3868075 -0.7986728 0.4609791 -0.9272106 -0.2946812 -0.2311787 -0.9299214 -0.3101234 -0.1976607 -0.08904529 -0.9297967 0.3571404 -0.07606251 -0.9306777 0.3578455 -0.8005754 -0.5535166 0.2295614 -0.814734 -0.5430877 0.2031362 -0.4906461 -0.7510636 0.4417802 -0.4707525 -0.7561283 0.4546009 -0.9221074 -0.2448487 -0.2996115 -0.9148332 -0.2284943 -0.3329724 -0.1322933 -0.903727 0.407156 -0.147438 -0.9023132 0.4050837 -0.8665205 -0.4840575 0.1217813 -0.8552037 -0.4958703 0.1507953 -0.5548127 -0.7101334 0.4334668 -0.5747035 -0.7038258 0.4175466 -0.8988948 -0.178374 -0.4002135 -0.8870235 -0.1613082 -0.4326303 -0.215721 -0.8705409 0.4422929 -0.1986343 -0.8726418 0.4461397 -0.9056827 -0.4227749 0.03162628 -0.8977975 -0.4359109 0.06278002 -0.6557086 -0.6532442 0.378574 -0.6364511 -0.6608825 0.3976986 -0.8443376 -0.09344448 -0.5276003 -0.8473215 -0.04139155 -0.5294649 -0.8527936 -0.03413092 -0.5211317 -0.8777101 -0.03413091 -0.477975 -0.860674 -0.1109972 -0.4969103 -0.2918898 -0.8346245 0.4671213 -0.2731661 -0.8375683 0.4731379 -0.9269029 -0.3739027 -0.03236729 -0.930855 -0.3595443 -0.0650918 -0.03961826 -0.9517551 0.3042905 -0.02116246 -0.9528719 0.3026338 -0.01093326 -0.9329366 0.3598746 -0.00116289 -0.9495285 0.3136786 -0.7131714 -0.6086016 0.3478372 -0.7311258 -0.5995772 0.3255185 -0.3537089 -0.7986728 0.4868387 -0.3736784 -0.7947364 0.478287 -0.9410778 -0.2946814 -0.1659382 -0.941444 -0.310124 -0.1323118 -0.06391489 -0.9297965 0.362482 -0.05091504 -0.9306777 0.3622798 -0.7826118 -0.5535168 0.2848472 -0.7985793 -0.5430878 0.2594737 -0.4586343 -0.7510638 0.4749292 -0.437895 -0.7561285 0.4863309 -0.9407613 -0.244849 -0.2345573 -0.9358318 -0.228494 -0.2683457 -0.1035693 -0.903727 0.4153926 -0.1188221 -0.9023132 0.4143818 -0.8559145 -0.4840574 0.1819303 -0.8426015 -0.4958702 0.2100844 -0.5441771 -0.7038255 0.456619 -0.5232236 -0.7101333 0.4711132 -0.9150415 -0.1613085 -0.3697008 -0.9246224 -0.1783741 -0.3365354 -0.1843424 -0.8705409 0.4562635 -0.1670289 -0.8726418 0.4589091 -0.8912317 -0.4359102 0.1252542 -0.9012702 -0.4227749 0.0947281 -0.6071586 -0.6608826 0.4411266 -0.6277037 -0.653244 0.4233913 -0.8821908 -0.0413915 -0.4690696 -0.8790841 -0.09344454 -0.4674177 -0.8932401 -0.1109975 -0.4356623 -0.9005696 -0.02977467 -0.4336911 -0.2394969 -0.8375683 0.4910403 -0.2585939 -0.8346245 0.4863447 -0.9331277 -0.359545 -0 -0.9269029 -0.3739027 0.03236729 -0.7066379 -0.5995772 0.375726 -0.68717 -0.6086018 0.3967382 -0.3188872 -0.7986728 0.5103261 -0.3394048 -0.7947364 0.5031884 -0.9483805 -0.3101234 -0.0663173 -0.9503608 -0.2946812 -0.09988658 -0.02552001 -0.9306778 0.3649489 -0.03030518 -0.9309694 0.3638373 -0.004310536 -0.9141995 0.4052415 -0.03847461 -0.9297966 0.3660574 -0.7608352 -0.5535168 0.338746 -0.7785339 -0.5430878 0.3145482 -0.4243873 -0.7510636 0.5057656 -0.4029031 -0.7561284 0.5156929 -0.9548313 -0.2448487 -0.1683633 -0.9522709 -0.2284947 -0.2024111 -0.08962679 -0.9023131 0.4216611 -0.07433988 -0.9037269 0.4216054 -0.8411387 -0.4840576 0.2411927 -0.8258945 -0.4958701 0.268349 -0.5109994 -0.7038257 0.4934663 -0.4890864 -0.7101334 0.5064632 -0.9386016 -0.1613082 -0.3049701 -0.9458457 -0.1783738 -0.2712171 -0.152066 -0.870541 0.468011 -0.1346106 -0.8726419 0.4694424 -0.8803229 -0.4359106 0.1871185 -0.8924672 -0.4227746 0.1573654 -0.574908 -0.6608827 0.4824053 -0.5966403 -0.6532441 0.4661464 -0.9214545 -0.1109966 -0.3722919 -0.912707 -0.04284515 -0.4063624 -0.9210265 -0.03122782 -0.3882459 -0.9095485 -0.09344427 -0.4049562 -0.2046599 -0.8375682 0.5065508 -0.2240385 -0.8346244 0.5031987 -0.9223871 -0.3739026 0.0969476 -0.930855 -0.3595442 0.0650918 -0.6578214 -0.6086018 0.4437059 -0.678707 -0.5995774 0.4241033 -0.2825116 -0.7986729 0.5313274 -0.3034775 -0.7947364 0.5256381 -0.9506962 -0.3101237 0 -0.9550135 -0.2946811 -0.03335014 -0.7353523 -0.5535167 0.3909937 -0.7546955 -0.5430879 0.3680898 -0.3659488 -0.7561285 0.5425414 -0.3880735 -0.7510638 0.5341368 -0.9640711 -0.2284935 -0.1354907 -0.9642502 -0.2448479 -0.1013464 -0.05999514 -0.9023132 0.4268857 -0.04475008 -0.9037271 0.4257639 -0.8222651 -0.4840571 0.2992803 -0.8051635 -0.4958698 0.3253073 -0.4753322 -0.7038255 0.52791 -0.4525655 -0.7101333 0.539347 -0.9575889 -0.1613081 -0.2387539 -0.9624608 -0.178374 -0.2045771 -0.1015359 -0.8726419 0.4776888 -0.1190488 -0.870541 0.4774785 -0.8793156 -0.4227749 0.2192381 -0.865126 -0.4359106 0.2480709 -0.5398567 -0.6608829 0.5213335 -0.5626702 -0.6532443 0.5066302 -0.9389963 -0.03848442 -0.3417675 -0.9355807 -0.09344413 -0.3405243 -0.9451796 -0.1109974 -0.3071075 -0.9389965 -0.03848382 -0.3417669 -0.9551072 -0.03122701 -0.2946103 -0.1688261 -0.8375683 0.5195932 -0.1883917 -0.8346244 0.5176008 -0.9240467 -0.3595447 0.1298667 -0.9133779 -0.3739023 0.1610525 -0.6474701 -0.5995774 0.4704141 -0.6252673 -0.608602 0.4885123 -0.2660711 -0.7947365 0.5455273 -0.2447601 -0.7986728 0.5497402 -0.9550135 -0.2946811 0.03335014 -0.9483805 -0.3101234 0.0663173 -0.7271807 -0.543088 0.4198377 -0.7062865 -0.553517 0.441337 -0.3272118 -0.7561284 0.5667471 -0.3498682 -0.7510638 0.5599066 -0.9689708 -0.244848 -0.03383753 -0.9711739 -0.2284935 -0.06791119 -0.03007065 -0.9023132 0.430031 0.006637893 -0.8932047 0.4496014 -0.03853284 -0.9014294 0.4312079 -0.7805098 -0.4958699 0.3806803 -0.7993855 -0.4840571 0.3559093 -0.4373492 -0.7038257 0.5597813 -0.4138406 -0.7101334 0.5696022 -0.974387 -0.1783742 -0.1369405 -0.9719108 -0.1613083 -0.1713738 -0.06796695 -0.8726418 0.483608 -0.08545139 -0.870541 0.4846199 -0.8457139 -0.4359106 0.3078149 -0.8618804 -0.4227748 0.2800421 -0.5259587 -0.6532443 0.5446462 -0.5021752 -0.6608828 0.5577222 -0.9643 -0.1109974 -0.2404272 -0.9570557 -0.09344459 -0.2744314 -0.960379 -0.04284441 -0.2753844 -0.9686477 -0.02977411 -0.2466481 -0.1518261 -0.8346244 0.5294817 -0.1321699 -0.8375683 0.5301043 -0.8999184 -0.3739022 0.224375 -0.9127371 -0.359544 0.194008 -0.5896676 -0.6086017 0.5309387 -0.6130781 -0.5995775 0.5144338 -0.2058164 -0.7986726 0.5654747 -0.2273691 -0.7947364 0.5627587 -0.9503608 -0.2946812 0.09988658 -0.941444 -0.310124 0.1323118 -0.6961225 -0.5430879 0.469541 -0.6737805 -0.5535166 0.4895296 -0.309959 -0.7510636 0.5829484 -0.2868801 -0.7561283 0.588192 -0.9689708 -0.244848 0.03383753 -0.9735455 -0.2284933 -0 -0.7520537 -0.4958702 0.4341981 -0.7726113 -0.4840574 0.4108043 -0.3972353 -0.7038254 0.588926 -0.3730987 -0.7101331 0.5970832 -0.9815657 -0.1783749 -0.06863787 -0.9814975 -0.161309 -0.10316 -0.03406623 -0.8726417 0.4871713 -0.0514378 -0.8705408 0.4894004 -0.01491185 -0.8447587 0.5349395 -0.02211001 -0.8698785 0.4927702 -0.02932958 -0.8720799 0.4884838 -0.8221819 -0.4359105 0.3660589 -0.8402461 -0.4227749 0.3394817 -0.4866848 -0.6532443 0.5800086 -0.4620474 -0.6608828 0.5913935 -0.9773093 -0.04139071 -0.2077336 -0.9738677 -0.09344453 -0.2070021 -0.9787223 -0.1109976 -0.1725748 -0.9796012 -0.0341305 -0.198032 -0.9882548 -0.0341305 -0.1489549 -0.1145219 -0.8346244 0.5387828 -0.0948695 -0.8375683 0.5380327 -0.8820744 -0.3739028 0.2866035 -0.8969803 -0.3595445 0.2572044 -0.5756997 -0.5995772 0.5559468 -0.5511946 -0.6086017 0.5707788 -0.1875595 -0.7947363 0.5772485 -0.1658687 -0.7986727 0.5784544 -0.9299214 -0.3101234 0.1976607 -0.9410778 -0.2946814 0.1659382 -0.637991 -0.5535166 0.5353382 -0.6616738 -0.5430875 0.5169562 -0.2685396 -0.7510637 0.6031499 -0.2451511 -0.7561284 0.6067708 -0.9642502 -0.2448479 0.1013464 -0.9711739 -0.2284935 0.06791119 -0.7420726 -0.4840572 0.463699 -0.7199333 -0.4958699 0.4856017 -0.3551866 -0.7038255 0.6152009 -0.3305393 -0.7101334 0.6216545 -0.9863029 -0.1613087 -0.03444149 -0.9839628 -0.1783739 0 -0.7946442 -0.4359105 0.4225194 -0.8145185 -0.4227749 0.397267 -0.4450401 -0.6532442 0.6125449 -0.4196679 -0.6608829 0.6221837 -0.9883764 -0.1109973 -0.103883 -0.9894195 -0.04139141 -0.1390536 -0.9859352 -0.09344482 -0.1385639 -0.9945896 -0.02977485 -0.09952369 -0.05710698 -0.8375685 0.5433397 -0.07665934 -0.8346245 0.5454588 -0.8599332 -0.3739025 0.3474358 -0.8768532 -0.3595446 0.319149 -0.5355165 -0.5995772 0.5947514 -0.5100363 -0.6086018 0.6078379 -0.146836 -0.7947364 0.5889254 -0.1251142 -0.7986729 0.5886155 -0.9272106 -0.2946812 0.2311787 -0.913868 -0.3101237 0.2620469 -0.5990936 -0.5535166 0.5785379 -0.6240009 -0.5430877 0.5618528 -0.2022281 -0.7561284 0.6223935 -0.2258119 -0.7510638 0.6204129 -0.9640711 -0.2284935 0.1354907 -0.9548313 -0.2448487 0.1683633 -0.6843058 -0.4958703 0.5346383 -0.7079193 -0.4840574 0.5143331 -0.2863698 -0.7101335 0.6431972 -0.3114071 -0.7038257 0.6384787 -0.9863029 -0.1613087 0.03444149 -0.9815657 -0.1783749 0.06863787 -0.7632346 -0.4359104 0.4769225 -0.7848223 -0.4227746 0.4531177 -0.4012266 -0.6532443 0.6420974 -0.3752447 -0.6608827 0.6499426 -0.996648 -0.04284538 -0.06969183 -0.9931993 -0.09344395 -0.06945068 -0.9932154 -0.110997 -0.03468287 -0.9982699 -0.03122719 -0.04982098 -0.03543077 -0.8351015 0.5489538 -0.0384232 -0.8346246 0.5494775 0.004895878 -0.8175714 0.5758065 -0.8524547 -0.3595445 0.3795373 -0.8336028 -0.3739025 0.406575 -0.4927241 -0.5995773 0.6306584 -0.4663936 -0.6086016 0.6419354 -0.08374972 -0.7986727 0.5959092 -0.1053964 -0.7947364 0.5977337 -0.8933622 -0.3101232 0.3251578 -0.9088253 -0.2946808 0.2952959 -0.5832881 -0.5430878 0.6040121 -0.5572774 -0.5535168 0.6189192 -0.1583197 -0.7561285 0.6349839 -0.1819844 -0.7510638 0.6346533 -0.9522709 -0.2284947 0.2024111 -0.9407613 -0.244849 0.2345573 -0.6703163 -0.4840574 0.5624627 -0.6453446 -0.4958699 0.5810708 -0.2408051 -0.7101333 0.6616068 -0.2661099 -0.7038256 0.6586463 -0.9814975 -0.161309 0.10316 -0.974387 -0.1783742 0.1369405 -0.7281074 -0.4359105 0.5290006 -0.7513027 -0.4227749 0.5067599 -0.3554591 -0.6532441 0.6685215 -0.328993 -0.6608826 0.6745353 -0.9956245 -0.09344464 -0 -0.9932154 -0.110997 0.03468287 -0.9992592 -0.03848371 -0 -0.9992592 -0.03848371 0 -0.9982699 -0.03122719 0.04982098 -0.8239031 -0.3595444 0.4380769 -0.8032107 -0.3739026 0.4637341 -0.4204779 -0.6086017 0.6729059 -0.4475318 -0.5995772 0.6634927 -0.06344423 -0.7947363 0.6036298 -0.03467399 -0.7973343 0.6025412 -0.04197701 -0.7986728 0.6002997 -0.02538817 -0.7569643 0.6529629 -0.01930752 -0.7882051 0.6151096 -0.886013 -0.2946812 0.357972 -0.8685042 -0.3101239 0.386683 -0.512746 -0.5535169 0.6562854 -0.5397332 -0.5430879 0.6432289 -0.1372688 -0.7510636 0.6458024 -0.1136392 -0.7561282 0.6444815 -0.9221074 -0.2448487 0.2996115 -0.9358318 -0.228494 0.2683457 -0.6032392 -0.4958703 0.6246721 -0.6294488 -0.4840575 0.6078508 -0.2195171 -0.7038255 0.6756048 -0.1940677 -0.7101331 0.676793 -0.9719108 -0.1613083 0.1713738 -0.9624608 -0.178374 0.2045771 -0.689432 -0.4359106 0.5785027 -0.7141228 -0.4227747 0.5579337 -0.3079599 -0.6532441 0.6916884 -0.2811377 -0.6608829 0.6958415 -0.9883764 -0.1109973 0.103883 -0.996648 -0.04284538 0.06969183 -0.9931993 -0.09344395 0.06945068 -0.9945896 -0.02977485 0.09952369 -0.7689058 -0.3739027 0.5186334 -0.7913374 -0.3595447 0.4944824 -0.3725142 -0.6086019 0.7005975 -0.4001584 -0.5995774 0.6930946 -0.8394149 -0.3101239 0.4463246 -0.8588836 -0.2946815 0.4189054 -0.4657172 -0.553517 0.6904537 -0.493549 -0.5430881 0.6793118 -0.06840611 -0.7561281 0.6508385 -0.09188627 -0.7510635 0.6538046 -0.9148332 -0.2284943 0.3329724 -0.8989618 -0.2448484 0.3632036 -0.5855135 -0.4840574 0.6502787 -0.5581946 -0.4958701 0.6652305 -0.1463831 -0.7101334 0.6886818 -0.1718553 -0.7038253 0.6892718 -0.9458457 -0.1783738 0.2712171 -0.9575889 -0.1613081 0.2387539 -0.6734635 -0.4227751 0.6063894 -0.6473991 -0.4359105 0.6251852 -0.2589594 -0.6532444 0.7114854 -0.2319136 -0.6608831 0.7137574 -0.9894195 -0.04139141 0.1390536 -0.9787223 -0.1109976 0.1725748 -0.9859352 -0.09344482 0.1385639 -0.9882548 -0.0341305 0.1489549 -0.9796012 -0.0341305 0.198032 -0.7549163 -0.3595446 0.5484788 -0.7308548 -0.3739027 0.5710062 -0.3508359 -0.5995777 0.7193198 -0.322736 -0.6086019 0.7248759 -0.8062361 -0.3101236 0.5037922 -0.82757 -0.2946813 0.477798 -0.4164191 -0.5535167 0.7212589 -0.4449602 -0.543088 0.7120855 -0.04605548 -0.7510635 0.6586217 -0.001330138 -0.7242434 0.6895432 -0.02945101 -0.7547312 0.6553727 -0.8714361 -0.2448484 0.4250276 -0.889378 -0.2284938 0.3959764 -0.538726 -0.4840573 0.6895381 -0.5104309 -0.49587 0.7025477 -0.09798723 -0.7101334 0.6972153 -0.1233545 -0.7038257 0.6995806 -0.9246224 -0.1783741 0.3365354 -0.9386016 -0.1613083 0.3049701 -0.6022108 -0.4359103 0.6688231 -0.6295236 -0.4227745 0.6518909 -0.1815603 -0.6608828 0.7281962 -0.2086977 -0.6532444 0.7278165 -0.9643 -0.1109974 0.2404272 -0.9773093 -0.04139071 0.2077336 -0.9738677 -0.09344453 0.2070021 -0.9686477 -0.02977411 0.2466481 -0.7148175 -0.3595446 0.599803 -0.6892429 -0.3739028 0.6205972 -0.2713846 -0.6086017 0.7456234 -0.2998038 -0.5995774 0.7420409 -0.7691295 -0.3101233 0.5588053 -0.7922246 -0.294681 0.5343625 -0.3650925 -0.5535163 0.74855 -0.3942036 -0.5430877 0.7413902 -0.8595895 -0.2284937 0.457052 -0.8396647 -0.2448483 0.4847809 -0.4601801 -0.4958697 0.7364425 -0.4893138 -0.4840571 0.7254384 -0.04911337 -0.7101337 0.7023517 -0.07425506 -0.7038258 0.706481 -0.02027823 -0.6893986 0.7240983 -0.03631101 -0.7068734 0.7064075 -0.8988948 -0.178374 0.4002135 -0.9150415 -0.1613085 0.3697008 -0.5825166 -0.4227747 0.6942161 -0.5540891 -0.4359105 0.7092019 -0.1574202 -0.6532443 0.7406017 -0.1303206 -0.660883 0.7390874 -0.9551072 -0.03122701 0.2946103 -0.9389965 -0.03848382 0.3417669 -0.9570557 -0.09344459 0.2744314 -0.960379 -0.04284441 0.2753844 -0.9451796 -0.1109974 0.3071075 -0.6442732 -0.3739032 0.6671644 -0.6712362 -0.3595449 0.6482047 -0.2187113 -0.6086019 0.7627379 -0.2473114 -0.5995774 0.7611466 -0.75302 -0.2946811 0.5883229 -0.7282756 -0.3101238 0.6110957 -0.3119864 -0.5535169 0.772194 -0.3415278 -0.5430876 0.7670819 -0.8038026 -0.2448486 0.542172 -0.8256133 -0.2284939 0.5159004 -0.4375186 -0.4840572 0.7578036 -0.4076871 -0.4958703 0.766749 -0.8687876 -0.1783739 0.4619426 -0.8870235 -0.1613082 0.4326303 -0.5326712 -0.4227746 0.7331597 -0.5032677 -0.4359103 0.7461259 -0.1053746 -0.6532446 0.7497784 -0.07844841 -0.6608829 0.7463776 -0.9210265 -0.03122782 0.3882459 -0.9214545 -0.1109966 0.3722919 -0.9355807 -0.09344415 0.3405243 -0.9389963 -0.03848442 0.3417675 -0.596165 -0.3739029 0.7104816 -0.624384 -0.359545 0.6934493 -0.1936144 -0.5995776 0.7765437 -0.1649733 -0.608602 0.7761362 -0.7101458 -0.2946812 0.6394185 -0.683874 -0.3101233 0.6604089 -0.257361 -0.553517 0.792076 -0.287186 -0.543088 0.7890371 -0.7640252 -0.2448482 0.5969211 -0.7876145 -0.228494 0.5722357 -0.3835907 -0.4840579 0.7864771 -0.3532095 -0.4958703 0.7933194 -0.8344478 -0.1783739 0.5214208 -0.854684 -0.1613083 0.493452 -0.4499954 -0.4359106 0.7794139 -0.4802316 -0.4227749 0.7685304 -0.03324369 -0.658911 0.7514859 -0.01022948 -0.6151953 0.7883084 -0.01742433 -0.6530775 0.7570907 -0.05281569 -0.6532441 0.7553031 -0.9005696 -0.02977467 0.4336911 -0.8932401 -0.1109975 0.4356623 -0.912707 -0.04284515 0.4063624 -0.9095485 -0.09344426 0.4049562 -0.5744907 -0.3595446 0.7353149 -0.5451515 -0.3739028 0.7503375 -0.1389728 -0.5995772 0.7881585 -0.1104306 -0.6086013 0.7857541 -0.6361398 -0.3101231 0.7065054 -0.6638125 -0.2946806 0.6873983 -0.2014821 -0.5535166 0.8080992 -0.2314456 -0.543088 0.8071483 -0.7205244 -0.244848 0.6487634 -0.745779 -0.2284934 0.625783 -0.3277945 -0.4840573 0.8113195 -0.2970091 -0.4958701 0.816026 -0.7960424 -0.1783742 0.5783589 -0.8181806 -0.1613083 0.5518696 -0.3945298 -0.4359103 0.8089057 -0.4254514 -0.4227747 0.8001579 -0.8777101 -0.03413091 0.477975 -0.8527936 -0.03413092 0.5211317 -0.860674 -0.1109972 0.4969103 -0.8821908 -0.04139149 0.4690696 -0.8790841 -0.09344454 0.4674177 -0.4914834 -0.373903 0.7865371 -0.5217986 -0.359545 0.7735978 -0.08365626 -0.599577 0.7959328 -0.02326965 -0.5756555 0.8173612 -0.03632322 -0.602396 0.7973704 -0.05534983 -0.6086016 0.7915431 -0.585307 -0.310123 0.7491591 -0.6142448 -0.2946807 0.732029 -0.14462 -0.5535167 0.8201855 -0.1745784 -0.5430876 0.8213271 -0.7003099 -0.2284934 0.6762816 -0.6735138 -0.244848 0.6974443 -0.2704005 -0.4840571 0.8322093 -0.2393622 -0.4958697 0.8347569 -0.7776909 -0.1613085 0.6075989 -0.7537591 -0.1783742 0.6324791 -0.3371424 -0.4359101 0.8344564 -0.3685989 -0.4227744 0.8278868 -0.8258727 -0.02977499 0.5630699 -0.8239147 -0.1109974 0.5557373 -0.8443376 -0.09344448 0.5276003 -0.8473215 -0.04139155 0.5294649 -0.466564 -0.3595448 0.8081123 -0.4354196 -0.3739029 0.8189055 -0.5316228 -0.3101236 0.7881628 -0.5616856 -0.294681 0.7730928 -0.1168607 -0.5430883 0.8315039 -0.08705557 -0.5535172 0.8282753 -0.6514294 -0.2284938 0.7234848 -0.6232217 -0.2448489 0.7427273 -0.1805498 -0.4958704 0.84942 -0.2116911 -0.4840574 0.8490438 -0.7334127 -0.1613086 0.6603676 -0.7078034 -0.1783744 0.683518 -0.3099507 -0.4227743 0.8515823 -0.2781116 -0.4359104 0.8559417 -0.7967435 -0.03122728 0.6035102 -0.8082739 -0.04284557 0.5872456 -0.7831414 -0.1109972 0.6118572 -0.805477 -0.0934444 0.5852135 -0.4090562 -0.3595449 0.8386897 -0.3772351 -0.3739029 0.8472841 -0.4753482 -0.3101236 0.8233271 -0.5063887 -0.2946811 0.8103909 -0.05857249 -0.5430881 0.8376303 -0.03731316 -0.5506591 0.8338958 -0.02114241 -0.4927866 0.8698934 -0.01016733 -0.5349687 0.8448107 -0.5698944 -0.2448487 0.7843912 -0.5993742 -0.2284945 0.7671641 -0.1519484 -0.4840577 0.8617424 -0.120858 -0.4958702 0.8599455 -0.6584 -0.178374 0.7312265 -0.6855609 -0.1613087 0.7099195 -0.217728 -0.43591 0.8732564 -0.2497918 -0.4227748 0.8711289 -0.7654766 -0.03848373 0.6423119 -0.7326944 -0.03122723 0.6798409 -0.7654768 -0.03848391 0.6423117 -0.7385529 -0.1109968 0.6649958 -0.7626923 -0.09344421 0.6399754 -0.349556 -0.359545 0.865181 -0.3172128 -0.3739031 0.8715346 -0.4167577 -0.3101229 0.8544804 -0.4486243 -0.2946808 0.8437413 -0.5137894 -0.2448485 0.8222345 -0.5443998 -0.2284939 0.8071055 -0.09146617 -0.4840572 0.8702428 -0.06057598 -0.4958701 0.8662814 -0.03531833 -0.4859723 0.8732603 -0.02743022 -0.4494418 0.8928884 -0.6057879 -0.1783738 0.7753733 -0.6343698 -0.1613081 0.7560124 -0.1562816 -0.4359098 0.8863176 -0.1884168 -0.422774 0.8864317 -0.6979274 -0.02977444 0.7155493 -0.7161928 -0.09344428 0.6916184 -0.6903657 -0.1109976 0.7148949 -0.7186798 -0.04284503 0.69402 -0.2556444 -0.3739029 0.8915394 -0.288352 -0.3595448 0.8874574 -0.3886762 -0.2946807 0.8729799 -0.3561373 -0.3101234 0.8814703 -0.4867724 -0.2284938 0.8431152 -0.4551808 -0.2448485 0.8560722 -0.5800874 -0.1613081 0.7984224 -0.5502253 -0.1783734 0.8157421 -0.1261238 -0.4227742 0.8974156 -0.09407458 -0.43591 0.89506 -0.6388156 -0.1109975 0.7613108 -0.6613005 -0.03413036 0.7493442 -0.6231263 -0.03413038 0.7813762 -0.6662026 -0.09344485 0.7398933 -0.668557 -0.04139114 0.7425081 -0.1928313 -0.3739034 0.9072003 -0.2257442 -0.3595451 0.9054098 -0.2937811 -0.3101229 0.9041661 -0.3268326 -0.2946806 0.8979665 -0.4267738 -0.2284941 0.8750169 -0.3943566 -0.2448483 0.8857383 -0.5229796 -0.1613077 0.8369421 -0.4919811 -0.1783736 0.852137 -0.03823936 -0.4331355 0.9005172 -0.06321657 -0.4227747 0.9040273 -0.007417195 -0.4052301 0.9141846 -0.5834853 -0.02977512 0.8115777 -0.5841529 -0.1109973 0.804018 -0.6129674 -0.09344447 0.784563 -0.6151336 -0.0413915 0.7873356 -0.162036 -0.3595454 0.9189512 -0.1290789 -0.3739033 0.9184416 -0.2633978 -0.2946806 0.9185777 -0.2299945 -0.3101229 0.9224567 -0.3646966 -0.2284935 0.9026556 -0.3316091 -0.2448483 0.9110898 -0.4633239 -0.1613083 0.8713843 -0.4313405 -0.1783745 0.88438 -0.5422813 -0.03122724 0.8396165 -0.5586794 -0.04284567 0.8282763 -0.5567461 -0.09344463 0.8254101 -0.5266449 -0.1109974 0.8428077 -0.06469771 -0.3739028 0.9252086 -0.03369368 -0.360056 0.9323221 -0.09753843 -0.3595451 0.9280159 -0.03237912 -0.3135197 0.9490294 -0.03339379 -0.3596942 0.9324725 -0.1986805 -0.2946808 0.9347135 -0.1650867 -0.3101237 0.936253 -0.2672471 -0.2448494 0.932002 -0.3008429 -0.2284944 0.9258963 -0.4014098 -0.1613089 0.9015818 -0.368599 -0.1783745 0.9123143 -0.49963 -0.03848378 0.8653837 -0.455988 -0.03122706 0.8894379 -0.49963 -0.03848376 0.8653836 -0.4665711 -0.1109974 0.8774913 -0.4978126 -0.09344467 0.8622358 -0.1329927 -0.2946809 0.946296 -0.09937486 -0.3101231 0.9454884 -0.2355211 -0.2284946 0.944627 -0.2015841 -0.2448482 0.948374 -0.3040621 -0.1783742 0.9358038 -0.3375413 -0.1613089 0.9273862 -0.4111046 -0.02977547 0.9111018 -0.437968 -0.04284551 0.897969 -0.4364524 -0.09344395 0.8948618 -0.4042231 -0.1109966 0.9079006 -0.03587432 -0.3088968 0.9504187 -0.008012328 -0.2667029 0.9637455 -0.06665961 -0.294681 0.9532679 -0.1690546 -0.2284933 0.9587552 -0.1349363 -0.2448482 0.9601258 -0.2380413 -0.1783737 0.9547351 -0.2720272 -0.1613079 0.9486734 -0.3651289 -0.03413088 0.9303311 -0.3183012 -0.03413089 0.947375 -0.3399069 -0.1109972 0.933886 -0.3742861 -0.04139188 0.926389 -0.3729681 -0.09344418 0.9231268 -0.03798024 -0.1708372 0.984567 -0.03152232 -0.218993 0.9752171 -0.03863026 -0.2307733 0.9722404 -0.06763381 -0.2448486 0.9671994 -0.1017637 -0.2284941 0.968212 -0.1708635 -0.1783743 0.9690141 -0.2051891 -0.1613085 0.9653378 -0.2707194 -0.02977521 0.9621977 -0.2739336 -0.1109973 0.955322 -0.3087521 -0.04139211 0.9502414 -0.3076648 -0.09344421 0.9468952 -0.1373508 -0.1613087 0.9772995 -0.1028526 -0.1783743 0.9785725 -0.2417003 -0.04284479 0.9694046 -0.2408639 -0.09344494 0.96605 -0.2224125 -0.03122634 0.9744525 -0.2066272 -0.1109979 0.9721032 -0.06884215 -0.1613079 0.9845001 -0.01139498 -0.1224036 0.992415 -0.02946878 -0.1807591 0.9830858 -0.1735193 -0.03848299 0.9840783 -0.1728881 -0.09344482 0.9804988 -0.1735194 -0.03848308 0.9840783 -0.124284 -0.03122663 0.9917552 -0.1383134 -0.1109974 0.9841488 -0.1044317 -0.0428458 0.9936087 -0.06932463 -0.1109968 0.9913999 -0.04045442 -0.09634965 0.9945251 -0.1040703 -0.09344399 0.9901705 -0.07469575 -0.02977533 0.9967617 -0.03068908 -0.07352898 0.9968208 -0.04003839 -0.03988902 0.9984016 0 0 1 0 0 1 -1 -0 0 -1 0 -0 0 0 -1 0 0 -1 1 0 0 1 0 -0 0 1 0 0 1 0 0 -1 0 -0 -1 0 0 -1 0 -0 -1 0 0 -1 0 -0 -1 0 0 -1 0 -0 -1 0 0 -1 0 -0 -1 0 0 -1 0 -0 -1 0 0 -1 0 -0 -1 0 0 -1 0 -0 -1 0 0 -1 0 -0 -1 0 0 -1 0 -0 -1 0 0 -1 0 -0 -1 0 0 -1 0 -0 -1 0 0 -1 0 -0 -1 0 0 -1 0 -0 -1 0 0 -1 0 -0 -1 0 0 -1 0 0 -1 0 0 -1 0 0 -1 0 0 -1 0 0 -1 0 0 -1 0 0 -1 0 0 -1 0 0 -1 0 0 -1 0 0 -1 0 0 -1 0 0 -1 0 0 -1 0 0 -1 0 0 -1 0 0 -1 0 0 -1 0 0 -1 0 0 -1 0 0 -1 0 0 -1 0 0 -1 0 0 -1 0 0 -1 0 0 -1 0 0 -1 0 0 -1 0 0 -1 0 0 -1 0 0 -1 0 0 -1 0 0 -1 0 -0 -1 0 -0 -1 0 -0 -1 0 -0 -1 0 -0 -1 0 -0 -1 0 -0 -1 0 -0 -1 0 -0 -1 0 -0 -1 0 -0 -1 0 -0 -1 0 -0 -1 0 -0 -1 0 -0 -1 0 -0 -1 0 -0 -1 0 -0 -1 0 -0 -1 0 -0 -1 0 -0 -1 0 -0 -1 0 -0 -1 0 -0 -1 0 -0 -1 0 -0 -1 0 -0 -1 0 -0 -1 0 -0 -1 0 -0 -1 0 -0 -1 0 -0 -1 -0 -0 -1 0 0 -1 0 0 -1 0 0 -1 0 0 -1 0 0 -1 0 0 -1 0 0 -1 0 0 -1 0 0 -1 0 0 -1 0 0 -1 0 0 -1 0 0 -1 0 0 -1 0 0 -1 0 0 -1 0 0 -1 0 0 -1 0 0 -1 0 0 -1 0 0 -1 0 0 -1 0 0 -1 0 0 -1 0 0 -1 0 0 -1 0 0 -1 0 0 -1 0 0 -1 0 0 -1 0 0 -1 0 0 -1 0 0 -1 0</float_array>
          <technique_common>
            <accessor count="4266" source="#cubenormals-array0-array" stride="3">
              <param type="float" name="X"/>
              <param type="float" name="Y"/>
              <param type="float" name="Z"/>
            </accessor>
          </technique_common>
        </source>
        <vertices id="cubeverts-array0-vertices">
          <input semantic="POSITION" source="#cubeverts-array0"/>
        </vertices>
        <triangles count="4266" material="ref_Part__Feature">
          <input offset="0" semantic="VERTEX" source="#cubeverts-array0-vertices"/>
          <input offset="1" semantic="NORMAL" source="#cubenormals-array0"/>
          <p>0 0 1 0 2 0 1 1 3 1 2 1 4 2 5 2 6 2 7 3 6 3 8 3 7 4 4 4 6 4 9 5 7 5 8 5 10 6 11 6 5 6 10 7 4 7 7 7 10 8 5 8 4 8 12 9 9 9 8 9 13 10 10 10 7 10 13 11 7 11 9 11 14 12 11 12 10 12 14 13 15 13 16 13 14 14 16 14 11 14 17 15 12 15 8 15 18 16 9 16 12 16 18 17 13 17 9 17 19 18 14 18 10 18 19 19 10 19 13 19 20 20 17 20 8 20 21 21 18 21 12 21 21 22 12 22 17 22 22 23 13 23 18 23 22 24 19 24 13 24 23 25 24 25 15 25 23 26 15 26 14 26 23 27 14 27 19 27 25 28 20 28 8 28 26 29 21 29 17 29 26 30 17 30 20 30 27 31 22 31 18 31 27 32 18 32 21 32 28 33 23 33 19 33 28 34 19 34 22 34 29 35 30 35 31 35 29 36 31 36 24 36 29 37 24 37 23 37 32 38 25 38 8 38 33 39 26 39 20 39 33 40 20 40 25 40 34 41 21 41 26 41 34 42 27 42 21 42 35 43 28 43 22 43 35 44 22 44 27 44 36 45 29 45 23 45 36 46 23 46 28 46 37 47 32 47 8 47 38 48 33 48 25 48 38 49 25 49 32 49 39 50 26 50 33 50 39 51 34 51 26 51 40 52 27 52 34 52 40 53 35 53 27 53 41 54 28 54 35 54 41 55 36 55 28 55 42 56 37 56 8 56 43 57 30 57 29 57 43 58 44 58 30 58 43 59 29 59 36 59 45 60 38 60 32 60 45 61 32 61 37 61 46 62 33 62 38 62 46 63 39 63 33 63 47 64 40 64 34 64 47 65 34 65 39 65 48 66 35 66 40 66 48 67 41 67 35 67 49 68 42 68 8 68 50 69 36 69 41 69 50 70 43 70 36 70 51 71 37 71 42 71 51 72 45 72 37 72 52 73 53 73 44 73 52 74 44 74 43 74 54 75 38 75 45 75 54 76 46 76 38 76 55 77 47 77 39 77 55 78 39 78 46 78 56 79 40 79 47 79 56 80 48 80 40 80 57 81 49 81 8 81 58 82 41 82 48 82 58 83 50 83 41 83 59 84 42 84 49 84 59 85 51 85 42 85 60 86 43 86 50 86 60 87 52 87 43 87 61 88 45 88 51 88 61 89 54 89 45 89 62 90 55 90 46 90 62 91 46 91 54 91 63 92 56 92 47 92 63 93 47 93 55 93 64 94 57 94 8 94 65 95 58 95 48 95 65 96 48 96 56 96 66 97 59 97 49 97 66 98 49 98 57 98 67 99 50 99 58 99 67 100 60 100 50 100 68 101 61 101 51 101 68 102 51 102 59 102 69 103 70 103 71 103 69 104 71 104 53 104 69 105 52 105 60 105 69 106 53 106 52 106 72 107 54 107 61 107 72 108 62 108 54 108 73 109 63 109 55 109 73 110 55 110 62 110 74 111 64 111 8 111 75 112 65 112 56 112 75 113 56 113 63 113 76 114 57 114 64 114 76 115 66 115 57 115 77 116 67 116 58 116 77 117 58 117 65 117 78 118 68 118 59 118 78 119 59 119 66 119 79 120 69 120 60 120 79 121 60 121 67 121 80 122 72 122 61 122 80 123 61 123 68 123 81 124 70 124 69 124 81 125 82 125 70 125 83 126 73 126 62 126 83 127 62 127 72 127 84 128 74 128 8 128 85 129 75 129 63 129 85 130 63 130 73 130 86 131 64 131 74 131 86 132 76 132 64 132 87 133 77 133 65 133 87 134 65 134 75 134 88 135 66 135 76 135 88 136 78 136 66 136 89 137 67 137 77 137 89 138 79 138 67 138 90 139 68 139 78 139 90 140 80 140 68 140 91 141 81 141 69 141 91 142 69 142 79 142 92 143 72 143 80 143 92 144 83 144 72 144 93 145 84 145 8 145 94 146 73 146 83 146 94 147 85 147 73 147 95 148 86 148 74 148 95 149 74 149 84 149 96 150 75 150 85 150 96 151 87 151 75 151 97 152 76 152 86 152 97 153 88 153 76 153 98 154 89 154 77 154 98 155 77 155 87 155 99 156 78 156 88 156 99 157 90 157 78 157 100 158 79 158 89 158 100 159 91 159 79 159 101 160 80 160 90 160 101 161 92 161 80 161 102 162 93 162 8 162 103 163 81 163 91 163 103 164 104 164 105 164 103 165 105 165 82 165 103 166 82 166 81 166 106 167 94 167 83 167 106 168 83 168 92 168 107 169 95 169 84 169 107 170 84 170 93 170 108 171 85 171 94 171 108 172 96 172 85 172 109 173 86 173 95 173 109 174 97 174 86 174 110 175 98 175 87 175 110 176 87 176 96 176 111 177 88 177 97 177 111 178 99 178 88 178 112 179 89 179 98 179 112 180 100 180 89 180 113 181 90 181 99 181 113 182 101 182 90 182 114 183 102 183 8 183 115 184 91 184 100 184 115 185 103 185 91 185 116 186 106 186 92 186 116 187 92 187 101 187 117 188 93 188 102 188 117 189 107 189 93 189 118 190 104 190 103 190 118 191 119 191 104 191 120 192 108 192 94 192 120 193 94 193 106 193 121 194 95 194 107 194 121 195 109 195 95 195 122 196 96 196 108 196 122 197 110 197 96 197 123 198 97 198 109 198 123 199 111 199 97 199 124 200 98 200 110 200 124 201 112 201 98 201 125 202 99 202 111 202 125 203 113 203 99 203 126 204 114 204 8 204 127 205 100 205 112 205 127 206 115 206 100 206 128 207 101 207 113 207 128 208 116 208 101 208 129 209 117 209 102 209 129 210 102 210 114 210 130 211 118 211 103 211 130 212 103 212 115 212 131 213 106 213 116 213 131 214 120 214 106 214 132 215 121 215 107 215 132 216 107 216 117 216 133 217 108 217 120 217 133 218 122 218 108 218 134 219 109 219 121 219 134 220 123 220 109 220 135 221 110 221 122 221 135 222 124 222 110 222 136 223 111 223 123 223 136 224 125 224 111 224 137 225 126 225 8 225 138 226 127 226 112 226 138 227 112 227 124 227 139 228 113 228 125 228 139 229 128 229 113 229 140 230 114 230 126 230 140 231 129 231 114 231 141 232 130 232 115 232 141 233 115 233 127 233 142 234 116 234 128 234 142 235 131 235 116 235 143 236 117 236 129 236 143 237 132 237 117 237 144 238 145 238 119 238 144 239 118 239 130 239 144 240 119 240 118 240 146 241 120 241 131 241 146 242 133 242 120 242 147 243 134 243 121 243 147 244 121 244 132 244 148 245 122 245 133 245 148 246 135 246 122 246 149 247 136 247 123 247 149 248 123 248 134 248 150 249 137 249 8 249 151 250 124 250 135 250 151 251 138 251 124 251 152 252 125 252 136 252 152 253 139 253 125 253 153 254 140 254 126 254 153 255 126 255 137 255 154 256 127 256 138 256 154 257 141 257 127 257 155 258 142 258 128 258 155 259 128 259 139 259 156 260 129 260 140 260 156 261 143 261 129 261 157 262 130 262 141 262 157 263 144 263 130 263 158 264 131 264 142 264 158 265 146 265 131 265 159 266 132 266 143 266 159 267 147 267 132 267 160 268 161 268 162 268 160 269 162 269 145 269 160 270 145 270 144 270 163 271 133 271 146 271 163 272 148 272 133 272 164 273 149 273 134 273 164 274 134 274 147 274 165 275 150 275 8 275 166 276 151 276 135 276 166 277 135 277 148 277 167 278 152 278 136 278 167 279 136 279 149 279 168 280 137 280 150 280 168 281 153 281 137 281 169 282 138 282 151 282 169 283 154 283 138 283 170 284 139 284 152 284 170 285 155 285 139 285 171 286 156 286 140 286 171 287 140 287 153 287 172 288 141 288 154 288 172 289 157 289 141 289 173 290 142 290 155 290 173 291 158 291 142 291 174 292 159 292 143 292 174 293 143 293 156 293 175 294 144 294 157 294 175 295 160 295 144 295 176 296 163 296 146 296 176 297 146 297 158 297 177 298 164 298 147 298 177 299 147 299 159 299 178 300 165 300 8 300 179 301 166 301 148 301 179 302 148 302 163 302 180 303 167 303 149 303 180 304 149 304 164 304 181 305 150 305 165 305 181 306 168 306 150 306 182 307 169 307 151 307 182 308 151 308 166 308 183 309 170 309 152 309 183 310 152 310 167 310 184 311 171 311 153 311 184 312 153 312 168 312 185 313 154 313 169 313 185 314 172 314 154 314 186 315 155 315 170 315 186 316 173 316 155 316 187 317 156 317 171 317 187 318 174 318 156 318 188 319 157 319 172 319 188 320 175 320 157 320 189 321 176 321 158 321 189 322 158 322 173 322 190 323 159 323 174 323 190 324 177 324 159 324 191 325 160 325 175 325 191 326 192 326 161 326 191 327 161 327 160 327 193 328 178 328 8 328 194 329 163 329 176 329 194 330 179 330 163 330 195 331 180 331 164 331 195 332 164 332 177 332 196 333 181 333 165 333 196 334 165 334 178 334 197 335 166 335 179 335 197 336 182 336 166 336 198 337 167 337 180 337 198 338 183 338 167 338 199 339 168 339 181 339 199 340 184 340 168 340 200 341 169 341 182 341 200 342 185 342 169 342 201 343 186 343 170 343 201 344 170 344 183 344 202 345 187 345 171 345 202 346 171 346 184 346 203 347 188 347 172 347 203 348 172 348 185 348 204 349 189 349 173 349 204 350 173 350 186 350 205 351 190 351 174 351 205 352 174 352 187 352 206 353 175 353 188 353 206 354 191 354 175 354 207 355 193 355 8 355 208 356 176 356 189 356 208 357 194 357 176 357 209 358 177 358 190 358 209 359 195 359 177 359 210 360 211 360 212 360 210 361 212 361 192 361 210 362 192 362 191 362 213 363 196 363 178 363 213 364 178 364 193 364 214 365 179 365 194 365 214 366 197 366 179 366 215 367 180 367 195 367 215 368 198 368 180 368 216 369 199 369 181 369 216 370 181 370 196 370 217 371 182 371 197 371 217 372 200 372 182 372 218 373 183 373 198 373 218 374 201 374 183 374 219 375 202 375 184 375 219 376 184 376 199 376 220 377 203 377 185 377 220 378 185 378 200 378 221 379 186 379 201 379 221 380 204 380 186 380 222 381 187 381 202 381 222 382 205 382 187 382 223 383 206 383 188 383 223 384 188 384 203 384 224 385 207 385 8 385 225 386 208 386 189 386 225 387 189 387 204 387 226 388 209 388 190 388 226 389 190 389 205 389 227 390 210 390 191 390 227 391 191 391 206 391 228 392 213 392 193 392 228 393 193 393 207 393 229 394 194 394 208 394 229 395 214 395 194 395 230 396 195 396 209 396 230 397 215 397 195 397 231 398 216 398 196 398 231 399 196 399 213 399 232 400 197 400 214 400 232 401 217 401 197 401 233 402 198 402 215 402 233 403 218 403 198 403 234 404 199 404 216 404 234 405 219 405 199 405 235 406 220 406 200 406 235 407 200 407 217 407 236 408 201 408 218 408 236 409 221 409 201 409 237 410 222 410 202 410 237 411 202 411 219 411 238 412 223 412 203 412 238 413 203 413 220 413 239 414 224 414 8 414 240 415 204 415 221 415 240 416 225 416 204 416 241 417 226 417 205 417 241 418 205 418 222 418 242 419 227 419 206 419 242 420 206 420 223 420 243 421 207 421 224 421 243 422 228 422 207 422 244 423 229 423 208 423 244 424 208 424 225 424 245 425 209 425 226 425 245 426 230 426 209 426 246 427 211 427 210 427 246 428 247 428 211 428 246 429 210 429 227 429 248 430 213 430 228 430 248 431 231 431 213 431 249 432 232 432 214 432 249 433 214 433 229 433 250 434 233 434 215 434 250 435 215 435 230 435 251 436 234 436 216 436 251 437 216 437 231 437 252 438 217 438 232 438 252 439 235 439 217 439 253 440 218 440 233 440 253 441 236 441 218 441 254 442 237 442 219 442 254 443 219 443 234 443 255 444 220 444 235 444 255 445 238 445 220 445 256 446 239 446 8 446 257 447 240 447 221 447 257 448 221 448 236 448 258 449 222 449 237 449 258 450 241 450 222 450 259 451 223 451 238 451 259 452 242 452 223 452 260 453 243 453 224 453 260 454 224 454 239 454 261 455 225 455 240 455 261 456 244 456 225 456 262 457 226 457 241 457 262 458 245 458 226 458 263 459 246 459 227 459 263 460 227 460 242 460 264 461 228 461 243 461 264 462 248 462 228 462 265 463 229 463 244 463 265 464 249 464 229 464 266 465 230 465 245 465 266 466 250 466 230 466 267 467 247 467 246 467 267 468 268 468 247 468 269 469 251 469 231 469 269 470 231 470 248 470 270 471 232 471 249 471 270 472 252 472 232 472 271 473 253 473 233 473 271 474 233 474 250 474 272 475 254 475 234 475 272 476 234 476 251 476 273 477 255 477 235 477 273 478 235 478 252 478 274 479 256 479 8 479 275 480 236 480 253 480 275 481 257 481 236 481 276 482 237 482 254 482 276 483 258 483 237 483 277 484 238 484 255 484 277 485 259 485 238 485 278 486 239 486 256 486 278 487 260 487 239 487 279 488 240 488 257 488 279 489 261 489 240 489 280 490 262 490 241 490 280 491 241 491 258 491 281 492 242 492 259 492 281 493 263 493 242 493 282 494 264 494 243 494 282 495 243 495 260 495 283 496 244 496 261 496 283 497 265 497 244 497 284 498 266 498 245 498 284 499 245 499 262 499 285 500 267 500 246 500 285 501 246 501 263 501 286 502 269 502 248 502 286 503 248 503 264 503 287 504 270 504 249 504 287 505 249 505 265 505 288 506 250 506 266 506 288 507 271 507 250 507 289 508 251 508 269 508 289 509 272 509 251 509 290 510 273 510 252 510 290 511 252 511 270 511 291 512 274 512 8 512 292 513 275 513 253 513 292 514 253 514 271 514 293 515 254 515 272 515 293 516 276 516 254 516 294 517 277 517 255 517 294 518 255 518 273 518 295 519 278 519 256 519 295 520 256 520 274 520 296 521 257 521 275 521 296 522 279 522 257 522 297 523 258 523 276 523 297 524 280 524 258 524 298 525 259 525 277 525 298 526 281 526 259 526 299 527 260 527 278 527 299 528 282 528 260 528 300 529 261 529 279 529 300 530 283 530 261 530 301 531 284 531 262 531 301 532 262 532 280 532 302 533 263 533 281 533 302 534 285 534 263 534 303 535 286 535 264 535 303 536 264 536 282 536 304 537 265 537 283 537 304 538 287 538 265 538 305 539 266 539 284 539 305 540 288 540 266 540 306 541 307 541 308 541 306 542 308 542 268 542 306 543 267 543 285 543 306 544 268 544 267 544 309 545 289 545 269 545 309 546 269 546 286 546 310 547 270 547 287 547 310 548 290 548 270 548 311 549 291 549 8 549 312 550 292 550 271 550 312 551 271 551 288 551 313 552 293 552 272 552 313 553 272 553 289 553 314 554 294 554 273 554 314 555 273 555 290 555 315 556 274 556 291 556 315 557 295 557 274 557 316 558 296 558 275 558 316 559 275 559 292 559 317 560 276 560 293 560 317 561 297 561 276 561 318 562 298 562 277 562 318 563 277 563 294 563 319 564 299 564 278 564 319 565 278 565 295 565 320 566 279 566 296 566 320 567 300 567 279 567 321 568 301 568 280 568 321 569 280 569 297 569 322 570 302 570 281 570 322 571 281 571 298 571 323 572 303 572 282 572 323 573 282 573 299 573 324 574 283 574 300 574 324 575 304 575 283 575 325 576 305 576 284 576 325 577 284 577 301 577 326 578 285 578 302 578 326 579 306 579 285 579 327 580 309 580 286 580 327 581 286 581 303 581 328 582 310 582 287 582 328 583 287 583 304 583 329 584 311 584 8 584 330 585 312 585 288 585 330 586 288 586 305 586 331 587 332 587 307 587 331 588 307 588 306 588 333 589 313 589 289 589 333 590 289 590 309 590 334 591 314 591 290 591 334 592 290 592 310 592 335 593 315 593 291 593 335 594 291 594 311 594 336 595 316 595 292 595 336 596 292 596 312 596 337 597 317 597 293 597 337 598 293 598 313 598 338 599 294 599 314 599 338 600 318 600 294 600 339 601 295 601 315 601 339 602 319 602 295 602 340 603 320 603 296 603 340 604 296 604 316 604 341 605 321 605 297 605 341 606 297 606 317 606 342 607 322 607 298 607 342 608 298 608 318 608 343 609 299 609 319 609 343 610 323 610 299 610 344 611 300 611 320 611 344 612 324 612 300 612 345 613 325 613 301 613 345 614 301 614 321 614 346 615 326 615 302 615 346 616 302 616 322 616 347 617 327 617 303 617 347 618 303 618 323 618 348 619 304 619 324 619 348 620 328 620 304 620 349 621 329 621 8 621 350 622 305 622 325 622 350 623 330 623 305 623 351 624 306 624 326 624 351 625 331 625 306 625 352 626 333 626 309 626 352 627 309 627 327 627 353 628 310 628 328 628 353 629 334 629 310 629 354 630 311 630 329 630 354 631 335 631 311 631 355 632 312 632 330 632 355 633 336 633 312 633 356 634 337 634 313 634 356 635 313 635 333 635 357 636 338 636 314 636 357 637 314 637 334 637 358 638 315 638 335 638 358 639 339 639 315 639 359 640 316 640 336 640 359 641 340 641 316 641 360 642 341 642 317 642 360 643 317 643 337 643 361 644 318 644 338 644 361 645 342 645 318 645 362 646 343 646 319 646 362 647 319 647 339 647 363 648 320 648 340 648 363 649 344 649 320 649 364 650 345 650 321 650 364 651 321 651 341 651 365 652 322 652 342 652 365 653 346 653 322 653 366 654 347 654 323 654 366 655 323 655 343 655 367 656 324 656 344 656 367 657 348 657 324 657 368 658 349 658 8 658 369 659 350 659 325 659 369 660 325 660 345 660 370 661 326 661 346 661 370 662 351 662 326 662 371 663 327 663 347 663 371 664 352 664 327 664 372 665 328 665 348 665 372 666 353 666 328 666 373 667 354 667 329 667 373 668 329 668 349 668 374 669 330 669 350 669 374 670 355 670 330 670 375 671 332 671 331 671 375 672 376 672 377 672 375 673 377 673 332 673 375 674 331 674 351 674 378 675 333 675 352 675 378 676 356 676 333 676 379 677 334 677 353 677 379 678 357 678 334 678 380 679 335 679 354 679 380 680 358 680 335 680 381 681 336 681 355 681 381 682 359 682 336 682 382 683 360 683 337 683 382 684 337 684 356 684 383 685 338 685 357 685 383 686 361 686 338 686 384 687 339 687 358 687 384 688 362 688 339 688 385 689 363 689 340 689 385 690 340 690 359 690 386 691 364 691 341 691 386 692 341 692 360 692 387 693 342 693 361 693 387 694 365 694 342 694 388 695 343 695 362 695 388 696 366 696 343 696 389 697 344 697 363 697 389 698 367 698 344 698 390 699 368 699 8 699 391 700 369 700 345 700 391 701 345 701 364 701 392 702 346 702 365 702 392 703 370 703 346 703 393 704 347 704 366 704 393 705 371 705 347 705 394 706 348 706 367 706 394 707 372 707 348 707 395 708 349 708 368 708 395 709 373 709 349 709 396 710 374 710 350 710 396 711 350 711 369 711 397 712 351 712 370 712 397 713 375 713 351 713 398 714 378 714 352 714 398 715 352 715 371 715 399 716 379 716 353 716 399 717 353 717 372 717 400 718 354 718 373 718 400 719 380 719 354 719 401 720 381 720 355 720 401 721 355 721 374 721 402 722 403 722 376 722 402 723 376 723 375 723 404 724 356 724 378 724 404 725 382 725 356 725 405 726 383 726 357 726 405 727 357 727 379 727 406 728 358 728 380 728 406 729 384 729 358 729 407 730 359 730 381 730 407 731 385 731 359 731 408 732 360 732 382 732 408 733 386 733 360 733 409 734 361 734 383 734 409 735 387 735 361 735 410 736 388 736 362 736 410 737 362 737 384 737 411 738 389 738 363 738 411 739 363 739 385 739 412 740 390 740 8 740 413 741 391 741 364 741 413 742 364 742 386 742 414 743 365 743 387 743 414 744 392 744 365 744 415 745 393 745 366 745 415 746 366 746 388 746 416 747 367 747 389 747 416 748 394 748 367 748 417 749 368 749 390 749 417 750 395 750 368 750 418 751 369 751 391 751 418 752 396 752 369 752 419 753 397 753 370 753 419 754 370 754 392 754 420 755 371 755 393 755 420 756 398 756 371 756 421 757 372 757 394 757 421 758 399 758 372 758 422 759 400 759 373 759 422 760 373 760 395 760 423 761 374 761 396 761 423 762 401 762 374 762 424 763 375 763 397 763 424 764 402 764 375 764 425 765 378 765 398 765 425 766 404 766 378 766 426 767 405 767 379 767 426 768 379 768 399 768 427 769 406 769 380 769 427 770 380 770 400 770 428 771 407 771 381 771 428 772 381 772 401 772 429 773 408 773 382 773 429 774 382 774 404 774 430 775 383 775 405 775 430 776 409 776 383 776 431 777 410 777 384 777 431 778 384 778 406 778 432 779 385 779 407 779 432 780 411 780 385 780 433 781 412 781 8 781 434 782 413 782 386 782 434 783 386 783 408 783 435 784 414 784 387 784 435 785 387 785 409 785 436 786 388 786 410 786 436 787 415 787 388 787 437 788 416 788 389 788 437 789 389 789 411 789 438 790 390 790 412 790 438 791 417 791 390 791 439 792 391 792 413 792 439 793 418 793 391 793 440 794 392 794 414 794 440 795 419 795 392 795 441 796 420 796 393 796 441 797 393 797 415 797 442 798 421 798 394 798 442 799 394 799 416 799 443 800 395 800 417 800 443 801 422 801 395 801 444 802 396 802 418 802 444 803 423 803 396 803 445 804 397 804 419 804 445 805 424 805 397 805 446 806 398 806 420 806 446 807 425 807 398 807 447 808 399 808 421 808 447 809 426 809 399 809 448 810 400 810 422 810 448 811 427 811 400 811 449 812 428 812 401 812 449 813 401 813 423 813 450 814 451 814 0 814 450 815 2 815 403 815 450 816 402 816 424 816 450 817 0 817 2 817 450 818 403 818 402 818 452 819 404 819 425 819 452 820 429 820 404 820 453 821 430 821 405 821 453 822 405 822 426 822 454 823 431 823 406 823 454 824 406 824 427 824 455 825 407 825 428 825 455 826 432 826 407 826 456 827 433 827 8 827 457 828 434 828 408 828 457 829 408 829 429 829 458 830 409 830 430 830 458 831 435 831 409 831 459 832 436 832 410 832 459 833 410 833 431 833 460 834 411 834 432 834 460 835 437 835 411 835 461 836 438 836 412 836 461 837 412 837 433 837 462 838 413 838 434 838 462 839 439 839 413 839 463 840 414 840 435 840 463 841 440 841 414 841 464 842 415 842 436 842 464 843 441 843 415 843 465 844 416 844 437 844 465 845 442 845 416 845 466 846 417 846 438 846 466 847 443 847 417 847 467 848 418 848 439 848 467 849 444 849 418 849 468 850 419 850 440 850 468 851 445 851 419 851 469 852 420 852 441 852 469 853 446 853 420 853 470 854 421 854 442 854 470 855 447 855 421 855 471 856 448 856 422 856 471 857 422 857 443 857 472 858 423 858 444 858 472 859 449 859 423 859 473 860 474 860 451 860 473 861 450 861 424 861 473 862 451 862 450 862 473 863 424 863 445 863 475 864 452 864 425 864 475 865 425 865 446 865 476 866 426 866 447 866 476 867 453 867 426 867 477 868 454 868 427 868 477 869 427 869 448 869 478 870 428 870 449 870 478 871 455 871 428 871 479 872 456 872 8 872 480 873 429 873 452 873 480 874 457 874 429 874 481 875 430 875 453 875 481 876 458 876 430 876 482 877 431 877 454 877 482 878 459 878 431 878 483 879 432 879 455 879 483 880 460 880 432 880 484 881 433 881 456 881 484 882 461 882 433 882 485 883 462 883 434 883 485 884 434 884 457 884 486 885 435 885 458 885 486 886 463 886 435 886 487 887 464 887 436 887 487 888 436 888 459 888 488 889 437 889 460 889 488 890 465 890 437 890 489 891 438 891 461 891 489 892 466 892 438 892 490 893 439 893 462 893 490 894 467 894 439 894 491 895 440 895 463 895 491 896 468 896 440 896 492 897 469 897 441 897 492 898 441 898 464 898 493 899 470 899 442 899 493 900 442 900 465 900 494 901 443 901 466 901 494 902 471 902 443 902 495 903 472 903 444 903 495 904 444 904 467 904 496 905 497 905 474 905 496 906 498 906 497 906 496 907 445 907 468 907 496 908 473 908 445 908 496 909 474 909 473 909 499 910 475 910 446 910 499 911 446 911 469 911 500 912 447 912 470 912 500 913 476 913 447 913 501 914 477 914 448 914 501 915 448 915 471 915 502 916 449 916 472 916 502 917 478 917 449 917 503 918 479 918 8 918 504 919 452 919 475 919 504 920 480 920 452 920 505 921 481 921 453 921 505 922 453 922 476 922 506 923 454 923 477 923 506 924 482 924 454 924 507 925 483 925 455 925 507 926 455 926 478 926 508 927 484 927 456 927 508 928 456 928 479 928 509 929 485 929 457 929 509 930 457 930 480 930 510 931 486 931 458 931 510 932 458 932 481 932 511 933 459 933 482 933 511 934 487 934 459 934 512 935 488 935 460 935 512 936 460 936 483 936 513 937 461 937 484 937 513 938 489 938 461 938 514 939 490 939 462 939 514 940 462 940 485 940 515 941 491 941 463 941 515 942 463 942 486 942 516 943 492 943 464 943 516 944 464 944 487 944 517 945 465 945 488 945 517 946 493 946 465 946 518 947 494 947 466 947 518 948 466 948 489 948 519 949 495 949 467 949 519 950 467 950 490 950 520 951 521 951 498 951 520 952 498 952 496 952 520 953 468 953 491 953 520 954 496 954 468 954 522 955 469 955 492 955 522 956 499 956 469 956 523 957 470 957 493 957 523 958 500 958 470 958 524 959 471 959 494 959 524 960 501 960 471 960 525 961 502 961 472 961 525 962 472 962 495 962 526 963 503 963 8 963 527 964 475 964 499 964 527 965 504 965 475 965 528 966 476 966 500 966 528 967 505 967 476 967 529 968 506 968 477 968 529 969 477 969 501 969 530 970 507 970 478 970 530 971 478 971 502 971 531 972 508 972 479 972 531 973 479 973 503 973 532 974 480 974 504 974 532 975 509 975 480 975 533 976 481 976 505 976 533 977 510 977 481 977 534 978 482 978 506 978 534 979 511 979 482 979 535 980 512 980 483 980 535 981 483 981 507 981 536 982 513 982 484 982 536 983 484 983 508 983 537 984 485 984 509 984 537 985 514 985 485 985 538 986 486 986 510 986 538 987 515 987 486 987 539 988 516 988 487 988 539 989 487 989 511 989 540 990 488 990 512 990 540 991 517 991 488 991 541 992 518 992 489 992 541 993 489 993 513 993 542 994 519 994 490 994 542 995 490 995 514 995 543 996 544 996 521 996 543 997 520 997 491 997 543 998 545 998 544 998 543 999 491 999 515 999 543 1000 521 1000 520 1000 546 1001 492 1001 516 1001 546 1002 522 1002 492 1002 547 1003 523 1003 493 1003 547 1004 493 1004 517 1004 548 1005 524 1005 494 1005 548 1006 494 1006 518 1006 549 1007 525 1007 495 1007 549 1008 495 1008 519 1008 550 1009 526 1009 8 1009 551 1010 499 1010 522 1010 551 1011 527 1011 499 1011 552 1012 500 1012 523 1012 552 1013 528 1013 500 1013 553 1014 501 1014 524 1014 553 1015 529 1015 501 1015 554 1016 502 1016 525 1016 554 1017 530 1017 502 1017 555 1018 531 1018 503 1018 555 1019 503 1019 526 1019 556 1020 532 1020 504 1020 556 1021 504 1021 527 1021 557 1022 505 1022 528 1022 557 1023 533 1023 505 1023 558 1024 506 1024 529 1024 558 1025 534 1025 506 1025 559 1026 507 1026 530 1026 559 1027 535 1027 507 1027 560 1028 536 1028 508 1028 560 1029 508 1029 531 1029 561 1030 509 1030 532 1030 561 1031 537 1031 509 1031 562 1032 510 1032 533 1032 562 1033 538 1033 510 1033 563 1034 539 1034 511 1034 563 1035 511 1035 534 1035 564 1036 540 1036 512 1036 564 1037 512 1037 535 1037 565 1038 513 1038 536 1038 565 1039 541 1039 513 1039 566 1040 514 1040 537 1040 566 1041 542 1041 514 1041 567 1042 568 1042 545 1042 567 1043 545 1043 543 1043 567 1044 515 1044 538 1044 567 1045 543 1045 515 1045 569 1046 546 1046 516 1046 569 1047 516 1047 539 1047 570 1048 517 1048 540 1048 570 1049 547 1049 517 1049 571 1050 548 1050 518 1050 571 1051 518 1051 541 1051 572 1052 519 1052 542 1052 572 1053 549 1053 519 1053 573 1054 550 1054 8 1054 574 1055 551 1055 522 1055 574 1056 522 1056 546 1056 575 1057 523 1057 547 1057 575 1058 552 1058 523 1058 576 1059 524 1059 548 1059 576 1060 553 1060 524 1060 577 1061 525 1061 549 1061 577 1062 554 1062 525 1062 578 1063 555 1063 526 1063 578 1064 526 1064 550 1064 579 1065 527 1065 551 1065 579 1066 556 1066 527 1066 580 1067 557 1067 528 1067 580 1068 528 1068 552 1068 581 1069 558 1069 529 1069 581 1070 529 1070 553 1070 582 1071 559 1071 530 1071 582 1072 530 1072 554 1072 583 1073 531 1073 555 1073 583 1074 560 1074 531 1074 584 1075 532 1075 556 1075 584 1076 561 1076 532 1076 585 1077 562 1077 533 1077 585 1078 533 1078 557 1078 586 1079 563 1079 534 1079 586 1080 534 1080 558 1080 587 1081 535 1081 559 1081 587 1082 564 1082 535 1082 588 1083 536 1083 560 1083 588 1084 565 1084 536 1084 589 1085 566 1085 537 1085 589 1086 537 1086 561 1086 590 1087 591 1087 568 1087 590 1088 592 1088 591 1088 590 1089 538 1089 562 1089 590 1090 567 1090 538 1090 590 1091 568 1091 567 1091 593 1092 539 1092 563 1092 593 1093 569 1093 539 1093 594 1094 540 1094 564 1094 594 1095 570 1095 540 1095 595 1096 571 1096 541 1096 595 1097 541 1097 565 1097 596 1098 542 1098 566 1098 596 1099 572 1099 542 1099 597 1100 573 1100 8 1100 598 1101 574 1101 546 1101 598 1102 546 1102 569 1102 599 1103 575 1103 547 1103 599 1104 547 1104 570 1104 600 1105 548 1105 571 1105 600 1106 576 1106 548 1106 601 1107 549 1107 572 1107 601 1108 577 1108 549 1108 602 1109 550 1109 573 1109 602 1110 578 1110 550 1110 603 1111 551 1111 574 1111 603 1112 579 1112 551 1112 604 1113 552 1113 575 1113 604 1114 580 1114 552 1114 605 1115 581 1115 553 1115 605 1116 553 1116 576 1116 606 1117 554 1117 577 1117 606 1118 582 1118 554 1118 607 1119 555 1119 578 1119 607 1120 583 1120 555 1120 608 1121 556 1121 579 1121 608 1122 584 1122 556 1122 609 1123 557 1123 580 1123 609 1124 585 1124 557 1124 610 1125 558 1125 581 1125 610 1126 586 1126 558 1126 611 1127 559 1127 582 1127 611 1128 587 1128 559 1128 612 1129 560 1129 583 1129 612 1130 588 1130 560 1130 613 1131 589 1131 561 1131 613 1132 561 1132 584 1132 614 1133 590 1133 562 1133 614 1134 615 1134 592 1134 614 1135 592 1135 590 1135 614 1136 562 1136 585 1136 616 1137 593 1137 563 1137 616 1138 563 1138 586 1138 617 1139 594 1139 564 1139 617 1140 564 1140 587 1140 618 1141 595 1141 565 1141 618 1142 565 1142 588 1142 619 1143 596 1143 566 1143 619 1144 566 1144 589 1144 620 1145 597 1145 8 1145 621 1146 598 1146 569 1146 621 1147 569 1147 593 1147 622 1148 599 1148 570 1148 622 1149 570 1149 594 1149 623 1150 571 1150 595 1150 623 1151 600 1151 571 1151 624 1152 572 1152 596 1152 624 1153 601 1153 572 1153 625 1154 573 1154 597 1154 625 1155 602 1155 573 1155 626 1156 603 1156 574 1156 626 1157 574 1157 598 1157 627 1158 575 1158 599 1158 627 1159 604 1159 575 1159 628 1160 605 1160 576 1160 628 1161 576 1161 600 1161 629 1162 577 1162 601 1162 629 1163 606 1163 577 1163 630 1164 578 1164 602 1164 630 1165 607 1165 578 1165 631 1166 579 1166 603 1166 631 1167 608 1167 579 1167 632 1168 580 1168 604 1168 632 1169 609 1169 580 1169 633 1170 581 1170 605 1170 633 1171 610 1171 581 1171 634 1172 582 1172 606 1172 634 1173 611 1173 582 1173 635 1174 612 1174 583 1174 635 1175 583 1175 607 1175 636 1176 613 1176 584 1176 636 1177 584 1177 608 1177 637 1178 638 1178 615 1178 637 1179 615 1179 614 1179 637 1180 585 1180 609 1180 637 1181 614 1181 585 1181 639 1182 616 1182 586 1182 639 1183 586 1183 610 1183 640 1184 617 1184 587 1184 640 1185 587 1185 611 1185 641 1186 588 1186 612 1186 641 1187 618 1187 588 1187 642 1188 589 1188 613 1188 642 1189 619 1189 589 1189 643 1190 620 1190 8 1190 644 1191 593 1191 616 1191 644 1192 621 1192 593 1192 645 1193 594 1193 617 1193 645 1194 622 1194 594 1194 646 1195 623 1195 595 1195 646 1196 595 1196 618 1196 647 1197 624 1197 596 1197 647 1198 596 1198 619 1198 648 1199 597 1199 620 1199 648 1200 625 1200 597 1200 649 1201 598 1201 621 1201 649 1202 626 1202 598 1202 650 1203 599 1203 622 1203 650 1204 627 1204 599 1204 651 1205 628 1205 600 1205 651 1206 600 1206 623 1206 652 1207 601 1207 624 1207 652 1208 629 1208 601 1208 653 1209 630 1209 602 1209 653 1210 602 1210 625 1210 654 1211 631 1211 603 1211 654 1212 603 1212 626 1212 655 1213 632 1213 604 1213 655 1214 604 1214 627 1214 656 1215 633 1215 605 1215 656 1216 605 1216 628 1216 657 1217 606 1217 629 1217 657 1218 634 1218 606 1218 658 1219 635 1219 607 1219 658 1220 607 1220 630 1220 659 1221 636 1221 608 1221 659 1222 608 1222 631 1222 660 1223 661 1223 638 1223 660 1224 662 1224 661 1224 660 1225 609 1225 632 1225 660 1226 638 1226 637 1226 660 1227 637 1227 609 1227 663 1228 639 1228 610 1228 663 1229 610 1229 633 1229 664 1230 611 1230 634 1230 664 1231 640 1231 611 1231 665 1232 612 1232 635 1232 665 1233 641 1233 612 1233 666 1234 613 1234 636 1234 666 1235 642 1235 613 1235 667 1236 643 1236 8 1236 668 1237 644 1237 616 1237 668 1238 616 1238 639 1238 669 1239 645 1239 617 1239 669 1240 617 1240 640 1240 670 1241 646 1241 618 1241 670 1242 618 1242 641 1242 671 1243 619 1243 642 1243 671 1244 647 1244 619 1244 672 1245 620 1245 643 1245 672 1246 648 1246 620 1246 673 1247 649 1247 621 1247 673 1248 621 1248 644 1248 674 1249 622 1249 645 1249 674 1250 650 1250 622 1250 675 1251 651 1251 623 1251 675 1252 623 1252 646 1252 676 1253 652 1253 624 1253 676 1254 624 1254 647 1254 677 1255 625 1255 648 1255 677 1256 653 1256 625 1256 678 1257 626 1257 649 1257 678 1258 654 1258 626 1258 679 1259 655 1259 627 1259 679 1260 627 1260 650 1260 680 1261 656 1261 628 1261 680 1262 628 1262 651 1262 681 1263 629 1263 652 1263 681 1264 657 1264 629 1264 682 1265 658 1265 630 1265 682 1266 630 1266 653 1266 683 1267 659 1267 631 1267 683 1268 631 1268 654 1268 684 1269 685 1269 662 1269 684 1270 662 1270 660 1270 684 1271 632 1271 655 1271 684 1272 660 1272 632 1272 686 1273 663 1273 633 1273 686 1274 633 1274 656 1274 687 1275 634 1275 657 1275 687 1276 664 1276 634 1276 688 1277 665 1277 635 1277 688 1278 635 1278 658 1278 689 1279 636 1279 659 1279 689 1280 666 1280 636 1280 690 1281 667 1281 8 1281 691 1282 639 1282 663 1282 691 1283 668 1283 639 1283 692 1284 640 1284 664 1284 692 1285 669 1285 640 1285 693 1286 670 1286 641 1286 693 1287 641 1287 665 1287 694 1288 671 1288 642 1288 694 1289 642 1289 666 1289 695 1290 643 1290 667 1290 695 1291 672 1291 643 1291 696 1292 644 1292 668 1292 696 1293 673 1293 644 1293 697 1294 645 1294 669 1294 697 1295 674 1295 645 1295 698 1296 675 1296 646 1296 698 1297 646 1297 670 1297 699 1298 647 1298 671 1298 699 1299 676 1299 647 1299 700 1300 677 1300 648 1300 700 1301 648 1301 672 1301 701 1302 649 1302 673 1302 701 1303 678 1303 649 1303 702 1304 650 1304 674 1304 702 1305 679 1305 650 1305 703 1306 651 1306 675 1306 703 1307 680 1307 651 1307 704 1308 652 1308 676 1308 704 1309 681 1309 652 1309 705 1310 682 1310 653 1310 705 1311 653 1311 677 1311 706 1312 683 1312 654 1312 706 1313 654 1313 678 1313 707 1314 708 1314 685 1314 707 1315 655 1315 679 1315 707 1316 684 1316 655 1316 707 1317 685 1317 684 1317 709 1318 656 1318 680 1318 709 1319 686 1319 656 1319 710 1320 687 1320 657 1320 710 1321 657 1321 681 1321 711 1322 688 1322 658 1322 711 1323 658 1323 682 1323 712 1324 689 1324 659 1324 712 1325 659 1325 683 1325 713 1326 690 1326 8 1326 714 1327 691 1327 663 1327 714 1328 663 1328 686 1328 715 1329 692 1329 664 1329 715 1330 664 1330 687 1330 716 1331 693 1331 665 1331 716 1332 665 1332 688 1332 717 1333 666 1333 689 1333 717 1334 694 1334 666 1334 718 1335 695 1335 667 1335 718 1336 667 1336 690 1336 719 1337 696 1337 668 1337 719 1338 668 1338 691 1338 720 1339 697 1339 669 1339 720 1340 669 1340 692 1340 721 1341 670 1341 693 1341 721 1342 698 1342 670 1342 722 1343 699 1343 671 1343 722 1344 671 1344 694 1344 723 1345 672 1345 695 1345 723 1346 700 1346 672 1346 724 1347 701 1347 673 1347 724 1348 673 1348 696 1348 725 1349 702 1349 674 1349 725 1350 674 1350 697 1350 726 1351 675 1351 698 1351 726 1352 703 1352 675 1352 727 1353 676 1353 699 1353 727 1354 704 1354 676 1354 728 1355 705 1355 677 1355 728 1356 677 1356 700 1356 729 1357 706 1357 678 1357 729 1358 678 1358 701 1358 730 1359 679 1359 702 1359 730 1360 731 1360 708 1360 730 1361 732 1361 731 1361 730 1362 708 1362 707 1362 730 1363 707 1363 679 1363 733 1364 680 1364 703 1364 733 1365 709 1365 680 1365 734 1366 710 1366 681 1366 734 1367 681 1367 704 1367 735 1368 682 1368 705 1368 735 1369 711 1369 682 1369 736 1370 683 1370 706 1370 736 1371 712 1371 683 1371 737 1372 713 1372 8 1372 738 1373 714 1373 686 1373 738 1374 686 1374 709 1374 739 1375 687 1375 710 1375 739 1376 715 1376 687 1376 740 1377 716 1377 688 1377 740 1378 688 1378 711 1378 741 1379 689 1379 712 1379 741 1380 717 1380 689 1380 742 1381 690 1381 713 1381 742 1382 718 1382 690 1382 743 1383 719 1383 691 1383 743 1384 691 1384 714 1384 744 1385 720 1385 692 1385 744 1386 692 1386 715 1386 745 1387 693 1387 716 1387 745 1388 721 1388 693 1388 746 1389 694 1389 717 1389 746 1390 722 1390 694 1390 747 1391 723 1391 695 1391 747 1392 695 1392 718 1392 748 1393 696 1393 719 1393 748 1394 724 1394 696 1394 749 1395 725 1395 697 1395 749 1396 697 1396 720 1396 750 1397 726 1397 698 1397 750 1398 698 1398 721 1398 751 1399 699 1399 722 1399 751 1400 727 1400 699 1400 752 1401 700 1401 723 1401 752 1402 728 1402 700 1402 753 1403 701 1403 724 1403 753 1404 729 1404 701 1404 754 1405 730 1405 702 1405 754 1406 755 1406 732 1406 754 1407 732 1407 730 1407 754 1408 702 1408 725 1408 756 1409 703 1409 726 1409 756 1410 733 1410 703 1410 757 1411 704 1411 727 1411 757 1412 734 1412 704 1412 758 1413 705 1413 728 1413 758 1414 735 1414 705 1414 759 1415 706 1415 729 1415 759 1416 736 1416 706 1416 760 1417 737 1417 8 1417 761 1418 738 1418 709 1418 761 1419 709 1419 733 1419 762 1420 739 1420 710 1420 762 1421 710 1421 734 1421 763 1422 740 1422 711 1422 763 1423 711 1423 735 1423 764 1424 712 1424 736 1424 764 1425 741 1425 712 1425 765 1426 742 1426 713 1426 765 1427 713 1427 737 1427 766 1428 714 1428 738 1428 766 1429 743 1429 714 1429 767 1430 715 1430 739 1430 767 1431 744 1431 715 1431 768 1432 745 1432 716 1432 768 1433 716 1433 740 1433 769 1434 717 1434 741 1434 769 1435 746 1435 717 1435 770 1436 718 1436 742 1436 770 1437 747 1437 718 1437 771 1438 748 1438 719 1438 771 1439 719 1439 743 1439 772 1440 720 1440 744 1440 772 1441 749 1441 720 1441 773 1442 750 1442 721 1442 773 1443 721 1443 745 1443 774 1444 722 1444 746 1444 774 1445 751 1445 722 1445 775 1446 752 1446 723 1446 775 1447 723 1447 747 1447 776 1448 724 1448 748 1448 776 1449 753 1449 724 1449 777 1450 778 1450 755 1450 777 1451 779 1451 778 1451 777 1452 725 1452 749 1452 777 1453 754 1453 725 1453 777 1454 755 1454 754 1454 780 1455 756 1455 726 1455 780 1456 726 1456 750 1456 781 1457 727 1457 751 1457 781 1458 757 1458 727 1458 782 1459 728 1459 752 1459 782 1460 758 1460 728 1460 783 1461 759 1461 729 1461 783 1462 729 1462 753 1462 784 1463 760 1463 8 1463 785 1464 761 1464 733 1464 785 1465 733 1465 756 1465 786 1466 762 1466 734 1466 786 1467 734 1467 757 1467 787 1468 735 1468 758 1468 787 1469 763 1469 735 1469 788 1470 764 1470 736 1470 788 1471 736 1471 759 1471 789 1472 765 1472 737 1472 789 1473 737 1473 760 1473 790 1474 738 1474 761 1474 790 1475 766 1475 738 1475 791 1476 767 1476 739 1476 791 1477 739 1477 762 1477 792 1478 740 1478 763 1478 792 1479 768 1479 740 1479 793 1480 741 1480 764 1480 793 1481 769 1481 741 1481 794 1482 742 1482 765 1482 794 1483 770 1483 742 1483 795 1484 743 1484 766 1484 795 1485 771 1485 743 1485 796 1486 744 1486 767 1486 796 1487 772 1487 744 1487 797 1488 745 1488 768 1488 797 1489 773 1489 745 1489 798 1490 746 1490 769 1490 798 1491 774 1491 746 1491 799 1492 747 1492 770 1492 799 1493 775 1493 747 1493 800 1494 776 1494 748 1494 800 1495 748 1495 771 1495 801 1496 749 1496 772 1496 801 1497 779 1497 777 1497 801 1498 802 1498 779 1498 801 1499 777 1499 749 1499 803 1500 780 1500 750 1500 803 1501 750 1501 773 1501 804 1502 781 1502 751 1502 804 1503 751 1503 774 1503 805 1504 782 1504 752 1504 805 1505 752 1505 775 1505 806 1506 753 1506 776 1506 806 1507 783 1507 753 1507 807 1508 784 1508 8 1508 808 1509 785 1509 756 1509 808 1510 756 1510 780 1510 809 1511 757 1511 781 1511 809 1512 786 1512 757 1512 810 1513 758 1513 782 1513 810 1514 787 1514 758 1514 811 1515 759 1515 783 1515 811 1516 788 1516 759 1516 812 1517 760 1517 784 1517 812 1518 789 1518 760 1518 813 1519 790 1519 761 1519 813 1520 761 1520 785 1520 814 1521 762 1521 786 1521 814 1522 791 1522 762 1522 815 1523 763 1523 787 1523 815 1524 792 1524 763 1524 816 1525 793 1525 764 1525 816 1526 764 1526 788 1526 817 1527 794 1527 765 1527 817 1528 765 1528 789 1528 818 1529 766 1529 790 1529 818 1530 795 1530 766 1530 819 1531 796 1531 767 1531 819 1532 767 1532 791 1532 820 1533 768 1533 792 1533 820 1534 797 1534 768 1534 821 1535 798 1535 769 1535 821 1536 769 1536 793 1536 822 1537 799 1537 770 1537 822 1538 770 1538 794 1538 823 1539 771 1539 795 1539 823 1540 800 1540 771 1540 824 1541 825 1541 802 1541 824 1542 801 1542 772 1542 824 1543 772 1543 796 1543 824 1544 802 1544 801 1544 826 1545 803 1545 773 1545 826 1546 773 1546 797 1546 827 1547 774 1547 798 1547 827 1548 804 1548 774 1548 828 1549 805 1549 775 1549 828 1550 775 1550 799 1550 829 1551 806 1551 776 1551 829 1552 776 1552 800 1552 830 1553 807 1553 8 1553 831 1554 780 1554 803 1554 831 1555 808 1555 780 1555 832 1556 809 1556 781 1556 832 1557 781 1557 804 1557 833 1558 810 1558 782 1558 833 1559 782 1559 805 1559 834 1560 783 1560 806 1560 834 1561 811 1561 783 1561 835 1562 784 1562 807 1562 835 1563 812 1563 784 1563 836 1564 813 1564 785 1564 836 1565 785 1565 808 1565 837 1566 786 1566 809 1566 837 1567 814 1567 786 1567 838 1568 787 1568 810 1568 838 1569 815 1569 787 1569 839 1570 788 1570 811 1570 839 1571 816 1571 788 1571 840 1572 789 1572 812 1572 840 1573 817 1573 789 1573 841 1574 790 1574 813 1574 841 1575 818 1575 790 1575 842 1576 791 1576 814 1576 842 1577 819 1577 791 1577 843 1578 820 1578 792 1578 843 1579 792 1579 815 1579 844 1580 793 1580 816 1580 844 1581 821 1581 793 1581 845 1582 794 1582 817 1582 845 1583 822 1583 794 1583 846 1584 823 1584 795 1584 846 1585 795 1585 818 1585 847 1586 825 1586 824 1586 847 1587 848 1587 825 1587 847 1588 849 1588 848 1588 847 1589 796 1589 819 1589 847 1590 824 1590 796 1590 850 1591 826 1591 797 1591 850 1592 797 1592 820 1592 851 1593 798 1593 821 1593 851 1594 827 1594 798 1594 852 1595 828 1595 799 1595 852 1596 799 1596 822 1596 853 1597 800 1597 823 1597 853 1598 829 1598 800 1598 854 1599 830 1599 8 1599 855 1600 803 1600 826 1600 855 1601 831 1601 803 1601 856 1602 832 1602 804 1602 856 1603 804 1603 827 1603 857 1604 833 1604 805 1604 857 1605 805 1605 828 1605 858 1606 834 1606 806 1606 858 1607 806 1607 829 1607 859 1608 807 1608 830 1608 859 1609 835 1609 807 1609 860 1610 808 1610 831 1610 860 1611 836 1611 808 1611 861 1612 837 1612 809 1612 861 1613 809 1613 832 1613 862 1614 810 1614 833 1614 862 1615 838 1615 810 1615 863 1616 839 1616 811 1616 863 1617 811 1617 834 1617 864 1618 812 1618 835 1618 864 1619 840 1619 812 1619 865 1620 813 1620 836 1620 865 1621 841 1621 813 1621 866 1622 814 1622 837 1622 866 1623 842 1623 814 1623 867 1624 843 1624 815 1624 867 1625 815 1625 838 1625 868 1626 844 1626 816 1626 868 1627 816 1627 839 1627 869 1628 845 1628 817 1628 869 1629 817 1629 840 1629 870 1630 818 1630 841 1630 870 1631 846 1631 818 1631 871 1632 819 1632 842 1632 871 1633 872 1633 849 1633 871 1634 849 1634 847 1634 871 1635 847 1635 819 1635 873 1636 850 1636 820 1636 873 1637 820 1637 843 1637 874 1638 821 1638 844 1638 874 1639 851 1639 821 1639 875 1640 852 1640 822 1640 875 1641 822 1641 845 1641 876 1642 853 1642 823 1642 876 1643 823 1643 846 1643 877 1644 854 1644 8 1644 878 1645 826 1645 850 1645 878 1646 855 1646 826 1646 879 1647 856 1647 827 1647 879 1648 827 1648 851 1648 880 1649 828 1649 852 1649 880 1650 857 1650 828 1650 881 1651 829 1651 853 1651 881 1652 858 1652 829 1652 882 1653 830 1653 854 1653 882 1654 859 1654 830 1654 883 1655 831 1655 855 1655 883 1656 860 1656 831 1656 884 1657 832 1657 856 1657 884 1658 861 1658 832 1658 885 1659 862 1659 833 1659 885 1660 833 1660 857 1660 886 1661 863 1661 834 1661 886 1662 834 1662 858 1662 887 1663 864 1663 835 1663 887 1664 835 1664 859 1664 888 1665 865 1665 836 1665 888 1666 836 1666 860 1666 889 1667 866 1667 837 1667 889 1668 837 1668 861 1668 890 1669 838 1669 862 1669 890 1670 867 1670 838 1670 891 1671 868 1671 839 1671 891 1672 839 1672 863 1672 892 1673 869 1673 840 1673 892 1674 840 1674 864 1674 893 1675 841 1675 865 1675 893 1676 870 1676 841 1676 894 1677 872 1677 871 1677 894 1678 895 1678 872 1678 894 1679 896 1679 895 1679 894 1680 842 1680 866 1680 894 1681 871 1681 842 1681 897 1682 843 1682 867 1682 897 1683 873 1683 843 1683 898 1684 874 1684 844 1684 898 1685 844 1685 868 1685 899 1686 845 1686 869 1686 899 1687 875 1687 845 1687 900 1688 846 1688 870 1688 900 1689 876 1689 846 1689 901 1690 877 1690 8 1690 902 1691 850 1691 873 1691 902 1692 878 1692 850 1692 903 1693 879 1693 851 1693 903 1694 851 1694 874 1694 904 1695 852 1695 875 1695 904 1696 880 1696 852 1696 905 1697 853 1697 876 1697 905 1698 881 1698 853 1698 906 1699 854 1699 877 1699 906 1700 882 1700 854 1700 907 1701 855 1701 878 1701 907 1702 883 1702 855 1702 908 1703 856 1703 879 1703 908 1704 884 1704 856 1704 909 1705 857 1705 880 1705 909 1706 885 1706 857 1706 910 1707 858 1707 881 1707 910 1708 886 1708 858 1708 911 1709 887 1709 859 1709 911 1710 859 1710 882 1710 912 1711 860 1711 883 1711 912 1712 888 1712 860 1712 913 1713 861 1713 884 1713 913 1714 889 1714 861 1714 914 1715 890 1715 862 1715 914 1716 862 1716 885 1716 915 1717 863 1717 886 1717 915 1718 891 1718 863 1718 916 1719 864 1719 887 1719 916 1720 892 1720 864 1720 917 1721 865 1721 888 1721 917 1722 893 1722 865 1722 918 1723 919 1723 896 1723 918 1724 866 1724 889 1724 918 1725 896 1725 894 1725 918 1726 894 1726 866 1726 920 1727 897 1727 867 1727 920 1728 867 1728 890 1728 921 1729 898 1729 868 1729 921 1730 868 1730 891 1730 922 1731 869 1731 892 1731 922 1732 899 1732 869 1732 923 1733 900 1733 870 1733 923 1734 870 1734 893 1734 924 1735 901 1735 8 1735 925 1736 902 1736 873 1736 925 1737 873 1737 897 1737 926 1738 874 1738 898 1738 926 1739 903 1739 874 1739 927 1740 904 1740 875 1740 927 1741 875 1741 899 1741 928 1742 905 1742 876 1742 928 1743 876 1743 900 1743 929 1744 877 1744 901 1744 929 1745 906 1745 877 1745 930 1746 878 1746 902 1746 930 1747 907 1747 878 1747 931 1748 879 1748 903 1748 931 1749 908 1749 879 1749 932 1750 880 1750 904 1750 932 1751 909 1751 880 1751 933 1752 910 1752 881 1752 933 1753 881 1753 905 1753 934 1754 882 1754 906 1754 934 1755 911 1755 882 1755 935 1756 912 1756 883 1756 935 1757 883 1757 907 1757 936 1758 913 1758 884 1758 936 1759 884 1759 908 1759 937 1760 914 1760 885 1760 937 1761 885 1761 909 1761 938 1762 886 1762 910 1762 938 1763 915 1763 886 1763 939 1764 916 1764 887 1764 939 1765 887 1765 911 1765 940 1766 888 1766 912 1766 940 1767 917 1767 888 1767 941 1768 889 1768 913 1768 941 1769 919 1769 918 1769 941 1770 942 1770 919 1770 941 1771 918 1771 889 1771 943 1772 920 1772 890 1772 943 1773 890 1773 914 1773 944 1774 921 1774 891 1774 944 1775 891 1775 915 1775 945 1776 892 1776 916 1776 945 1777 922 1777 892 1777 946 1778 923 1778 893 1778 946 1779 893 1779 917 1779 947 1780 924 1780 8 1780 948 1781 925 1781 897 1781 948 1782 897 1782 920 1782 949 1783 898 1783 921 1783 949 1784 926 1784 898 1784 950 1785 927 1785 899 1785 950 1786 899 1786 922 1786 951 1787 928 1787 900 1787 951 1788 900 1788 923 1788 952 1789 929 1789 901 1789 952 1790 901 1790 924 1790 953 1791 902 1791 925 1791 953 1792 930 1792 902 1792 954 1793 931 1793 903 1793 954 1794 903 1794 926 1794 955 1795 932 1795 904 1795 955 1796 904 1796 927 1796 956 1797 933 1797 905 1797 956 1798 905 1798 928 1798 957 1799 906 1799 929 1799 957 1800 934 1800 906 1800 958 1801 907 1801 930 1801 958 1802 935 1802 907 1802 959 1803 908 1803 931 1803 959 1804 936 1804 908 1804 960 1805 909 1805 932 1805 960 1806 937 1806 909 1806 961 1807 910 1807 933 1807 961 1808 938 1808 910 1808 962 1809 939 1809 911 1809 962 1810 911 1810 934 1810 963 1811 940 1811 912 1811 963 1812 912 1812 935 1812 964 1813 965 1813 942 1813 964 1814 966 1814 965 1814 964 1815 941 1815 913 1815 964 1816 942 1816 941 1816 964 1817 913 1817 936 1817 967 1818 914 1818 937 1818 967 1819 943 1819 914 1819 968 1820 915 1820 938 1820 968 1821 944 1821 915 1821 969 1822 945 1822 916 1822 969 1823 916 1823 939 1823 970 1824 917 1824 940 1824 970 1825 946 1825 917 1825 971 1826 947 1826 8 1826 972 1827 948 1827 920 1827 972 1828 920 1828 943 1828 973 1829 949 1829 921 1829 973 1830 921 1830 944 1830 974 1831 950 1831 922 1831 974 1832 922 1832 945 1832 975 1833 951 1833 923 1833 975 1834 923 1834 946 1834 976 1835 924 1835 947 1835 976 1836 952 1836 924 1836 977 1837 953 1837 925 1837 977 1838 925 1838 948 1838 978 1839 926 1839 949 1839 978 1840 954 1840 926 1840 979 1841 927 1841 950 1841 979 1842 955 1842 927 1842 980 1843 928 1843 951 1843 980 1844 956 1844 928 1844 981 1845 957 1845 929 1845 981 1846 929 1846 952 1846 982 1847 958 1847 930 1847 982 1848 930 1848 953 1848 983 1849 959 1849 931 1849 983 1850 931 1850 954 1850 984 1851 932 1851 955 1851 984 1852 960 1852 932 1852 985 1853 961 1853 933 1853 985 1854 933 1854 956 1854 986 1855 934 1855 957 1855 986 1856 962 1856 934 1856 987 1857 935 1857 958 1857 987 1858 963 1858 935 1858 988 1859 936 1859 959 1859 988 1860 989 1860 966 1860 988 1861 966 1861 964 1861 988 1862 964 1862 936 1862 990 1863 967 1863 937 1863 990 1864 937 1864 960 1864 991 1865 968 1865 938 1865 991 1866 938 1866 961 1866 992 1867 969 1867 939 1867 992 1868 939 1868 962 1868 993 1869 940 1869 963 1869 993 1870 970 1870 940 1870 994 1871 971 1871 8 1871 995 1872 972 1872 943 1872 995 1873 943 1873 967 1873 996 1874 944 1874 968 1874 996 1875 973 1875 944 1875 997 1876 974 1876 945 1876 997 1877 945 1877 969 1877 998 1878 975 1878 946 1878 998 1879 946 1879 970 1879 999 1880 976 1880 947 1880 999 1881 947 1881 971 1881 1000 1882 977 1882 948 1882 1000 1883 948 1883 972 1883 1001 1884 978 1884 949 1884 1001 1885 949 1885 973 1885 1002 1886 950 1886 974 1886 1002 1887 979 1887 950 1887 1003 1888 951 1888 975 1888 1003 1889 980 1889 951 1889 1004 1890 952 1890 976 1890 1004 1891 981 1891 952 1891 1005 1892 982 1892 953 1892 1005 1893 953 1893 977 1893 1006 1894 983 1894 954 1894 1006 1895 954 1895 978 1895 1007 1896 984 1896 955 1896 1007 1897 955 1897 979 1897 1008 1898 956 1898 980 1898 1008 1899 985 1899 956 1899 1009 1900 986 1900 957 1900 1009 1901 957 1901 981 1901 1010 1902 987 1902 958 1902 1010 1903 958 1903 982 1903 1011 1904 1012 1904 989 1904 1011 1905 1013 1905 1012 1905 1011 1906 988 1906 959 1906 1011 1907 989 1907 988 1907 1011 1908 959 1908 983 1908 1014 1909 960 1909 984 1909 1014 1910 990 1910 960 1910 1015 1911 961 1911 985 1911 1015 1912 991 1912 961 1912 1016 1913 992 1913 962 1913 1016 1914 962 1914 986 1914 1017 1915 963 1915 987 1915 1017 1916 993 1916 963 1916 1018 1917 994 1917 8 1917 1019 1918 967 1918 990 1918 1019 1919 995 1919 967 1919 1020 1920 996 1920 968 1920 1020 1921 968 1921 991 1921 1021 1922 997 1922 969 1922 1021 1923 969 1923 992 1923 1022 1924 998 1924 970 1924 1022 1925 970 1925 993 1925 1023 1926 971 1926 994 1926 1023 1927 999 1927 971 1927 1024 1928 972 1928 995 1928 1024 1929 1000 1929 972 1929 1025 1930 973 1930 996 1930 1025 1931 1001 1931 973 1931 1026 1932 974 1932 997 1932 1026 1933 1002 1933 974 1933 1027 1934 975 1934 998 1934 1027 1935 1003 1935 975 1935 1028 1936 1004 1936 976 1936 1028 1937 976 1937 999 1937 1029 1938 1005 1938 977 1938 1029 1939 977 1939 1000 1939 1030 1940 978 1940 1001 1940 1030 1941 1006 1941 978 1941 1031 1942 979 1942 1002 1942 1031 1943 1007 1943 979 1943 1032 1944 1008 1944 980 1944 1032 1945 980 1945 1003 1945 1033 1946 1009 1946 981 1946 1033 1947 981 1947 1004 1947 1034 1948 982 1948 1005 1948 1034 1949 1010 1949 982 1949 1035 1950 1036 1950 1013 1950 1035 1951 983 1951 1006 1951 1035 1952 1011 1952 983 1952 1035 1953 1013 1953 1011 1953 1037 1954 984 1954 1007 1954 1037 1955 1014 1955 984 1955 1038 1956 1015 1956 985 1956 1038 1957 985 1957 1008 1957 1039 1958 986 1958 1009 1958 1039 1959 1016 1959 986 1959 1040 1960 987 1960 1010 1960 1040 1961 1017 1961 987 1961 1041 1962 1018 1962 8 1962 1042 1963 1019 1963 990 1963 1042 1964 990 1964 1014 1964 1043 1965 1020 1965 991 1965 1043 1966 991 1966 1015 1966 1044 1967 1021 1967 992 1967 1044 1968 992 1968 1016 1968 1045 1969 1022 1969 993 1969 1045 1970 993 1970 1017 1970 1046 1971 994 1971 1018 1971 1046 1972 1023 1972 994 1972 1047 1973 1024 1973 995 1973 1047 1974 995 1974 1019 1974 1048 1975 1025 1975 996 1975 1048 1976 996 1976 1020 1976 1049 1977 997 1977 1021 1977 1049 1978 1026 1978 997 1978 1050 1979 998 1979 1022 1979 1050 1980 1027 1980 998 1980 1051 1981 999 1981 1023 1981 1051 1982 1028 1982 999 1982 1052 1983 1029 1983 1000 1983 1052 1984 1000 1984 1024 1984 1053 1985 1001 1985 1025 1985 1053 1986 1030 1986 1001 1986 1054 1987 1031 1987 1002 1987 1054 1988 1002 1988 1026 1988 1055 1989 1003 1989 1027 1989 1055 1990 1032 1990 1003 1990 1056 1991 1004 1991 1028 1991 1056 1992 1033 1992 1004 1992 1057 1993 1005 1993 1029 1993 1057 1994 1034 1994 1005 1994 1058 1995 1006 1995 1030 1995 1058 1996 1036 1996 1035 1996 1058 1997 1059 1997 1036 1997 1058 1998 1035 1998 1006 1998 1060 1999 1037 1999 1007 1999 1060 2000 1007 2000 1031 2000 1061 2001 1008 2001 1032 2001 1061 2002 1038 2002 1008 2002 1062 2003 1009 2003 1033 2003 1062 2004 1039 2004 1009 2004 1063 2005 1040 2005 1010 2005 1063 2006 1010 2006 1034 2006 1064 2007 1041 2007 8 2007 1065 2008 1042 2008 1014 2008 1065 2009 1014 2009 1037 2009 1066 2010 1015 2010 1038 2010 1066 2011 1043 2011 1015 2011 1067 2012 1044 2012 1016 2012 1067 2013 1016 2013 1039 2013 1068 2014 1017 2014 1040 2014 1068 2015 1045 2015 1017 2015 1069 2016 1046 2016 1018 2016 1069 2017 1018 2017 1041 2017 1070 2018 1019 2018 1042 2018 1070 2019 1047 2019 1019 2019 1071 2020 1048 2020 1020 2020 1071 2021 1020 2021 1043 2021 1072 2022 1021 2022 1044 2022 1072 2023 1049 2023 1021 2023 1073 2024 1050 2024 1022 2024 1073 2025 1022 2025 1045 2025 1074 2026 1051 2026 1023 2026 1074 2027 1023 2027 1046 2027 1075 2028 1024 2028 1047 2028 1075 2029 1052 2029 1024 2029 1076 2030 1053 2030 1025 2030 1076 2031 1025 2031 1048 2031 1077 2032 1026 2032 1049 2032 1077 2033 1054 2033 1026 2033 1078 2034 1027 2034 1050 2034 1078 2035 1055 2035 1027 2035 1079 2036 1056 2036 1028 2036 1079 2037 1028 2037 1051 2037 1080 2038 1057 2038 1029 2038 1080 2039 1029 2039 1052 2039 1081 2040 1059 2040 1058 2040 1081 2041 1082 2041 1059 2041 1081 2042 1083 2042 1082 2042 1081 2043 1030 2043 1053 2043 1081 2044 1058 2044 1030 2044 1084 2045 1031 2045 1054 2045 1084 2046 1060 2046 1031 2046 1085 2047 1032 2047 1055 2047 1085 2048 1061 2048 1032 2048 1086 2049 1062 2049 1033 2049 1086 2050 1033 2050 1056 2050 1087 2051 1034 2051 1057 2051 1087 2052 1063 2052 1034 2052 1088 2053 1064 2053 8 2053 1089 2054 1065 2054 1037 2054 1089 2055 1037 2055 1060 2055 1090 2056 1066 2056 1038 2056 1090 2057 1038 2057 1061 2057 1091 2058 1039 2058 1062 2058 1091 2059 1067 2059 1039 2059 1092 2060 1040 2060 1063 2060 1092 2061 1068 2061 1040 2061 1093 2062 1041 2062 1064 2062 1093 2063 1069 2063 1041 2063 1094 2064 1042 2064 1065 2064 1094 2065 1070 2065 1042 2065 1095 2066 1043 2066 1066 2066 1095 2067 1071 2067 1043 2067 1096 2068 1072 2068 1044 2068 1096 2069 1044 2069 1067 2069 1097 2070 1073 2070 1045 2070 1097 2071 1045 2071 1068 2071 1098 2072 1046 2072 1069 2072 1098 2073 1074 2073 1046 2073 1099 2074 1047 2074 1070 2074 1099 2075 1075 2075 1047 2075 1100 2076 1048 2076 1071 2076 1100 2077 1076 2077 1048 2077 1101 2078 1049 2078 1072 2078 1101 2079 1077 2079 1049 2079 1102 2080 1050 2080 1073 2080 1102 2081 1078 2081 1050 2081 1103 2082 1051 2082 1074 2082 1103 2083 1079 2083 1051 2083 1104 2084 1080 2084 1052 2084 1104 2085 1052 2085 1075 2085 1105 2086 1083 2086 1081 2086 1105 2087 1106 2087 1083 2087 1105 2088 1053 2088 1076 2088 1105 2089 1081 2089 1053 2089 1107 2090 1054 2090 1077 2090 1107 2091 1084 2091 1054 2091 1108 2092 1085 2092 1055 2092 1108 2093 1055 2093 1078 2093 1109 2094 1086 2094 1056 2094 1109 2095 1056 2095 1079 2095 1110 2096 1087 2096 1057 2096 1110 2097 1057 2097 1080 2097 1111 2098 1088 2098 8 2098 1112 2099 1089 2099 1060 2099 1112 2100 1060 2100 1084 2100 1113 2101 1090 2101 1061 2101 1113 2102 1061 2102 1085 2102 1114 2103 1091 2103 1062 2103 1114 2104 1062 2104 1086 2104 1115 2105 1092 2105 1063 2105 1115 2106 1063 2106 1087 2106 1116 2107 1064 2107 1088 2107 1116 2108 1093 2108 1064 2108 1117 2109 1094 2109 1065 2109 1117 2110 1065 2110 1089 2110 1118 2111 1095 2111 1066 2111 1118 2112 1066 2112 1090 2112 1119 2113 1096 2113 1067 2113 1119 2114 1067 2114 1091 2114 1120 2115 1068 2115 1092 2115 1120 2116 1097 2116 1068 2116 1121 2117 1098 2117 1069 2117 1121 2118 1069 2118 1093 2118 1122 2119 1070 2119 1094 2119 1122 2120 1099 2120 1070 2120 1123 2121 1100 2121 1071 2121 1123 2122 1071 2122 1095 2122 1124 2123 1101 2123 1072 2123 1124 2124 1072 2124 1096 2124 1125 2125 1102 2125 1073 2125 1125 2126 1073 2126 1097 2126 1126 2127 1103 2127 1074 2127 1126 2128 1074 2128 1098 2128 1127 2129 1104 2129 1075 2129 1127 2130 1075 2130 1099 2130 1128 2131 1076 2131 1100 2131 1128 2132 1129 2132 1106 2132 1128 2133 1130 2133 1129 2133 1128 2134 1105 2134 1076 2134 1128 2135 1106 2135 1105 2135 1131 2136 1077 2136 1101 2136 1131 2137 1107 2137 1077 2137 1132 2138 1078 2138 1102 2138 1132 2139 1108 2139 1078 2139 1133 2140 1079 2140 1103 2140 1133 2141 1109 2141 1079 2141 1134 2142 1080 2142 1104 2142 1134 2143 1110 2143 1080 2143 1135 2144 1111 2144 8 2144 1136 2145 1084 2145 1107 2145 1136 2146 1112 2146 1084 2146 1137 2147 1113 2147 1085 2147 1137 2148 1085 2148 1108 2148 1138 2149 1114 2149 1086 2149 1138 2150 1086 2150 1109 2150 1139 2151 1115 2151 1087 2151 1139 2152 1087 2152 1110 2152 1140 2153 1116 2153 1088 2153 1140 2154 1088 2154 1111 2154 1141 2155 1117 2155 1089 2155 1141 2156 1089 2156 1112 2156 1142 2157 1090 2157 1113 2157 1142 2158 1118 2158 1090 2158 1143 2159 1119 2159 1091 2159 1143 2160 1091 2160 1114 2160 1144 2161 1092 2161 1115 2161 1144 2162 1120 2162 1092 2162 1145 2163 1093 2163 1116 2163 1145 2164 1121 2164 1093 2164 1146 2165 1122 2165 1094 2165 1146 2166 1094 2166 1117 2166 1147 2167 1123 2167 1095 2167 1147 2168 1095 2168 1118 2168 1148 2169 1096 2169 1119 2169 1148 2170 1124 2170 1096 2170 1149 2171 1125 2171 1097 2171 1149 2172 1097 2172 1120 2172 1150 2173 1126 2173 1098 2173 1150 2174 1098 2174 1121 2174 1151 2175 1099 2175 1122 2175 1151 2176 1127 2176 1099 2176 1152 2177 1130 2177 1128 2177 1152 2178 1100 2178 1123 2178 1152 2179 1153 2179 1130 2179 1152 2180 1128 2180 1100 2180 1154 2181 1131 2181 1101 2181 1154 2182 1101 2182 1124 2182 1155 2183 1132 2183 1102 2183 1155 2184 1102 2184 1125 2184 1156 2185 1133 2185 1103 2185 1156 2186 1103 2186 1126 2186 1157 2187 1134 2187 1104 2187 1157 2188 1104 2188 1127 2188 1158 2189 1135 2189 8 2189 1159 2190 1136 2190 1107 2190 1159 2191 1107 2191 1131 2191 1160 2192 1137 2192 1108 2192 1160 2193 1108 2193 1132 2193 1161 2194 1109 2194 1133 2194 1161 2195 1138 2195 1109 2195 1162 2196 1110 2196 1134 2196 1162 2197 1139 2197 1110 2197 1163 2198 1111 2198 1135 2198 1163 2199 1140 2199 1111 2199 1164 2200 1112 2200 1136 2200 1164 2201 1141 2201 1112 2201 1165 2202 1142 2202 1113 2202 1165 2203 1113 2203 1137 2203 1166 2204 1143 2204 1114 2204 1166 2205 1114 2205 1138 2205 1167 2206 1115 2206 1139 2206 1167 2207 1144 2207 1115 2207 1168 2208 1116 2208 1140 2208 1168 2209 1145 2209 1116 2209 1169 2210 1117 2210 1141 2210 1169 2211 1146 2211 1117 2211 1170 2212 1118 2212 1142 2212 1170 2213 1147 2213 1118 2213 1171 2214 1119 2214 1143 2214 1171 2215 1148 2215 1119 2215 1172 2216 1149 2216 1120 2216 1172 2217 1120 2217 1144 2217 1173 2218 1150 2218 1121 2218 1173 2219 1121 2219 1145 2219 1174 2220 1151 2220 1122 2220 1174 2221 1122 2221 1146 2221 1175 2222 1176 2222 1153 2222 1175 2223 1153 2223 1152 2223 1175 2224 1123 2224 1147 2224 1175 2225 1152 2225 1123 2225 1177 2226 1154 2226 1124 2226 1177 2227 1124 2227 1148 2227 1178 2228 1125 2228 1149 2228 1178 2229 1155 2229 1125 2229 1179 2230 1156 2230 1126 2230 1179 2231 1126 2231 1150 2231 1180 2232 1127 2232 1151 2232 1180 2233 1157 2233 1127 2233 1181 2234 1158 2234 8 2234 1182 2235 1131 2235 1154 2235 1182 2236 1159 2236 1131 2236 1183 2237 1132 2237 1155 2237 1183 2238 1160 2238 1132 2238 1184 2239 1133 2239 1156 2239 1184 2240 1161 2240 1133 2240 1185 2241 1162 2241 1134 2241 1185 2242 1134 2242 1157 2242 1186 2243 1163 2243 1135 2243 1186 2244 1135 2244 1158 2244 1187 2245 1136 2245 1159 2245 1187 2246 1164 2246 1136 2246 1188 2247 1137 2247 1160 2247 1188 2248 1165 2248 1137 2248 1189 2249 1138 2249 1161 2249 1189 2250 1166 2250 1138 2250 1190 2251 1139 2251 1162 2251 1190 2252 1167 2252 1139 2252 1191 2253 1140 2253 1163 2253 1191 2254 1168 2254 1140 2254 1192 2255 1141 2255 1164 2255 1192 2256 1169 2256 1141 2256 1193 2257 1170 2257 1142 2257 1193 2258 1142 2258 1165 2258 1194 2259 1171 2259 1143 2259 1194 2260 1143 2260 1166 2260 1195 2261 1144 2261 1167 2261 1195 2262 1172 2262 1144 2262 1196 2263 1173 2263 1145 2263 1196 2264 1145 2264 1168 2264 1197 2265 1174 2265 1146 2265 1197 2266 1146 2266 1169 2266 1198 2267 1147 2267 1170 2267 1198 2268 1199 2268 1176 2268 1198 2269 1200 2269 1199 2269 1198 2270 1176 2270 1175 2270 1198 2271 1175 2271 1147 2271 1201 2272 1177 2272 1148 2272 1201 2273 1148 2273 1171 2273 1202 2274 1149 2274 1172 2274 1202 2275 1178 2275 1149 2275 1203 2276 1150 2276 1173 2276 1203 2277 1179 2277 1150 2277 1204 2278 1180 2278 1151 2278 1204 2279 1151 2279 1174 2279 1205 2280 1181 2280 8 2280 1206 2281 1182 2281 1154 2281 1206 2282 1154 2282 1177 2282 1207 2283 1155 2283 1178 2283 1207 2284 1183 2284 1155 2284 1208 2285 1184 2285 1156 2285 1208 2286 1156 2286 1179 2286 1209 2287 1185 2287 1157 2287 1209 2288 1157 2288 1180 2288 1210 2289 1186 2289 1158 2289 1210 2290 1158 2290 1181 2290 1211 2291 1187 2291 1159 2291 1211 2292 1159 2292 1182 2292 1212 2293 1188 2293 1160 2293 1212 2294 1160 2294 1183 2294 1213 2295 1161 2295 1184 2295 1213 2296 1189 2296 1161 2296 1214 2297 1190 2297 1162 2297 1214 2298 1162 2298 1185 2298 1215 2299 1191 2299 1163 2299 1215 2300 1163 2300 1186 2300 1216 2301 1164 2301 1187 2301 1216 2302 1192 2302 1164 2302 1217 2303 1165 2303 1188 2303 1217 2304 1193 2304 1165 2304 1218 2305 1166 2305 1189 2305 1218 2306 1194 2306 1166 2306 1219 2307 1167 2307 1190 2307 1219 2308 1195 2308 1167 2308 1220 2309 1196 2309 1168 2309 1220 2310 1168 2310 1191 2310 1221 2311 1169 2311 1192 2311 1221 2312 1197 2312 1169 2312 1222 2313 1170 2313 1193 2313 1222 2314 1198 2314 1170 2314 1222 2315 1223 2315 1200 2315 1222 2316 1200 2316 1198 2316 1224 2317 1171 2317 1194 2317 1224 2318 1201 2318 1171 2318 1225 2319 1172 2319 1195 2319 1225 2320 1202 2320 1172 2320 1226 2321 1173 2321 1196 2321 1226 2322 1203 2322 1173 2322 1227 2323 1174 2323 1197 2323 1227 2324 1204 2324 1174 2324 1228 2325 1205 2325 8 2325 1229 2326 1177 2326 1201 2326 1229 2327 1206 2327 1177 2327 1230 2328 1207 2328 1178 2328 1230 2329 1178 2329 1202 2329 1231 2330 1179 2330 1203 2330 1231 2331 1208 2331 1179 2331 1232 2332 1180 2332 1204 2332 1232 2333 1209 2333 1180 2333 1233 2334 1181 2334 1205 2334 1233 2335 1210 2335 1181 2335 1234 2336 1182 2336 1206 2336 1234 2337 1211 2337 1182 2337 1235 2338 1183 2338 1207 2338 1235 2339 1212 2339 1183 2339 1236 2340 1213 2340 1184 2340 1236 2341 1184 2341 1208 2341 1237 2342 1185 2342 1209 2342 1237 2343 1214 2343 1185 2343 1238 2344 1186 2344 1210 2344 1238 2345 1215 2345 1186 2345 1239 2346 1187 2346 1211 2346 1239 2347 1216 2347 1187 2347 1240 2348 1217 2348 1188 2348 1240 2349 1188 2349 1212 2349 1241 2350 1218 2350 1189 2350 1241 2351 1189 2351 1213 2351 1242 2352 1219 2352 1190 2352 1242 2353 1190 2353 1214 2353 1243 2354 1220 2354 1191 2354 1243 2355 1191 2355 1215 2355 1244 2356 1192 2356 1216 2356 1244 2357 1221 2357 1192 2357 1245 2358 1246 2358 1223 2358 1245 2359 1247 2359 1246 2359 1245 2360 1193 2360 1217 2360 1245 2361 1223 2361 1222 2361 1245 2362 1222 2362 1193 2362 1248 2363 1224 2363 1194 2363 1248 2364 1194 2364 1218 2364 1249 2365 1195 2365 1219 2365 1249 2366 1225 2366 1195 2366 1250 2367 1196 2367 1220 2367 1250 2368 1226 2368 1196 2368 1251 2369 1227 2369 1197 2369 1251 2370 1197 2370 1221 2370 1252 2371 1228 2371 8 2371 1253 2372 1201 2372 1224 2372 1253 2373 1229 2373 1201 2373 1254 2374 1202 2374 1225 2374 1254 2375 1230 2375 1202 2375 1255 2376 1231 2376 1203 2376 1255 2377 1203 2377 1226 2377 1256 2378 1204 2378 1227 2378 1256 2379 1232 2379 1204 2379 1257 2380 1205 2380 1228 2380 1257 2381 1233 2381 1205 2381 1258 2382 1234 2382 1206 2382 1258 2383 1206 2383 1229 2383 1259 2384 1235 2384 1207 2384 1259 2385 1207 2385 1230 2385 1260 2386 1236 2386 1208 2386 1260 2387 1208 2387 1231 2387 1261 2388 1209 2388 1232 2388 1261 2389 1237 2389 1209 2389 1262 2390 1210 2390 1233 2390 1262 2391 1238 2391 1210 2391 1263 2392 1239 2392 1211 2392 1263 2393 1211 2393 1234 2393 1264 2394 1240 2394 1212 2394 1264 2395 1212 2395 1235 2395 1265 2396 1213 2396 1236 2396 1265 2397 1241 2397 1213 2397 1266 2398 1242 2398 1214 2398 1266 2399 1214 2399 1237 2399 1267 2400 1243 2400 1215 2400 1267 2401 1215 2401 1238 2401 1268 2402 1216 2402 1239 2402 1268 2403 1244 2403 1216 2403 1269 2404 1217 2404 1240 2404 1269 2405 1245 2405 1217 2405 1269 2406 1270 2406 1247 2406 1269 2407 1247 2407 1245 2407 1271 2408 1218 2408 1241 2408 1271 2409 1248 2409 1218 2409 1272 2410 1249 2410 1219 2410 1272 2411 1219 2411 1242 2411 1273 2412 1220 2412 1243 2412 1273 2413 1250 2413 1220 2413 1274 2414 1221 2414 1244 2414 1274 2415 1251 2415 1221 2415 1275 2416 1252 2416 8 2416 1276 2417 1253 2417 1224 2417 1276 2418 1224 2418 1248 2418 1277 2419 1225 2419 1249 2419 1277 2420 1254 2420 1225 2420 1278 2421 1255 2421 1226 2421 1278 2422 1226 2422 1250 2422 1279 2423 1227 2423 1251 2423 1279 2424 1256 2424 1227 2424 1280 2425 1228 2425 1252 2425 1280 2426 1257 2426 1228 2426 1281 2427 1229 2427 1253 2427 1281 2428 1258 2428 1229 2428 1282 2429 1259 2429 1230 2429 1282 2430 1230 2430 1254 2430 1283 2431 1260 2431 1231 2431 1283 2432 1231 2432 1255 2432 1284 2433 1261 2433 1232 2433 1284 2434 1232 2434 1256 2434 1285 2435 1262 2435 1233 2435 1285 2436 1233 2436 1257 2436 1286 2437 1263 2437 1234 2437 1286 2438 1234 2438 1258 2438 1287 2439 1235 2439 1259 2439 1287 2440 1264 2440 1235 2440 1288 2441 1265 2441 1236 2441 1288 2442 1236 2442 1260 2442 1289 2443 1237 2443 1261 2443 1289 2444 1266 2444 1237 2444 1290 2445 1238 2445 1262 2445 1290 2446 1267 2446 1238 2446 1291 2447 1268 2447 1239 2447 1291 2448 1239 2448 1263 2448 1292 2449 1240 2449 1264 2449 1292 2450 1293 2450 1270 2450 1292 2451 1269 2451 1240 2451 1292 2452 1270 2452 1269 2452 1294 2453 1241 2453 1265 2453 1294 2454 1271 2454 1241 2454 1295 2455 1242 2455 1266 2455 1295 2456 1272 2456 1242 2456 1296 2457 1273 2457 1243 2457 1296 2458 1243 2458 1267 2458 1297 2459 1244 2459 1268 2459 1297 2460 1274 2460 1244 2460 1298 2461 1275 2461 8 2461 1299 2462 1248 2462 1271 2462 1299 2463 1276 2463 1248 2463 1300 2464 1249 2464 1272 2464 1300 2465 1277 2465 1249 2465 1301 2466 1250 2466 1273 2466 1301 2467 1278 2467 1250 2467 1302 2468 1251 2468 1274 2468 1302 2469 1279 2469 1251 2469 1303 2470 1252 2470 1275 2470 1303 2471 1280 2471 1252 2471 1304 2472 1281 2472 1253 2472 1304 2473 1253 2473 1276 2473 1305 2474 1282 2474 1254 2474 1305 2475 1254 2475 1277 2475 1306 2476 1283 2476 1255 2476 1306 2477 1255 2477 1278 2477 1307 2478 1256 2478 1279 2478 1307 2479 1284 2479 1256 2479 1308 2480 1257 2480 1280 2480 1308 2481 1285 2481 1257 2481 1309 2482 1286 2482 1258 2482 1309 2483 1258 2483 1281 2483 1310 2484 1259 2484 1282 2484 1310 2485 1287 2485 1259 2485 1311 2486 1288 2486 1260 2486 1311 2487 1260 2487 1283 2487 1312 2488 1289 2488 1261 2488 1312 2489 1261 2489 1284 2489 1313 2490 1290 2490 1262 2490 1313 2491 1262 2491 1285 2491 1314 2492 1263 2492 1286 2492 1314 2493 1291 2493 1263 2493 1315 2494 1264 2494 1287 2494 1315 2495 1292 2495 1264 2495 1315 2496 1293 2496 1292 2496 1315 2497 1316 2497 1293 2497 1315 2498 1317 2498 1316 2498 1318 2499 1265 2499 1288 2499 1318 2500 1294 2500 1265 2500 1319 2501 1295 2501 1266 2501 1319 2502 1266 2502 1289 2502 1320 2503 1296 2503 1267 2503 1320 2504 1267 2504 1290 2504 1321 2505 1297 2505 1268 2505 1321 2506 1268 2506 1291 2506 1322 2507 1298 2507 8 2507 1323 2508 1299 2508 1271 2508 1323 2509 1271 2509 1294 2509 1324 2510 1272 2510 1295 2510 1324 2511 1300 2511 1272 2511 1325 2512 1273 2512 1296 2512 1325 2513 1301 2513 1273 2513 1326 2514 1274 2514 1297 2514 1326 2515 1302 2515 1274 2515 1327 2516 1275 2516 1298 2516 1327 2517 1303 2517 1275 2517 1328 2518 1304 2518 1276 2518 1328 2519 1276 2519 1299 2519 1329 2520 1277 2520 1300 2520 1329 2521 1305 2521 1277 2521 1330 2522 1306 2522 1278 2522 1330 2523 1278 2523 1301 2523 1331 2524 1279 2524 1302 2524 1331 2525 1307 2525 1279 2525 1332 2526 1308 2526 1280 2526 1332 2527 1280 2527 1303 2527 1333 2528 1281 2528 1304 2528 1333 2529 1309 2529 1281 2529 1334 2530 1282 2530 1305 2530 1334 2531 1310 2531 1282 2531 1335 2532 1283 2532 1306 2532 1335 2533 1311 2533 1283 2533 1336 2534 1284 2534 1307 2534 1336 2535 1312 2535 1284 2535 1337 2536 1285 2536 1308 2536 1337 2537 1313 2537 1285 2537 1338 2538 1286 2538 1309 2538 1338 2539 1314 2539 1286 2539 1339 2540 1317 2540 1315 2540 1339 2541 1340 2541 1317 2541 1339 2542 1315 2542 1287 2542 1339 2543 1287 2543 1310 2543 1341 2544 1318 2544 1288 2544 1341 2545 1288 2545 1311 2545 1342 2546 1289 2546 1312 2546 1342 2547 1319 2547 1289 2547 1343 2548 1290 2548 1313 2548 1343 2549 1320 2549 1290 2549 1344 2550 1291 2550 1314 2550 1344 2551 1321 2551 1291 2551 1345 2552 1322 2552 8 2552 1346 2553 1294 2553 1318 2553 1346 2554 1323 2554 1294 2554 1347 2555 1295 2555 1319 2555 1347 2556 1324 2556 1295 2556 1348 2557 1325 2557 1296 2557 1348 2558 1296 2558 1320 2558 1349 2559 1326 2559 1297 2559 1349 2560 1297 2560 1321 2560 1350 2561 1327 2561 1298 2561 1350 2562 1298 2562 1322 2562 1351 2563 1328 2563 1299 2563 1351 2564 1299 2564 1323 2564 1352 2565 1329 2565 1300 2565 1352 2566 1300 2566 1324 2566 1353 2567 1330 2567 1301 2567 1353 2568 1301 2568 1325 2568 1354 2569 1331 2569 1302 2569 1354 2570 1302 2570 1326 2570 1355 2571 1332 2571 1303 2571 1355 2572 1303 2572 1327 2572 1356 2573 1333 2573 1304 2573 1356 2574 1304 2574 1328 2574 1357 2575 1334 2575 1305 2575 1357 2576 1305 2576 1329 2576 1358 2577 1306 2577 1330 2577 1358 2578 1335 2578 1306 2578 1359 2579 1307 2579 1331 2579 1359 2580 1336 2580 1307 2580 1360 2581 1308 2581 1332 2581 1360 2582 1337 2582 1308 2582 1361 2583 1309 2583 1333 2583 1361 2584 1338 2584 1309 2584 1362 2585 1310 2585 1334 2585 1362 2586 1339 2586 1310 2586 1362 2587 1363 2587 1340 2587 1362 2588 1364 2588 1363 2588 1362 2589 1340 2589 1339 2589 1365 2590 1341 2590 1311 2590 1365 2591 1311 2591 1335 2591 1366 2592 1342 2592 1312 2592 1366 2593 1312 2593 1336 2593 1367 2594 1313 2594 1337 2594 1367 2595 1343 2595 1313 2595 1368 2596 1314 2596 1338 2596 1368 2597 1344 2597 1314 2597 1369 2598 1345 2598 8 2598 1370 2599 1346 2599 1318 2599 1370 2600 1318 2600 1341 2600 1371 2601 1347 2601 1319 2601 1371 2602 1319 2602 1342 2602 1372 2603 1348 2603 1320 2603 1372 2604 1320 2604 1343 2604 1373 2605 1349 2605 1321 2605 1373 2606 1321 2606 1344 2606 1374 2607 1322 2607 1345 2607 1374 2608 1350 2608 1322 2608 1375 2609 1351 2609 1323 2609 1375 2610 1323 2610 1346 2610 1376 2611 1324 2611 1347 2611 1376 2612 1352 2612 1324 2612 1377 2613 1325 2613 1348 2613 1377 2614 1353 2614 1325 2614 1378 2615 1354 2615 1326 2615 1378 2616 1326 2616 1349 2616 1379 2617 1355 2617 1327 2617 1379 2618 1327 2618 1350 2618 1380 2619 1328 2619 1351 2619 1380 2620 1356 2620 1328 2620 1381 2621 1357 2621 1329 2621 1381 2622 1329 2622 1352 2622 1382 2623 1358 2623 1330 2623 1382 2624 1330 2624 1353 2624 1383 2625 1359 2625 1331 2625 1383 2626 1331 2626 1354 2626 1384 2627 1360 2627 1332 2627 1384 2628 1332 2628 1355 2628 1385 2629 1333 2629 1356 2629 1385 2630 1361 2630 1333 2630 1386 2631 1362 2631 1334 2631 1386 2632 1364 2632 1362 2632 1386 2633 1387 2633 1364 2633 1386 2634 1334 2634 1357 2634 1388 2635 1365 2635 1335 2635 1388 2636 1335 2636 1358 2636 1389 2637 1336 2637 1359 2637 1389 2638 1366 2638 1336 2638 1390 2639 1337 2639 1360 2639 1390 2640 1367 2640 1337 2640 1391 2641 1368 2641 1338 2641 1391 2642 1338 2642 1361 2642 1392 2643 1369 2643 8 2643 1393 2644 1341 2644 1365 2644 1393 2645 1370 2645 1341 2645 1394 2646 1342 2646 1366 2646 1394 2647 1371 2647 1342 2647 1395 2648 1372 2648 1343 2648 1395 2649 1343 2649 1367 2649 1396 2650 1344 2650 1368 2650 1396 2651 1373 2651 1344 2651 1397 2652 1374 2652 1345 2652 1397 2653 1345 2653 1369 2653 1398 2654 1346 2654 1370 2654 1398 2655 1375 2655 1346 2655 1399 2656 1347 2656 1371 2656 1399 2657 1376 2657 1347 2657 1400 2658 1348 2658 1372 2658 1400 2659 1377 2659 1348 2659 1401 2660 1378 2660 1349 2660 1401 2661 1349 2661 1373 2661 1402 2662 1379 2662 1350 2662 1402 2663 1350 2663 1374 2663 1403 2664 1380 2664 1351 2664 1403 2665 1351 2665 1375 2665 1404 2666 1381 2666 1352 2666 1404 2667 1352 2667 1376 2667 1405 2668 1382 2668 1353 2668 1405 2669 1353 2669 1377 2669 1406 2670 1354 2670 1378 2670 1406 2671 1383 2671 1354 2671 1407 2672 1384 2672 1355 2672 1407 2673 1355 2673 1379 2673 1408 2674 1385 2674 1356 2674 1408 2675 1356 2675 1380 2675 1409 2676 1387 2676 1386 2676 1409 2677 1357 2677 1381 2677 1409 2678 1410 2678 1387 2678 1409 2679 1386 2679 1357 2679 1411 2680 1358 2680 1382 2680 1411 2681 1388 2681 1358 2681 1412 2682 1359 2682 1383 2682 1412 2683 1389 2683 1359 2683 1413 2684 1360 2684 1384 2684 1413 2685 1390 2685 1360 2685 1414 2686 1361 2686 1385 2686 1414 2687 1391 2687 1361 2687 1415 2688 1392 2688 8 2688 1416 2689 1365 2689 1388 2689 1416 2690 1393 2690 1365 2690 1417 2691 1366 2691 1389 2691 1417 2692 1394 2692 1366 2692 1418 2693 1395 2693 1367 2693 1418 2694 1367 2694 1390 2694 1419 2695 1368 2695 1391 2695 1419 2696 1396 2696 1368 2696 1420 2697 1397 2697 1369 2697 1420 2698 1369 2698 1392 2698 1421 2699 1398 2699 1370 2699 1421 2700 1370 2700 1393 2700 1422 2701 1371 2701 1394 2701 1422 2702 1399 2702 1371 2702 1423 2703 1400 2703 1372 2703 1423 2704 1372 2704 1395 2704 1424 2705 1401 2705 1373 2705 1424 2706 1373 2706 1396 2706 1425 2707 1402 2707 1374 2707 1425 2708 1374 2708 1397 2708 1426 2709 1403 2709 1375 2709 1426 2710 1375 2710 1398 2710 1427 2711 1404 2711 1376 2711 1427 2712 1376 2712 1399 2712 1428 2713 1405 2713 1377 2713 1428 2714 1377 2714 1400 2714 1429 2715 1378 2715 1401 2715 1429 2716 1406 2716 1378 2716 1430 2717 1407 2717 1379 2717 1430 2718 1379 2718 1402 2718 1431 2719 1380 2719 1403 2719 1431 2720 1408 2720 1380 2720 1432 2721 1381 2721 1404 2721 1432 2722 1433 2722 1410 2722 1432 2723 1434 2723 1433 2723 1432 2724 1409 2724 1381 2724 1432 2725 1410 2725 1409 2725 1435 2726 1382 2726 1405 2726 1435 2727 1411 2727 1382 2727 1436 2728 1383 2728 1406 2728 1436 2729 1412 2729 1383 2729 1437 2730 1413 2730 1384 2730 1437 2731 1384 2731 1407 2731 1438 2732 1414 2732 1385 2732 1438 2733 1385 2733 1408 2733 1439 2734 1415 2734 8 2734 1440 2735 1416 2735 1388 2735 1440 2736 1388 2736 1411 2736 1441 2737 1389 2737 1412 2737 1441 2738 1417 2738 1389 2738 1442 2739 1418 2739 1390 2739 1442 2740 1390 2740 1413 2740 1443 2741 1419 2741 1391 2741 1443 2742 1391 2742 1414 2742 1444 2743 1420 2743 1392 2743 1444 2744 1392 2744 1415 2744 1445 2745 1393 2745 1416 2745 1445 2746 1421 2746 1393 2746 1446 2747 1394 2747 1417 2747 1446 2748 1422 2748 1394 2748 1447 2749 1395 2749 1418 2749 1447 2750 1423 2750 1395 2750 1448 2751 1396 2751 1419 2751 1448 2752 1424 2752 1396 2752 1449 2753 1425 2753 1397 2753 1449 2754 1397 2754 1420 2754 1450 2755 1426 2755 1398 2755 1450 2756 1398 2756 1421 2756 1451 2757 1427 2757 1399 2757 1451 2758 1399 2758 1422 2758 1452 2759 1428 2759 1400 2759 1452 2760 1400 2760 1423 2760 1453 2761 1401 2761 1424 2761 1453 2762 1429 2762 1401 2762 1454 2763 1430 2763 1402 2763 1454 2764 1402 2764 1425 2764 1455 2765 1403 2765 1426 2765 1455 2766 1431 2766 1403 2766 1456 2767 1432 2767 1404 2767 1456 2768 1434 2768 1432 2768 1456 2769 1404 2769 1427 2769 1456 2770 1457 2770 1434 2770 1458 2771 1405 2771 1428 2771 1458 2772 1435 2772 1405 2772 1459 2773 1406 2773 1429 2773 1459 2774 1436 2774 1406 2774 1460 2775 1437 2775 1407 2775 1460 2776 1407 2776 1430 2776 1461 2777 1438 2777 1408 2777 1461 2778 1408 2778 1431 2778 1462 2779 1439 2779 8 2779 1463 2780 1411 2780 1435 2780 1463 2781 1440 2781 1411 2781 1464 2782 1441 2782 1412 2782 1464 2783 1412 2783 1436 2783 1465 2784 1442 2784 1413 2784 1465 2785 1413 2785 1437 2785 1466 2786 1414 2786 1438 2786 1466 2787 1443 2787 1414 2787 1467 2788 1415 2788 1439 2788 1467 2789 1444 2789 1415 2789 1468 2790 1416 2790 1440 2790 1468 2791 1445 2791 1416 2791 1469 2792 1417 2792 1441 2792 1469 2793 1446 2793 1417 2793 1470 2794 1447 2794 1418 2794 1470 2795 1418 2795 1442 2795 1471 2796 1419 2796 1443 2796 1471 2797 1448 2797 1419 2797 1472 2798 1420 2798 1444 2798 1472 2799 1449 2799 1420 2799 1473 2800 1421 2800 1445 2800 1473 2801 1450 2801 1421 2801 1474 2802 1451 2802 1422 2802 1474 2803 1422 2803 1446 2803 1475 2804 1452 2804 1423 2804 1475 2805 1423 2805 1447 2805 1476 2806 1424 2806 1448 2806 1476 2807 1453 2807 1424 2807 1477 2808 1425 2808 1449 2808 1477 2809 1454 2809 1425 2809 1478 2810 1455 2810 1426 2810 1478 2811 1426 2811 1450 2811 1479 2812 1457 2812 1456 2812 1479 2813 1427 2813 1451 2813 1479 2814 1480 2814 1457 2814 1479 2815 1481 2815 1480 2815 1479 2816 1456 2816 1427 2816 1482 2817 1458 2817 1428 2817 1482 2818 1428 2818 1452 2818 1483 2819 1459 2819 1429 2819 1483 2820 1429 2820 1453 2820 1484 2821 1430 2821 1454 2821 1484 2822 1460 2822 1430 2822 1485 2823 1431 2823 1455 2823 1485 2824 1461 2824 1431 2824 1486 2825 1462 2825 8 2825 1487 2826 1435 2826 1458 2826 1487 2827 1463 2827 1435 2827 1488 2828 1436 2828 1459 2828 1488 2829 1464 2829 1436 2829 1489 2830 1465 2830 1437 2830 1489 2831 1437 2831 1460 2831 1490 2832 1466 2832 1438 2832 1490 2833 1438 2833 1461 2833 1491 2834 1467 2834 1439 2834 1491 2835 1439 2835 1462 2835 1492 2836 1440 2836 1463 2836 1492 2837 1468 2837 1440 2837 1493 2838 1441 2838 1464 2838 1493 2839 1469 2839 1441 2839 1494 2840 1470 2840 1442 2840 1494 2841 1442 2841 1465 2841 1495 2842 1471 2842 1443 2842 1495 2843 1443 2843 1466 2843 1496 2844 1472 2844 1444 2844 1496 2845 1444 2845 1467 2845 1497 2846 1445 2846 1468 2846 1497 2847 1473 2847 1445 2847 1498 2848 1474 2848 1446 2848 1498 2849 1446 2849 1469 2849 1499 2850 1447 2850 1470 2850 1499 2851 1475 2851 1447 2851 1500 2852 1476 2852 1448 2852 1500 2853 1448 2853 1471 2853 1501 2854 1449 2854 1472 2854 1501 2855 1477 2855 1449 2855 1502 2856 1478 2856 1450 2856 1502 2857 1450 2857 1473 2857 1503 2858 1479 2858 1451 2858 1503 2859 1504 2859 1481 2859 1503 2860 1451 2860 1474 2860 1503 2861 1481 2861 1479 2861 1505 2862 1452 2862 1475 2862 1505 2863 1482 2863 1452 2863 1506 2864 1453 2864 1476 2864 1506 2865 1483 2865 1453 2865 1507 2866 1454 2866 1477 2866 1507 2867 1484 2867 1454 2867 1508 2868 1455 2868 1478 2868 1508 2869 1485 2869 1455 2869 1509 2870 1486 2870 8 2870 1510 2871 1487 2871 1458 2871 1510 2872 1458 2872 1482 2872 1511 2873 1459 2873 1483 2873 1511 2874 1488 2874 1459 2874 1512 2875 1489 2875 1460 2875 1512 2876 1460 2876 1484 2876 1513 2877 1490 2877 1461 2877 1513 2878 1461 2878 1485 2878 1514 2879 1462 2879 1486 2879 1514 2880 1491 2880 1462 2880 1515 2881 1492 2881 1463 2881 1515 2882 1463 2882 1487 2882 1516 2883 1493 2883 1464 2883 1516 2884 1464 2884 1488 2884 1517 2885 1494 2885 1465 2885 1517 2886 1465 2886 1489 2886 1518 2887 1466 2887 1490 2887 1518 2888 1495 2888 1466 2888 1519 2889 1496 2889 1467 2889 1519 2890 1467 2890 1491 2890 1520 2891 1468 2891 1492 2891 1520 2892 1497 2892 1468 2892 1521 2893 1469 2893 1493 2893 1521 2894 1498 2894 1469 2894 1522 2895 1470 2895 1494 2895 1522 2896 1499 2896 1470 2896 1523 2897 1471 2897 1495 2897 1523 2898 1500 2898 1471 2898 1524 2899 1501 2899 1472 2899 1524 2900 1472 2900 1496 2900 1525 2901 1502 2901 1473 2901 1525 2902 1473 2902 1497 2902 1526 2903 1503 2903 1474 2903 1526 2904 1504 2904 1503 2904 1526 2905 1527 2905 1504 2905 1526 2906 1474 2906 1498 2906 1528 2907 1475 2907 1499 2907 1528 2908 1505 2908 1475 2908 1529 2909 1476 2909 1500 2909 1529 2910 1506 2910 1476 2910 1530 2911 1507 2911 1477 2911 1530 2912 1477 2912 1501 2912 1531 2913 1478 2913 1502 2913 1531 2914 1508 2914 1478 2914 1532 2915 1509 2915 8 2915 1533 2916 1482 2916 1505 2916 1533 2917 1510 2917 1482 2917 1534 2918 1483 2918 1506 2918 1534 2919 1511 2919 1483 2919 1535 2920 1512 2920 1484 2920 1535 2921 1484 2921 1507 2921 1536 2922 1485 2922 1508 2922 1536 2923 1513 2923 1485 2923 1537 2924 1514 2924 1486 2924 1537 2925 1486 2925 1509 2925 1538 2926 1487 2926 1510 2926 1538 2927 1515 2927 1487 2927 1539 2928 1488 2928 1511 2928 1539 2929 1516 2929 1488 2929 1540 2930 1489 2930 1512 2930 1540 2931 1517 2931 1489 2931 1541 2932 1518 2932 1490 2932 1541 2933 1490 2933 1513 2933 1542 2934 1491 2934 1514 2934 1542 2935 1519 2935 1491 2935 1543 2936 1520 2936 1492 2936 1543 2937 1492 2937 1515 2937 1544 2938 1521 2938 1493 2938 1544 2939 1493 2939 1516 2939 1545 2940 1494 2940 1517 2940 1545 2941 1522 2941 1494 2941 1546 2942 1495 2942 1518 2942 1546 2943 1523 2943 1495 2943 1547 2944 1524 2944 1496 2944 1547 2945 1496 2945 1519 2945 1548 2946 1497 2946 1520 2946 1548 2947 1525 2947 1497 2947 1549 2948 1527 2948 1526 2948 1549 2949 1526 2949 1498 2949 1549 2950 1550 2950 1527 2950 1549 2951 1551 2951 1550 2951 1549 2952 1498 2952 1521 2952 1552 2953 1499 2953 1522 2953 1552 2954 1528 2954 1499 2954 1553 2955 1500 2955 1523 2955 1553 2956 1529 2956 1500 2956 1554 2957 1530 2957 1501 2957 1554 2958 1501 2958 1524 2958 1555 2959 1502 2959 1525 2959 1555 2960 1531 2960 1502 2960 1556 2961 1532 2961 8 2961 1557 2962 1505 2962 1528 2962 1557 2963 1533 2963 1505 2963 1558 2964 1534 2964 1506 2964 1558 2965 1506 2965 1529 2965 1559 2966 1535 2966 1507 2966 1559 2967 1507 2967 1530 2967 1560 2968 1508 2968 1531 2968 1560 2969 1536 2969 1508 2969 1561 2970 1537 2970 1509 2970 1561 2971 1509 2971 1532 2971 1562 2972 1510 2972 1533 2972 1562 2973 1538 2973 1510 2973 1563 2974 1511 2974 1534 2974 1563 2975 1539 2975 1511 2975 1564 2976 1540 2976 1512 2976 1564 2977 1512 2977 1535 2977 1565 2978 1541 2978 1513 2978 1565 2979 1513 2979 1536 2979 1566 2980 1514 2980 1537 2980 1566 2981 1542 2981 1514 2981 1567 2982 1543 2982 1515 2982 1567 2983 1515 2983 1538 2983 1568 2984 1544 2984 1516 2984 1568 2985 1516 2985 1539 2985 1569 2986 1545 2986 1517 2986 1569 2987 1517 2987 1540 2987 1570 2988 1546 2988 1518 2988 1570 2989 1518 2989 1541 2989 1571 2990 1547 2990 1519 2990 1571 2991 1519 2991 1542 2991 1572 2992 1520 2992 1543 2992 1572 2993 1548 2993 1520 2993 1573 2994 1574 2994 1551 2994 1573 2995 1551 2995 1549 2995 1573 2996 1549 2996 1521 2996 1573 2997 1521 2997 1544 2997 1575 2998 1522 2998 1545 2998 1575 2999 1552 2999 1522 2999 1576 3000 1523 3000 1546 3000 1576 3001 1553 3001 1523 3001 1577 3002 1554 3002 1524 3002 1577 3003 1524 3003 1547 3003 1578 3004 1555 3004 1525 3004 1578 3005 1525 3005 1548 3005 1579 3006 1556 3006 8 3006 1580 3007 1557 3007 1528 3007 1580 3008 1528 3008 1552 3008 1581 3009 1558 3009 1529 3009 1581 3010 1529 3010 1553 3010 1582 3011 1559 3011 1530 3011 1582 3012 1530 3012 1554 3012 1583 3013 1560 3013 1531 3013 1583 3014 1531 3014 1555 3014 1584 3015 1532 3015 1556 3015 1584 3016 1561 3016 1532 3016 1585 3017 1562 3017 1533 3017 1585 3018 1533 3018 1557 3018 1586 3019 1563 3019 1534 3019 1586 3020 1534 3020 1558 3020 1587 3021 1564 3021 1535 3021 1587 3022 1535 3022 1559 3022 1588 3023 1536 3023 1560 3023 1588 3024 1565 3024 1536 3024 1589 3025 1537 3025 1561 3025 1589 3026 1566 3026 1537 3026 1590 3027 1567 3027 1538 3027 1590 3028 1538 3028 1562 3028 1591 3029 1539 3029 1563 3029 1591 3030 1568 3030 1539 3030 1592 3031 1569 3031 1540 3031 1592 3032 1540 3032 1564 3032 1593 3033 1570 3033 1541 3033 1593 3034 1541 3034 1565 3034 1594 3035 1571 3035 1542 3035 1594 3036 1542 3036 1566 3036 1595 3037 1543 3037 1567 3037 1595 3038 1572 3038 1543 3038 1596 3039 1544 3039 1568 3039 1596 3040 1574 3040 1573 3040 1596 3041 1573 3041 1544 3041 1596 3042 1597 3042 1574 3042 1596 3043 1598 3043 1597 3043 1599 3044 1575 3044 1545 3044 1599 3045 1545 3045 1569 3045 1600 3046 1546 3046 1570 3046 1600 3047 1576 3047 1546 3047 1601 3048 1547 3048 1571 3048 1601 3049 1577 3049 1547 3049 1602 3050 1578 3050 1548 3050 1602 3051 1548 3051 1572 3051 1603 3052 1579 3052 8 3052 1604 3053 1580 3053 1552 3053 1604 3054 1552 3054 1575 3054 1605 3055 1553 3055 1576 3055 1605 3056 1581 3056 1553 3056 1606 3057 1582 3057 1554 3057 1606 3058 1554 3058 1577 3058 1607 3059 1555 3059 1578 3059 1607 3060 1583 3060 1555 3060 1608 3061 1584 3061 1556 3061 1608 3062 1556 3062 1579 3062 1609 3063 1557 3063 1580 3063 1609 3064 1585 3064 1557 3064 1610 3065 1586 3065 1558 3065 1610 3066 1558 3066 1581 3066 1611 3067 1559 3067 1582 3067 1611 3068 1587 3068 1559 3068 1612 3069 1560 3069 1583 3069 1612 3070 1588 3070 1560 3070 1613 3071 1589 3071 1561 3071 1613 3072 1561 3072 1584 3072 1614 3073 1562 3073 1585 3073 1614 3074 1590 3074 1562 3074 1615 3075 1591 3075 1563 3075 1615 3076 1563 3076 1586 3076 1616 3077 1592 3077 1564 3077 1616 3078 1564 3078 1587 3078 1617 3079 1593 3079 1565 3079 1617 3080 1565 3080 1588 3080 1618 3081 1566 3081 1589 3081 1618 3082 1594 3082 1566 3082 1619 3083 1567 3083 1590 3083 1619 3084 1595 3084 1567 3084 1620 3085 1598 3085 1596 3085 1620 3086 1596 3086 1568 3086 1620 3087 1568 3087 1591 3087 1620 3088 1621 3088 1598 3088 1622 3089 1569 3089 1592 3089 1622 3090 1599 3090 1569 3090 1623 3091 1570 3091 1593 3091 1623 3092 1600 3092 1570 3092 1624 3093 1601 3093 1571 3093 1624 3094 1571 3094 1594 3094 1625 3095 1572 3095 1595 3095 1625 3096 1602 3096 1572 3096 1626 3097 1603 3097 8 3097 1627 3098 1604 3098 1575 3098 1627 3099 1575 3099 1599 3099 1628 3100 1576 3100 1600 3100 1628 3101 1605 3101 1576 3101 1629 3102 1577 3102 1601 3102 1629 3103 1606 3103 1577 3103 1630 3104 1607 3104 1578 3104 1630 3105 1578 3105 1602 3105 1631 3106 1579 3106 1603 3106 1631 3107 1608 3107 1579 3107 1632 3108 1580 3108 1604 3108 1632 3109 1609 3109 1580 3109 1633 3110 1581 3110 1605 3110 1633 3111 1610 3111 1581 3111 1634 3112 1611 3112 1582 3112 1634 3113 1582 3113 1606 3113 1635 3114 1583 3114 1607 3114 1635 3115 1612 3115 1583 3115 1636 3116 1613 3116 1584 3116 1636 3117 1584 3117 1608 3117 1637 3118 1585 3118 1609 3118 1637 3119 1614 3119 1585 3119 1638 3120 1615 3120 1586 3120 1638 3121 1586 3121 1610 3121 1639 3122 1616 3122 1587 3122 1639 3123 1587 3123 1611 3123 1640 3124 1617 3124 1588 3124 1640 3125 1588 3125 1612 3125 1641 3126 1618 3126 1589 3126 1641 3127 1589 3127 1613 3127 1642 3128 1619 3128 1590 3128 1642 3129 1590 3129 1614 3129 1643 3130 1620 3130 1591 3130 1643 3131 1644 3131 1621 3131 1643 3132 1645 3132 1644 3132 1643 3133 1621 3133 1620 3133 1643 3134 1591 3134 1615 3134 1646 3135 1592 3135 1616 3135 1646 3136 1622 3136 1592 3136 1647 3137 1593 3137 1617 3137 1647 3138 1623 3138 1593 3138 1648 3139 1594 3139 1618 3139 1648 3140 1624 3140 1594 3140 1649 3141 1625 3141 1595 3141 1649 3142 1595 3142 1619 3142 1650 3143 1626 3143 8 3143 1650 3144 8 3144 6 3144 1651 3145 1599 3145 1622 3145 1651 3146 1627 3146 1599 3146 1652 3147 1600 3147 1623 3147 1652 3148 1628 3148 1600 3148 1653 3149 1601 3149 1624 3149 1653 3150 1629 3150 1601 3150 1654 3151 1630 3151 1602 3151 1654 3152 1602 3152 1625 3152 1655 3153 1603 3153 1626 3153 1655 3154 1631 3154 1603 3154 1656 3155 1632 3155 1604 3155 1656 3156 1604 3156 1627 3156 1657 3157 1633 3157 1605 3157 1657 3158 1605 3158 1628 3158 1658 3159 1634 3159 1606 3159 1658 3160 1606 3160 1629 3160 1659 3161 1607 3161 1630 3161 1659 3162 1635 3162 1607 3162 1660 3163 1636 3163 1608 3163 1660 3164 1608 3164 1631 3164 1661 3165 1609 3165 1632 3165 1661 3166 1637 3166 1609 3166 1662 3167 1610 3167 1633 3167 1662 3168 1638 3168 1610 3168 1663 3169 1611 3169 1634 3169 1663 3170 1639 3170 1611 3170 1664 3171 1612 3171 1635 3171 1664 3172 1640 3172 1612 3172 1665 3173 1641 3173 1613 3173 1665 3174 1613 3174 1636 3174 1666 3175 1614 3175 1637 3175 1666 3176 1642 3176 1614 3176 1667 3177 1615 3177 1638 3177 1667 3178 1645 3178 1643 3178 1667 3179 1643 3179 1615 3179 1667 3180 1668 3180 1645 3180 1669 3181 1616 3181 1639 3181 1669 3182 1646 3182 1616 3182 1670 3183 1617 3183 1640 3183 1670 3184 1647 3184 1617 3184 1671 3185 1618 3185 1641 3185 1671 3186 1648 3186 1618 3186 1672 3187 1649 3187 1619 3187 1672 3188 1619 3188 1642 3188 1673 3189 1650 3189 6 3189 1673 3190 6 3190 5 3190 1674 3191 1651 3191 1622 3191 1674 3192 1622 3192 1646 3192 1675 3193 1623 3193 1647 3193 1675 3194 1652 3194 1623 3194 1676 3195 1624 3195 1648 3195 1676 3196 1653 3196 1624 3196 1677 3197 1654 3197 1625 3197 1677 3198 1625 3198 1649 3198 1678 3199 1655 3199 1626 3199 1678 3200 1626 3200 1650 3200 1679 3201 1627 3201 1651 3201 1679 3202 1656 3202 1627 3202 1680 3203 1657 3203 1628 3203 1680 3204 1628 3204 1652 3204 1681 3205 1658 3205 1629 3205 1681 3206 1629 3206 1653 3206 1682 3207 1630 3207 1654 3207 1682 3208 1659 3208 1630 3208 1683 3209 1660 3209 1631 3209 1683 3210 1631 3210 1655 3210 1684 3211 1661 3211 1632 3211 1684 3212 1632 3212 1656 3212 1685 3213 1662 3213 1633 3213 1685 3214 1633 3214 1657 3214 1686 3215 1634 3215 1658 3215 1686 3216 1663 3216 1634 3216 1687 3217 1635 3217 1659 3217 1687 3218 1664 3218 1635 3218 1688 3219 1636 3219 1660 3219 1688 3220 1665 3220 1636 3220 1689 3221 1666 3221 1637 3221 1689 3222 1637 3222 1661 3222 1690 3223 1668 3223 1667 3223 1690 3224 1638 3224 1662 3224 1690 3225 1691 3225 1668 3225 1690 3226 1667 3226 1638 3226 1692 3227 1639 3227 1663 3227 1692 3228 1669 3228 1639 3228 1693 3229 1640 3229 1664 3229 1693 3230 1670 3230 1640 3230 1694 3231 1671 3231 1641 3231 1694 3232 1641 3232 1665 3232 1695 3233 1642 3233 1666 3233 1695 3234 1672 3234 1642 3234 1696 3235 1646 3235 1669 3235 1696 3236 1674 3236 1646 3236 1697 3237 1675 3237 1647 3237 1697 3238 1647 3238 1670 3238 1698 3239 1676 3239 1648 3239 1698 3240 1648 3240 1671 3240 1699 3241 1649 3241 1672 3241 1699 3242 1677 3242 1649 3242 1700 3243 1673 3243 5 3243 1700 3244 1650 3244 1673 3244 1700 3245 5 3245 11 3245 1700 3246 1678 3246 1650 3246 1701 3247 1679 3247 1651 3247 1701 3248 1651 3248 1674 3248 1702 3249 1652 3249 1675 3249 1702 3250 1680 3250 1652 3250 1703 3251 1653 3251 1676 3251 1703 3252 1681 3252 1653 3252 1704 3253 1654 3253 1677 3253 1704 3254 1682 3254 1654 3254 1705 3255 1683 3255 1655 3255 1705 3256 1655 3256 1678 3256 1706 3257 1656 3257 1679 3257 1706 3258 1684 3258 1656 3258 1707 3259 1657 3259 1680 3259 1707 3260 1685 3260 1657 3260 1708 3261 1658 3261 1681 3261 1708 3262 1686 3262 1658 3262 1709 3263 1687 3263 1659 3263 1709 3264 1659 3264 1682 3264 1710 3265 1688 3265 1660 3265 1710 3266 1660 3266 1683 3266 1711 3267 1689 3267 1661 3267 1711 3268 1661 3268 1684 3268 1712 3269 1690 3269 1662 3269 1712 3270 1662 3270 1685 3270 1712 3271 1691 3271 1690 3271 1712 3272 1713 3272 1691 3272 1712 3273 1714 3273 1713 3273 1715 3274 1692 3274 1663 3274 1715 3275 1663 3275 1686 3275 1716 3276 1664 3276 1687 3276 1716 3277 1693 3277 1664 3277 1717 3278 1694 3278 1665 3278 1717 3279 1665 3279 1688 3279 1718 3280 1695 3280 1666 3280 1718 3281 1666 3281 1689 3281 1719 3282 1696 3282 1669 3282 1719 3283 1669 3283 1692 3283 1720 3284 1697 3284 1670 3284 1720 3285 1670 3285 1693 3285 1721 3286 1671 3286 1694 3286 1721 3287 1698 3287 1671 3287 1722 3288 1699 3288 1672 3288 1722 3289 1672 3289 1695 3289 1723 3290 1701 3290 1674 3290 1723 3291 1674 3291 1696 3291 1724 3292 1702 3292 1675 3292 1724 3293 1675 3293 1697 3293 1725 3294 1676 3294 1698 3294 1725 3295 1703 3295 1676 3295 1726 3296 1677 3296 1699 3296 1726 3297 1704 3297 1677 3297 1727 3298 1678 3298 1700 3298 1727 3299 1705 3299 1678 3299 1728 3300 1706 3300 1679 3300 1728 3301 1679 3301 1701 3301 1729 3302 1707 3302 1680 3302 1729 3303 1680 3303 1702 3303 1730 3304 1681 3304 1703 3304 1730 3305 1708 3305 1681 3305 1731 3306 1709 3306 1682 3306 1731 3307 1682 3307 1704 3307 1732 3308 1710 3308 1683 3308 1732 3309 1683 3309 1705 3309 1733 3310 1684 3310 1706 3310 1733 3311 1711 3311 1684 3311 1734 3312 1714 3312 1712 3312 1734 3313 1685 3313 1707 3313 1734 3314 1712 3314 1685 3314 1734 3315 1735 3315 1714 3315 1736 3316 1686 3316 1708 3316 1736 3317 1715 3317 1686 3317 1737 3318 1687 3318 1709 3318 1737 3319 1716 3319 1687 3319 1738 3320 1717 3320 1688 3320 1738 3321 1688 3321 1710 3321 1739 3322 1689 3322 1711 3322 1739 3323 1718 3323 1689 3323 1740 3324 1692 3324 1715 3324 1740 3325 1719 3325 1692 3325 1741 3326 1720 3326 1693 3326 1741 3327 1693 3327 1716 3327 1742 3328 1694 3328 1717 3328 1742 3329 1721 3329 1694 3329 1743 3330 1695 3330 1718 3330 1743 3331 1722 3331 1695 3331 1744 3332 1696 3332 1719 3332 1744 3333 1723 3333 1696 3333 1745 3334 1697 3334 1720 3334 1745 3335 1724 3335 1697 3335 1746 3336 1725 3336 1698 3336 1746 3337 1698 3337 1721 3337 1747 3338 1699 3338 1722 3338 1747 3339 1726 3339 1699 3339 1748 3340 1700 3340 11 3340 1748 3341 1727 3341 1700 3341 1748 3342 16 3342 15 3342 1748 3343 11 3343 16 3343 1749 3344 1701 3344 1723 3344 1749 3345 1728 3345 1701 3345 1750 3346 1729 3346 1702 3346 1750 3347 1702 3347 1724 3347 1751 3348 1703 3348 1725 3348 1751 3349 1730 3349 1703 3349 1752 3350 1731 3350 1704 3350 1752 3351 1704 3351 1726 3351 1753 3352 1705 3352 1727 3352 1753 3353 1732 3353 1705 3353 1754 3354 1706 3354 1728 3354 1754 3355 1733 3355 1706 3355 1755 3356 1734 3356 1707 3356 1755 3357 1735 3357 1734 3357 1755 3358 1756 3358 1735 3358 1755 3359 1707 3359 1729 3359 1757 3360 1736 3360 1708 3360 1757 3361 1708 3361 1730 3361 1758 3362 1709 3362 1731 3362 1758 3363 1737 3363 1709 3363 1759 3364 1710 3364 1732 3364 1759 3365 1738 3365 1710 3365 1760 3366 1739 3366 1711 3366 1760 3367 1711 3367 1733 3367 1761 3368 1740 3368 1715 3368 1761 3369 1715 3369 1736 3369 1762 3370 1741 3370 1716 3370 1762 3371 1716 3371 1737 3371 1763 3372 1717 3372 1738 3372 1763 3373 1742 3373 1717 3373 1764 3374 1718 3374 1739 3374 1764 3375 1743 3375 1718 3375 1765 3376 1719 3376 1740 3376 1765 3377 1744 3377 1719 3377 1766 3378 1745 3378 1720 3378 1766 3379 1720 3379 1741 3379 1767 3380 1721 3380 1742 3380 1767 3381 1746 3381 1721 3381 1768 3382 1722 3382 1743 3382 1768 3383 1747 3383 1722 3383 1769 3384 1749 3384 1723 3384 1769 3385 1723 3385 1744 3385 1770 3386 1750 3386 1724 3386 1770 3387 1724 3387 1745 3387 1771 3388 1725 3388 1746 3388 1771 3389 1751 3389 1725 3389 1772 3390 1752 3390 1726 3390 1772 3391 1726 3391 1747 3391 1773 3392 1753 3392 1727 3392 1773 3393 1727 3393 1748 3393 1773 3394 1748 3394 15 3394 1773 3395 15 3395 24 3395 1774 3396 1754 3396 1728 3396 1774 3397 1728 3397 1749 3397 1775 3398 1729 3398 1750 3398 1775 3399 1756 3399 1755 3399 1775 3400 1776 3400 1756 3400 1775 3401 1777 3401 1776 3401 1775 3402 1755 3402 1729 3402 1778 3403 1730 3403 1751 3403 1778 3404 1757 3404 1730 3404 1779 3405 1758 3405 1731 3405 1779 3406 1731 3406 1752 3406 1780 3407 1759 3407 1732 3407 1780 3408 1732 3408 1753 3408 1781 3409 1733 3409 1754 3409 1781 3410 1760 3410 1733 3410 1782 3411 1761 3411 1736 3411 1782 3412 1736 3412 1757 3412 1783 3413 1737 3413 1758 3413 1783 3414 1762 3414 1737 3414 1784 3415 1763 3415 1738 3415 1784 3416 1738 3416 1759 3416 1785 3417 1739 3417 1760 3417 1785 3418 1764 3418 1739 3418 1786 3419 1765 3419 1740 3419 1786 3420 1740 3420 1761 3420 1787 3421 1766 3421 1741 3421 1787 3422 1741 3422 1762 3422 1788 3423 1742 3423 1763 3423 1788 3424 1767 3424 1742 3424 1789 3425 1743 3425 1764 3425 1789 3426 1768 3426 1743 3426 1790 3427 1744 3427 1765 3427 1790 3428 1769 3428 1744 3428 1791 3429 1745 3429 1766 3429 1791 3430 1770 3430 1745 3430 1792 3431 1771 3431 1746 3431 1792 3432 1746 3432 1767 3432 1793 3433 1772 3433 1747 3433 1793 3434 1747 3434 1768 3434 1794 3435 1774 3435 1749 3435 1794 3436 1749 3436 1769 3436 1795 3437 1777 3437 1775 3437 1795 3438 1750 3438 1770 3438 1795 3439 1775 3439 1750 3439 1795 3440 1796 3440 1777 3440 1797 3441 1751 3441 1771 3441 1797 3442 1778 3442 1751 3442 1798 3443 1779 3443 1752 3443 1798 3444 1752 3444 1772 3444 1799 3445 1780 3445 1753 3445 1799 3446 1753 3446 1773 3446 1800 3447 1754 3447 1774 3447 1800 3448 1781 3448 1754 3448 1801 3449 1782 3449 1757 3449 1801 3450 1757 3450 1778 3450 1802 3451 1783 3451 1758 3451 1802 3452 1758 3452 1779 3452 1803 3453 1784 3453 1759 3453 1803 3454 1759 3454 1780 3454 1804 3455 1760 3455 1781 3455 1804 3456 1785 3456 1760 3456 1805 3457 1786 3457 1761 3457 1805 3458 1761 3458 1782 3458 1806 3459 1762 3459 1783 3459 1806 3460 1787 3460 1762 3460 1807 3461 1763 3461 1784 3461 1807 3462 1788 3462 1763 3462 1808 3463 1789 3463 1764 3463 1808 3464 1764 3464 1785 3464 1809 3465 1765 3465 1786 3465 1809 3466 1790 3466 1765 3466 1810 3467 1766 3467 1787 3467 1810 3468 1791 3468 1766 3468 1811 3469 1792 3469 1767 3469 1811 3470 1767 3470 1788 3470 1812 3471 1793 3471 1768 3471 1812 3472 1768 3472 1789 3472 1813 3473 1794 3473 1769 3473 1813 3474 1769 3474 1790 3474 1814 3475 1795 3475 1770 3475 1814 3476 1796 3476 1795 3476 1814 3477 1815 3477 1796 3477 1814 3478 1816 3478 1815 3478 1814 3479 1770 3479 1791 3479 1817 3480 1797 3480 1771 3480 1817 3481 1771 3481 1792 3481 1818 3482 1772 3482 1793 3482 1818 3483 1798 3483 1772 3483 1819 3484 1773 3484 24 3484 1819 3485 1799 3485 1773 3485 1819 3486 31 3486 30 3486 1819 3487 24 3487 31 3487 1820 3488 1774 3488 1794 3488 1820 3489 1800 3489 1774 3489 1821 3490 1778 3490 1797 3490 1821 3491 1801 3491 1778 3491 1822 3492 1802 3492 1779 3492 1822 3493 1779 3493 1798 3493 1823 3494 1803 3494 1780 3494 1823 3495 1780 3495 1799 3495 1824 3496 1781 3496 1800 3496 1824 3497 1804 3497 1781 3497 1825 3498 1805 3498 1782 3498 1825 3499 1782 3499 1801 3499 1826 3500 1783 3500 1802 3500 1826 3501 1806 3501 1783 3501 1827 3502 1784 3502 1803 3502 1827 3503 1807 3503 1784 3503 1828 3504 1808 3504 1785 3504 1828 3505 1785 3505 1804 3505 1829 3506 1809 3506 1786 3506 1829 3507 1786 3507 1805 3507 1830 3508 1810 3508 1787 3508 1830 3509 1787 3509 1806 3509 1831 3510 1811 3510 1788 3510 1831 3511 1788 3511 1807 3511 1832 3512 1789 3512 1808 3512 1832 3513 1812 3513 1789 3513 1833 3514 1790 3514 1809 3514 1833 3515 1813 3515 1790 3515 1834 3516 1816 3516 1814 3516 1834 3517 1814 3517 1791 3517 1834 3518 1791 3518 1810 3518 1834 3519 1835 3519 1816 3519 1836 3520 1792 3520 1811 3520 1836 3521 1817 3521 1792 3521 1837 3522 1818 3522 1793 3522 1837 3523 1793 3523 1812 3523 1838 3524 1820 3524 1794 3524 1838 3525 1794 3525 1813 3525 1839 3526 1797 3526 1817 3526 1839 3527 1821 3527 1797 3527 1840 3528 1798 3528 1818 3528 1840 3529 1822 3529 1798 3529 1841 3530 1799 3530 1819 3530 1841 3531 1819 3531 30 3531 1841 3532 30 3532 44 3532 1841 3533 1823 3533 1799 3533 1842 3534 1800 3534 1820 3534 1842 3535 1824 3535 1800 3535 1843 3536 1825 3536 1801 3536 1843 3537 1801 3537 1821 3537 1844 3538 1802 3538 1822 3538 1844 3539 1826 3539 1802 3539 1845 3540 1827 3540 1803 3540 1845 3541 1803 3541 1823 3541 1846 3542 1828 3542 1804 3542 1846 3543 1804 3543 1824 3543 1847 3544 1829 3544 1805 3544 1847 3545 1805 3545 1825 3545 1848 3546 1830 3546 1806 3546 1848 3547 1806 3547 1826 3547 1849 3548 1831 3548 1807 3548 1849 3549 1807 3549 1827 3549 1850 3550 1808 3550 1828 3550 1850 3551 1832 3551 1808 3551 1851 3552 1809 3552 1829 3552 1851 3553 1833 3553 1809 3553 1852 3554 1810 3554 1830 3554 1852 3555 1835 3555 1834 3555 1852 3556 1853 3556 1835 3556 1852 3557 1834 3557 1810 3557 1854 3558 1811 3558 1831 3558 1854 3559 1836 3559 1811 3559 1855 3560 1812 3560 1832 3560 1855 3561 1837 3561 1812 3561 1856 3562 1813 3562 1833 3562 1856 3563 1838 3563 1813 3563 1857 3564 1817 3564 1836 3564 1857 3565 1839 3565 1817 3565 1858 3566 1818 3566 1837 3566 1858 3567 1840 3567 1818 3567 1859 3568 1820 3568 1838 3568 1859 3569 1842 3569 1820 3569 1860 3570 1821 3570 1839 3570 1860 3571 1843 3571 1821 3571 1861 3572 1844 3572 1822 3572 1861 3573 1822 3573 1840 3573 1862 3574 1845 3574 1823 3574 1862 3575 1823 3575 1841 3575 1863 3576 1846 3576 1824 3576 1863 3577 1824 3577 1842 3577 1864 3578 1847 3578 1825 3578 1864 3579 1825 3579 1843 3579 1865 3580 1848 3580 1826 3580 1865 3581 1826 3581 1844 3581 1866 3582 1827 3582 1845 3582 1866 3583 1849 3583 1827 3583 1867 3584 1850 3584 1828 3584 1867 3585 1828 3585 1846 3585 1868 3586 1829 3586 1847 3586 1868 3587 1851 3587 1829 3587 1869 3588 1853 3588 1852 3588 1869 3589 1852 3589 1830 3589 1869 3590 1830 3590 1848 3590 1869 3591 1870 3591 1853 3591 1869 3592 1871 3592 1870 3592 1872 3593 1831 3593 1849 3593 1872 3594 1854 3594 1831 3594 1873 3595 1855 3595 1832 3595 1873 3596 1832 3596 1850 3596 1874 3597 1856 3597 1833 3597 1874 3598 1833 3598 1851 3598 1875 3599 1857 3599 1836 3599 1875 3600 1836 3600 1854 3600 1876 3601 1858 3601 1837 3601 1876 3602 1837 3602 1855 3602 1877 3603 1859 3603 1838 3603 1877 3604 1838 3604 1856 3604 1878 3605 1839 3605 1857 3605 1878 3606 1860 3606 1839 3606 1879 3607 1840 3607 1858 3607 1879 3608 1861 3608 1840 3608 1880 3609 1862 3609 1841 3609 1880 3610 44 3610 53 3610 1880 3611 1841 3611 44 3611 1881 3612 1842 3612 1859 3612 1881 3613 1863 3613 1842 3613 1882 3614 1864 3614 1843 3614 1882 3615 1843 3615 1860 3615 1883 3616 1844 3616 1861 3616 1883 3617 1865 3617 1844 3617 1884 3618 1845 3618 1862 3618 1884 3619 1866 3619 1845 3619 1885 3620 1846 3620 1863 3620 1885 3621 1867 3621 1846 3621 1886 3622 1868 3622 1847 3622 1886 3623 1847 3623 1864 3623 1887 3624 1848 3624 1865 3624 1887 3625 1869 3625 1848 3625 1887 3626 1871 3626 1869 3626 1887 3627 1888 3627 1871 3627 1889 3628 1872 3628 1849 3628 1889 3629 1849 3629 1866 3629 1890 3630 1850 3630 1867 3630 1890 3631 1873 3631 1850 3631 1891 3632 1851 3632 1868 3632 1891 3633 1874 3633 1851 3633 1892 3634 1854 3634 1872 3634 1892 3635 1875 3635 1854 3635 1893 3636 1876 3636 1855 3636 1893 3637 1855 3637 1873 3637 1894 3638 1877 3638 1856 3638 1894 3639 1856 3639 1874 3639 1895 3640 1878 3640 1857 3640 1895 3641 1857 3641 1875 3641 1896 3642 1858 3642 1876 3642 1896 3643 1879 3643 1858 3643 1897 3644 1859 3644 1877 3644 1897 3645 1881 3645 1859 3645 1898 3646 1882 3646 1860 3646 1898 3647 1860 3647 1878 3647 1899 3648 1861 3648 1879 3648 1899 3649 1883 3649 1861 3649 1900 3650 1862 3650 1880 3650 1900 3651 1884 3651 1862 3651 1900 3652 71 3652 70 3652 1900 3653 53 3653 71 3653 1900 3654 1880 3654 53 3654 1901 3655 1863 3655 1881 3655 1901 3656 1885 3656 1863 3656 1902 3657 1886 3657 1864 3657 1902 3658 1864 3658 1882 3658 1903 3659 1888 3659 1887 3659 1903 3660 1887 3660 1865 3660 1903 3661 1865 3661 1883 3661 1903 3662 1904 3662 1888 3662 1903 3663 1905 3663 1904 3663 1906 3664 1889 3664 1866 3664 1906 3665 1866 3665 1884 3665 1907 3666 1867 3666 1885 3666 1907 3667 1890 3667 1867 3667 1908 3668 1891 3668 1868 3668 1908 3669 1868 3669 1886 3669 1909 3670 1892 3670 1872 3670 1909 3671 1872 3671 1889 3671 1910 3672 1873 3672 1890 3672 1910 3673 1893 3673 1873 3673 1911 3674 1874 3674 1891 3674 1911 3675 1894 3675 1874 3675 1912 3676 1895 3676 1875 3676 1912 3677 1875 3677 1892 3677 1913 3678 1876 3678 1893 3678 1913 3679 1896 3679 1876 3679 1914 3680 1897 3680 1877 3680 1914 3681 1877 3681 1894 3681 1915 3682 1898 3682 1878 3682 1915 3683 1878 3683 1895 3683 1916 3684 1899 3684 1879 3684 1916 3685 1879 3685 1896 3685 1917 3686 1881 3686 1897 3686 1917 3687 1901 3687 1881 3687 1918 3688 1902 3688 1882 3688 1918 3689 1882 3689 1898 3689 1919 3690 1883 3690 1899 3690 1919 3691 1905 3691 1903 3691 1919 3692 1903 3692 1883 3692 1919 3693 1920 3693 1905 3693 1921 3694 1884 3694 1900 3694 1921 3695 1906 3695 1884 3695 1922 3696 1885 3696 1901 3696 1922 3697 1907 3697 1885 3697 1923 3698 1908 3698 1886 3698 1923 3699 1886 3699 1902 3699 1924 3700 1909 3700 1889 3700 1924 3701 1889 3701 1906 3701 1925 3702 1910 3702 1890 3702 1925 3703 1890 3703 1907 3703 1926 3704 1891 3704 1908 3704 1926 3705 1911 3705 1891 3705 1927 3706 1892 3706 1909 3706 1927 3707 1912 3707 1892 3707 1928 3708 1913 3708 1893 3708 1928 3709 1893 3709 1910 3709 1929 3710 1894 3710 1911 3710 1929 3711 1914 3711 1894 3711 1930 3712 1895 3712 1912 3712 1930 3713 1915 3713 1895 3713 1931 3714 1916 3714 1896 3714 1931 3715 1896 3715 1913 3715 1932 3716 1897 3716 1914 3716 1932 3717 1917 3717 1897 3717 1933 3718 1918 3718 1898 3718 1933 3719 1898 3719 1915 3719 1934 3720 1920 3720 1919 3720 1934 3721 1919 3721 1899 3721 1934 3722 1899 3722 1916 3722 1934 3723 1935 3723 1920 3723 1936 3724 1900 3724 70 3724 1936 3725 1921 3725 1900 3725 1936 3726 70 3726 82 3726 1937 3727 1922 3727 1901 3727 1937 3728 1901 3728 1917 3728 1938 3729 1923 3729 1902 3729 1938 3730 1902 3730 1918 3730 1939 3731 1906 3731 1921 3731 1939 3732 1924 3732 1906 3732 1940 3733 1907 3733 1922 3733 1940 3734 1925 3734 1907 3734 1941 3735 1926 3735 1908 3735 1941 3736 1908 3736 1923 3736 1942 3737 1909 3737 1924 3737 1942 3738 1927 3738 1909 3738 1943 3739 1928 3739 1910 3739 1943 3740 1910 3740 1925 3740 1944 3741 1929 3741 1911 3741 1944 3742 1911 3742 1926 3742 1945 3743 1912 3743 1927 3743 1945 3744 1930 3744 1912 3744 1946 3745 1931 3745 1913 3745 1946 3746 1913 3746 1928 3746 1947 3747 1914 3747 1929 3747 1947 3748 1932 3748 1914 3748 1948 3749 1933 3749 1915 3749 1948 3750 1915 3750 1930 3750 1949 3751 1934 3751 1916 3751 1949 3752 1916 3752 1931 3752 1949 3753 1935 3753 1934 3753 1949 3754 1950 3754 1935 3754 1949 3755 1951 3755 1950 3755 1952 3756 1937 3756 1917 3756 1952 3757 1917 3757 1932 3757 1953 3758 1918 3758 1933 3758 1953 3759 1938 3759 1918 3759 1954 3760 1939 3760 1921 3760 1954 3761 1936 3761 82 3761 1954 3762 1921 3762 1936 3762 1954 3763 105 3763 104 3763 1954 3764 82 3764 105 3764 1955 3765 1940 3765 1922 3765 1955 3766 1922 3766 1937 3766 1956 3767 1923 3767 1938 3767 1956 3768 1941 3768 1923 3768 1957 3769 1942 3769 1924 3769 1957 3770 1924 3770 1939 3770 1958 3771 1925 3771 1940 3771 1958 3772 1943 3772 1925 3772 1959 3773 1926 3773 1941 3773 1959 3774 1944 3774 1926 3774 1960 3775 1945 3775 1927 3775 1960 3776 1927 3776 1942 3776 1961 3777 1946 3777 1928 3777 1961 3778 1928 3778 1943 3778 1962 3779 1929 3779 1944 3779 1962 3780 1947 3780 1929 3780 1963 3781 1948 3781 1930 3781 1963 3782 1930 3782 1945 3782 1964 3783 1931 3783 1946 3783 1964 3784 1951 3784 1949 3784 1964 3785 1949 3785 1931 3785 1964 3786 1965 3786 1951 3786 1966 3787 1932 3787 1947 3787 1966 3788 1952 3788 1932 3788 1967 3789 1933 3789 1948 3789 1967 3790 1953 3790 1933 3790 1968 3791 1937 3791 1952 3791 1968 3792 1955 3792 1937 3792 1969 3793 1938 3793 1953 3793 1969 3794 1956 3794 1938 3794 1970 3795 1939 3795 1954 3795 1970 3796 1957 3796 1939 3796 1971 3797 1958 3797 1940 3797 1971 3798 1940 3798 1955 3798 1972 3799 1959 3799 1941 3799 1972 3800 1941 3800 1956 3800 1973 3801 1942 3801 1957 3801 1973 3802 1960 3802 1942 3802 1974 3803 1943 3803 1958 3803 1974 3804 1961 3804 1943 3804 1975 3805 1962 3805 1944 3805 1975 3806 1944 3806 1959 3806 1976 3807 1963 3807 1945 3807 1976 3808 1945 3808 1960 3808 1977 3809 1965 3809 1964 3809 1977 3810 1946 3810 1961 3810 1977 3811 1964 3811 1946 3811 1977 3812 1978 3812 1965 3812 1977 3813 1979 3813 1978 3813 1980 3814 1966 3814 1947 3814 1980 3815 1947 3815 1962 3815 1981 3816 1967 3816 1948 3816 1981 3817 1948 3817 1963 3817 1982 3818 1952 3818 1966 3818 1982 3819 1968 3819 1952 3819 1983 3820 1953 3820 1967 3820 1983 3821 1969 3821 1953 3821 1984 3822 1970 3822 1954 3822 1984 3823 104 3823 119 3823 1984 3824 1954 3824 104 3824 1985 3825 1955 3825 1968 3825 1985 3826 1971 3826 1955 3826 1986 3827 1972 3827 1956 3827 1986 3828 1956 3828 1969 3828 1987 3829 1957 3829 1970 3829 1987 3830 1973 3830 1957 3830 1988 3831 1958 3831 1971 3831 1988 3832 1974 3832 1958 3832 1989 3833 1959 3833 1972 3833 1989 3834 1975 3834 1959 3834 1990 3835 1960 3835 1973 3835 1990 3836 1976 3836 1960 3836 1991 3837 1961 3837 1974 3837 1991 3838 1979 3838 1977 3838 1991 3839 1977 3839 1961 3839 1991 3840 1992 3840 1979 3840 1993 3841 1980 3841 1962 3841 1993 3842 1962 3842 1975 3842 1994 3843 1963 3843 1976 3843 1994 3844 1981 3844 1963 3844 1995 3845 1966 3845 1980 3845 1995 3846 1982 3846 1966 3846 1996 3847 1967 3847 1981 3847 1996 3848 1983 3848 1967 3848 1997 3849 1985 3849 1968 3849 1997 3850 1968 3850 1982 3850 1998 3851 1969 3851 1983 3851 1998 3852 1986 3852 1969 3852 1999 3853 1970 3853 1984 3853 1999 3854 1987 3854 1970 3854 1999 3855 119 3855 145 3855 1999 3856 1984 3856 119 3856 2000 3857 1971 3857 1985 3857 2000 3858 1988 3858 1971 3858 2001 3859 1989 3859 1972 3859 2001 3860 1972 3860 1986 3860 2002 3861 1990 3861 1973 3861 2002 3862 1973 3862 1987 3862 2003 3863 2004 3863 1992 3863 2003 3864 2005 3864 2004 3864 2003 3865 1991 3865 1974 3865 2003 3866 1992 3866 1991 3866 2003 3867 1974 3867 1988 3867 2006 3868 1975 3868 1989 3868 2006 3869 1993 3869 1975 3869 2007 3870 1976 3870 1990 3870 2007 3871 1994 3871 1976 3871 2008 3872 1995 3872 1980 3872 2008 3873 1980 3873 1993 3873 2009 3874 1981 3874 1994 3874 2009 3875 1996 3875 1981 3875 2010 3876 1982 3876 1995 3876 2010 3877 1997 3877 1982 3877 2011 3878 1998 3878 1983 3878 2011 3879 1983 3879 1996 3879 2012 3880 1985 3880 1997 3880 2012 3881 2000 3881 1985 3881 2013 3882 2001 3882 1986 3882 2013 3883 1986 3883 1998 3883 2014 3884 2002 3884 1987 3884 2014 3885 1987 3885 1999 3885 2015 3886 2016 3886 2005 3886 2015 3887 1988 3887 2000 3887 2015 3888 2003 3888 1988 3888 2015 3889 2005 3889 2003 3889 2017 3890 1989 3890 2001 3890 2017 3891 2006 3891 1989 3891 2018 3892 2007 3892 1990 3892 2018 3893 1990 3893 2002 3893 2019 3894 2008 3894 1993 3894 2019 3895 1993 3895 2006 3895 2020 3896 1994 3896 2007 3896 2020 3897 2009 3897 1994 3897 2021 3898 1995 3898 2008 3898 2021 3899 2010 3899 1995 3899 2022 3900 2011 3900 1996 3900 2022 3901 1996 3901 2009 3901 2023 3902 1997 3902 2010 3902 2023 3903 2012 3903 1997 3903 2024 3904 1998 3904 2011 3904 2024 3905 2013 3905 1998 3905 2025 3906 1999 3906 145 3906 2025 3907 162 3907 161 3907 2025 3908 145 3908 162 3908 2025 3909 2014 3909 1999 3909 2026 3910 2027 3910 2016 3910 2026 3911 2000 3911 2012 3911 2026 3912 2016 3912 2015 3912 2026 3913 2015 3913 2000 3913 2028 3914 2017 3914 2001 3914 2028 3915 2001 3915 2013 3915 2029 3916 2018 3916 2002 3916 2029 3917 2002 3917 2014 3917 2030 3918 2006 3918 2017 3918 2030 3919 2019 3919 2006 3919 2031 3920 2007 3920 2018 3920 2031 3921 2020 3921 2007 3921 2032 3922 2008 3922 2019 3922 2032 3923 2021 3923 2008 3923 2033 3924 2022 3924 2009 3924 2033 3925 2009 3925 2020 3925 2034 3926 2010 3926 2021 3926 2034 3927 2023 3927 2010 3927 2035 3928 2011 3928 2022 3928 2035 3929 2024 3929 2011 3929 2036 3930 2037 3930 2027 3930 2036 3931 2038 3931 2037 3931 2036 3932 2012 3932 2023 3932 2036 3933 2027 3933 2026 3933 2036 3934 2026 3934 2012 3934 2039 3935 2013 3935 2024 3935 2039 3936 2028 3936 2013 3936 2040 3937 2029 3937 2014 3937 2040 3938 161 3938 192 3938 2040 3939 2025 3939 161 3939 2040 3940 2014 3940 2025 3940 2041 3941 2017 3941 2028 3941 2041 3942 2030 3942 2017 3942 2042 3943 2018 3943 2029 3943 2042 3944 2031 3944 2018 3944 2043 3945 2032 3945 2019 3945 2043 3946 2019 3946 2030 3946 2044 3947 2033 3947 2020 3947 2044 3948 2020 3948 2031 3948 2045 3949 2034 3949 2021 3949 2045 3950 2021 3950 2032 3950 2046 3951 2022 3951 2033 3951 2046 3952 2035 3952 2022 3952 2047 3953 2048 3953 2038 3953 2047 3954 2023 3954 2034 3954 2047 3955 2036 3955 2023 3955 2047 3956 2038 3956 2036 3956 2049 3957 2039 3957 2024 3957 2049 3958 2024 3958 2035 3958 2050 3959 2028 3959 2039 3959 2050 3960 2041 3960 2028 3960 2051 3961 2042 3961 2029 3961 2051 3962 2029 3962 2040 3962 2052 3963 2043 3963 2030 3963 2052 3964 2030 3964 2041 3964 2053 3965 2031 3965 2042 3965 2053 3966 2044 3966 2031 3966 2054 3967 2045 3967 2032 3967 2054 3968 2032 3968 2043 3968 2055 3969 2046 3969 2033 3969 2055 3970 2033 3970 2044 3970 2056 3971 2057 3971 2048 3971 2056 3972 2048 3972 2047 3972 2056 3973 2034 3973 2045 3973 2056 3974 2047 3974 2034 3974 2058 3975 2049 3975 2035 3975 2058 3976 2035 3976 2046 3976 2059 3977 2039 3977 2049 3977 2059 3978 2050 3978 2039 3978 2060 3979 2051 3979 2040 3979 2060 3980 2040 3980 192 3980 2060 3981 212 3981 211 3981 2060 3982 192 3982 212 3982 2061 3983 2041 3983 2050 3983 2061 3984 2052 3984 2041 3984 2062 3985 2053 3985 2042 3985 2062 3986 2042 3986 2051 3986 2063 3987 2043 3987 2052 3987 2063 3988 2054 3988 2043 3988 2064 3989 2044 3989 2053 3989 2064 3990 2055 3990 2044 3990 2065 3991 2066 3991 2057 3991 2065 3992 2067 3992 2066 3992 2065 3993 2057 3993 2056 3993 2065 3994 2045 3994 2054 3994 2065 3995 2056 3995 2045 3995 2068 3996 2058 3996 2046 3996 2068 3997 2046 3997 2055 3997 2069 3998 2049 3998 2058 3998 2069 3999 2059 3999 2049 3999 2070 4000 2050 4000 2059 4000 2070 4001 2061 4001 2050 4001 2071 4002 2062 4002 2051 4002 2071 4003 2051 4003 2060 4003 2071 4004 2060 4004 211 4004 2071 4005 211 4005 247 4005 2072 4006 2052 4006 2061 4006 2072 4007 2063 4007 2052 4007 2073 4008 2053 4008 2062 4008 2073 4009 2064 4009 2053 4009 2074 4010 2075 4010 2067 4010 2074 4011 2065 4011 2054 4011 2074 4012 2054 4012 2063 4012 2074 4013 2067 4013 2065 4013 2076 4014 2055 4014 2064 4014 2076 4015 2068 4015 2055 4015 2077 4016 2069 4016 2058 4016 2077 4017 2058 4017 2068 4017 2078 4018 2070 4018 2059 4018 2078 4019 2059 4019 2069 4019 2079 4020 2072 4020 2061 4020 2079 4021 2061 4021 2070 4021 2080 4022 2073 4022 2062 4022 2080 4023 2062 4023 2071 4023 2081 4024 2063 4024 2072 4024 2081 4025 2082 4025 2075 4025 2081 4026 2083 4026 2082 4026 2081 4027 2074 4027 2063 4027 2081 4028 2075 4028 2074 4028 2084 4029 2064 4029 2073 4029 2084 4030 2076 4030 2064 4030 2085 4031 2068 4031 2076 4031 2085 4032 2077 4032 2068 4032 2086 4033 2078 4033 2069 4033 2086 4034 2069 4034 2077 4034 2087 4035 2079 4035 2070 4035 2087 4036 2070 4036 2078 4036 2088 4037 2071 4037 247 4037 2088 4038 2080 4038 2071 4038 2088 4039 247 4039 268 4039 2089 4040 2090 4040 2083 4040 2089 4041 2072 4041 2079 4041 2089 4042 2081 4042 2072 4042 2089 4043 2083 4043 2081 4043 2091 4044 2084 4044 2073 4044 2091 4045 2073 4045 2080 4045 2092 4046 2085 4046 2076 4046 2092 4047 2076 4047 2084 4047 2093 4048 2086 4048 2077 4048 2093 4049 2077 4049 2085 4049 2094 4050 2087 4050 2078 4050 2094 4051 2078 4051 2086 4051 2095 4052 2096 4052 2090 4052 2095 4053 2090 4053 2089 4053 2095 4054 2089 4054 2079 4054 2095 4055 2079 4055 2087 4055 2097 4056 2080 4056 2088 4056 2097 4057 2088 4057 268 4057 2097 4058 2091 4058 2080 4058 2097 4059 308 4059 307 4059 2097 4060 268 4060 308 4060 2098 4061 2092 4061 2084 4061 2098 4062 2084 4062 2091 4062 2099 4063 2085 4063 2092 4063 2099 4064 2093 4064 2085 4064 2100 4065 2094 4065 2086 4065 2100 4066 2086 4066 2093 4066 2101 4067 2102 4067 2096 4067 2101 4068 2103 4068 2102 4068 2101 4069 2096 4069 2095 4069 2101 4070 2087 4070 2094 4070 2101 4071 2095 4071 2087 4071 2104 4072 2098 4072 2091 4072 2104 4073 2091 4073 2097 4073 2105 4074 2099 4074 2092 4074 2105 4075 2092 4075 2098 4075 2106 4076 2093 4076 2099 4076 2106 4077 2100 4077 2093 4077 2107 4078 2108 4078 2103 4078 2107 4079 2103 4079 2101 4079 2107 4080 2101 4080 2094 4080 2107 4081 2094 4081 2100 4081 2109 4082 2097 4082 307 4082 2109 4083 307 4083 332 4083 2109 4084 2104 4084 2097 4084 2110 4085 2105 4085 2098 4085 2110 4086 2098 4086 2104 4086 2111 4087 2099 4087 2105 4087 2111 4088 2106 4088 2099 4088 2112 4089 2113 4089 2108 4089 2112 4090 2114 4090 2113 4090 2112 4091 2100 4091 2106 4091 2112 4092 2108 4092 2107 4092 2112 4093 2107 4093 2100 4093 2115 4094 377 4094 376 4094 2115 4095 332 4095 377 4095 2115 4096 2109 4096 332 4096 2115 4097 2104 4097 2109 4097 2115 4098 2110 4098 2104 4098 2116 4099 2105 4099 2110 4099 2116 4100 2111 4100 2105 4100 2117 4101 2118 4101 2114 4101 2117 4102 2106 4102 2111 4102 2117 4103 2114 4103 2112 4103 2117 4104 2112 4104 2106 4104 2119 4105 2116 4105 2110 4105 2119 4106 2110 4106 2115 4106 2120 4107 2118 4107 2117 4107 2120 4108 2117 4108 2111 4108 2120 4109 2121 4109 2118 4109 2120 4110 2111 4110 2116 4110 2122 4111 2119 4111 2115 4111 2122 4112 376 4112 403 4112 2122 4113 2115 4113 376 4113 2123 4114 2121 4114 2120 4114 2123 4115 2120 4115 2116 4115 2123 4116 2124 4116 2121 4116 2123 4117 2125 4117 2124 4117 2123 4118 2116 4118 2119 4118 2126 4119 2125 4119 2123 4119 2126 4120 2119 4120 2122 4120 2126 4121 2122 4121 403 4121 2126 4122 2123 4122 2119 4122 2126 4123 3 4123 2125 4123 2126 4124 403 4124 2 4124 2126 4125 2 4125 3 4125 2127 4126 2128 4126 2129 4126 2127 4127 2130 4127 2128 4127 2130 4128 2131 4128 2128 4128 2130 4129 2132 4129 2131 4129 2132 4130 2133 4130 2131 4130 2132 4131 2134 4131 2133 4131 2134 4132 2129 4132 2133 4132 2134 4133 2127 4133 2129 4133 2130 4134 2134 4134 2132 4134 2127 4135 2134 4135 2130 4135 2131 4136 1714 4136 1735 4136 1735 4137 1756 4137 2131 4137 2131 4138 1713 4138 1714 4138 1756 4139 1776 4139 2131 4139 2131 4140 1691 4140 1713 4140 1776 4141 1777 4141 2131 4141 2131 4142 1668 4142 1691 4142 1777 4143 1796 4143 2131 4143 2131 4144 1645 4144 1668 4144 1796 4145 1815 4145 2131 4145 2131 4146 1644 4146 1645 4146 1815 4147 1816 4147 2131 4147 2131 4148 1621 4148 1644 4148 1816 4149 1835 4149 2131 4149 2131 4150 1598 4150 1621 4150 1835 4151 1853 4151 2131 4151 2131 4152 1597 4152 1598 4152 1853 4153 1870 4153 2131 4153 2131 4154 1574 4154 1597 4154 1870 4155 1871 4155 2131 4155 2131 4156 1551 4156 1574 4156 1871 4157 1888 4157 2131 4157 2131 4158 1550 4158 1551 4158 1888 4159 1904 4159 2131 4159 2131 4160 1527 4160 1550 4160 1904 4161 1905 4161 2131 4161 2131 4162 1504 4162 1527 4162 1905 4163 1920 4163 2131 4163 2131 4164 1481 4164 1504 4164 1920 4165 1935 4165 2131 4165 2133 4166 1480 4166 2131 4166 2131 4167 1480 4167 1481 4167 2133 4168 1457 4168 1480 4168 2133 4169 1434 4169 1457 4169 2133 4170 1433 4170 1434 4170 2133 4171 1410 4171 1433 4171 2133 4172 1387 4172 1410 4172 2133 4173 1364 4173 1387 4173 2133 4174 1363 4174 1364 4174 2133 4175 1340 4175 1363 4175 2133 4176 1317 4176 1340 4176 2133 4177 1316 4177 1317 4177 2133 4178 1293 4178 1316 4178 2133 4179 1270 4179 1293 4179 2133 4180 1247 4180 1270 4180 2133 4181 1246 4181 1247 4181 2133 4182 1223 4182 1246 4182 2133 4183 1200 4183 1223 4183 2133 4184 1199 4184 1200 4184 2133 4185 1176 4185 1199 4185 2133 4186 1153 4186 1176 4186 2133 4187 1130 4187 1153 4187 2133 4188 1129 4188 1130 4188 2133 4189 1106 4189 1129 4189 2133 4190 1083 4190 1106 4190 2133 4191 1082 4191 1083 4191 2133 4192 1059 4192 1082 4192 2133 4193 1036 4193 1059 4193 2133 4194 1013 4194 1036 4194 2133 4195 1012 4195 1013 4195 2133 4196 989 4196 1012 4196 2133 4197 966 4197 989 4197 2133 4198 965 4198 966 4198 2133 4199 942 4199 965 4199 1965 4200 2128 4200 1951 4200 1978 4201 2128 4201 1965 4201 1979 4202 2128 4202 1978 4202 1992 4203 2128 4203 1979 4203 2004 4204 2128 4204 1992 4204 2005 4205 2128 4205 2004 4205 2016 4206 2128 4206 2005 4206 2027 4207 2128 4207 2016 4207 2037 4208 2128 4208 2027 4208 2038 4209 2128 4209 2037 4209 2048 4210 2128 4210 2038 4210 2057 4211 2128 4211 2048 4211 2066 4212 2128 4212 2057 4212 2067 4213 2128 4213 2066 4213 2075 4214 2128 4214 2067 4214 2082 4215 2128 4215 2075 4215 2083 4216 2128 4216 2082 4216 2090 4217 2128 4217 2083 4217 2096 4218 2128 4218 2090 4218 2102 4219 2128 4219 2096 4219 2103 4220 2128 4220 2102 4220 2108 4221 2128 4221 2103 4221 2113 4222 2128 4222 2108 4222 2114 4223 2128 4223 2113 4223 2118 4224 2128 4224 2114 4224 2121 4225 2128 4225 2118 4225 2124 4226 2128 4226 2121 4226 2125 4227 2128 4227 2124 4227 3 4228 2128 4228 2125 4228 1 4229 2128 4229 3 4229 1935 4230 2128 4230 2131 4230 1950 4231 2128 4231 1935 4231 1951 4232 2128 4232 1950 4232 0 4233 2129 4233 1 4233 451 4234 2129 4234 0 4234 474 4235 2129 4235 451 4235 497 4236 2129 4236 474 4236 498 4237 2129 4237 497 4237 521 4238 2129 4238 498 4238 544 4239 2129 4239 521 4239 545 4240 2129 4240 544 4240 568 4241 2129 4241 545 4241 591 4242 2129 4242 568 4242 592 4243 2129 4243 591 4243 615 4244 2129 4244 592 4244 2133 4245 2129 4245 942 4245 638 4246 2129 4246 615 4246 661 4247 2129 4247 638 4247 1 4248 2129 4248 2128 4248 662 4249 2129 4249 661 4249 685 4250 2129 4250 662 4250 708 4251 2129 4251 685 4251 731 4252 2129 4252 708 4252 732 4253 2129 4253 731 4253 755 4254 2129 4254 732 4254 778 4255 2129 4255 755 4255 779 4256 2129 4256 778 4256 802 4257 2129 4257 779 4257 825 4258 2129 4258 802 4258 848 4259 2129 4259 825 4259 849 4260 2129 4260 848 4260 872 4261 2129 4261 849 4261 895 4262 2129 4262 872 4262 896 4263 2129 4263 895 4263 919 4264 2129 4264 896 4264 942 4265 2129 4265 919 4265</p>
        </triangles>
      </mesh>
    </geometry>
    <geometry id="geometry1" name="Part__Feature001">
      <mesh>
        <source id="cubeverts-array1">
          <float_array count="606" id="cubeverts-array1-array">-0.0008885213 0.02001173 0.01067974 -0.0008852417 0.02001173 0.01077888 -0.0008885213 -0.01998827 0.01067974 -0.0008852417 -0.01998827 0.01077888 -0.0008754174 0.02001173 0.01087758 -0.0008754174 -0.01998827 0.01087758 -0.0008590912 0.02001173 0.01097542 -0.0008590912 -0.01998827 0.01097542 -0.0008363346 -0.01998827 0.01107196 -0.0008363346 0.02001173 0.01107196 -0.0008072472 0.02001173 0.01116679 -0.0008072472 -0.01998827 0.01116679 -0.0007719559 0.02001173 0.01125949 -0.0007719559 -0.01998827 0.01125949 -0.0007306153 -0.01998827 0.01134966 -0.0007306153 0.02001173 0.01134966 -0.000683406 -0.01998827 0.01143689 -0.000683406 0.02001173 0.01143689 -0.0006305345 0.02001173 0.01152082 -0.0006305345 -0.01998827 0.01152082 -0.0005722321 0.02001173 0.01160106 -0.0005722321 -0.01998827 0.01160106 -0.0005087535 0.02001173 0.01167728 -0.0005087535 -0.01998827 0.01167728 -0.0004403765 0.02001173 0.01174914 -0.0004403765 -0.01998827 0.01174914 -0.0003673999 0.02001173 0.01181632 -0.0003673999 -0.01998827 0.01181632 -0.000290143 0.02001173 0.01187853 -0.000290143 -0.01998827 0.01187853 -0.0002089435 -0.01998827 0.01193549 -0.0002089435 0.02001173 0.01193549 -0.0001241565 0.02001173 0.01198697 -0.0001241565 -0.01998827 0.01198697 -3.615282e-05 0.02001173 0.01203273 -3.615282e-05 -0.01998827 0.01203273 5.468284e-05 0.02001173 0.01207257 5.468284e-05 -0.01998827 0.01207257 0.0001479532 0.02001173 0.01210633 0.0001479532 -0.01998827 0.01210633 0.0002432505 -0.01998827 0.01213384 0.0002432505 0.02001173 0.01213384 0.0003401579 0.02001173 0.012155 0.0003401579 -0.01998827 0.012155 0.0004382518 0.02001173 0.01216971 0.0004382518 -0.01998827 0.01216971 0.0005371031 0.02001173 0.0121779 0.0005371031 -0.01998827 0.0121779 0.0006362796 0.02001173 0.01217954 0.0006362796 -0.01998827 0.01217954 0.0007353477 0.02001173 0.01217462 0.0007353477 -0.01998827 0.01217462 0.0008338742 0.02001173 0.01216317 0.0008338742 -0.01998827 0.01216317 0.0009314281 0.02001173 0.01214522 0.0009314281 -0.01998827 0.01214522 0.001027583 -0.01998827 0.01212087 0.001027583 0.02001173 0.01212087 0.001121918 0.02001173 0.01209022 0.001121918 -0.01998827 0.01209022 0.001214022 0.02001173 0.0120534 0.001214022 -0.01998827 0.0120534 0.00130349 0.02001173 0.01201058 0.00130349 -0.01998827 0.01201058 0.001389933 0.02001173 0.01196193 0.001389933 -0.01998827 0.01196193 0.001472972 0.02001173 0.01190768 0.001472972 -0.01998827 0.01190768 0.001552243 0.02001173 0.01184806 0.001552243 -0.01998827 0.01184806 0.001627401 0.02001173 0.01178333 0.001627401 -0.01998827 0.01178333 0.001698117 0.02001173 0.01171377 0.001698117 -0.01998827 0.01171377 0.00176408 0.02001173 0.0116397 0.00176408 -0.01998827 0.0116397 0.001825004 -0.01998827 0.01156142 0.001825004 0.02001173 0.01156142 0.001880622 0.02001173 0.01147929 0.001880622 -0.01998827 0.01147929 0.001930689 -0.01998827 0.01139366 0.001930689 0.02001173 0.01139366 0.001974988 0.02001173 0.01130492 0.001974988 -0.01998827 0.01130492 0.002013325 0.02001173 0.01121343 0.002013325 -0.01998827 0.01121343 0.002045532 -0.01998827 0.01111962 0.002045532 0.02001173 0.01111962 0.002071469 -0.01998827 0.01102388 0.002071469 0.02001173 0.01102388 0.002091021 0.02001173 0.01092664 0.002091021 -0.01998827 0.01092664 0.002104103 0.02001173 0.01082831 0.002104103 -0.01998827 0.01082831 0.002110659 0.02001173 0.01072934 0.002110659 -0.01998827 0.01072934 0.002110659 0.02001173 0.01063015 0.002110659 -0.01998827 0.01063015 0.002104103 0.02001173 0.01053118 0.002104103 -0.01998827 0.01053118 0.002091021 0.02001173 0.01043285 0.002091021 -0.01998827 0.01043285 0.002071469 0.02001173 0.01033561 0.002071469 -0.01998827 0.01033561 0.002045532 0.02001173 0.01023987 0.002045532 -0.01998827 0.01023987 0.002013325 0.02001173 0.01014605 0.002013325 -0.01998827 0.01014605 0.001974988 0.02001173 0.01005457 0.001974988 -0.01998827 0.01005457 0.001930689 0.02001173 0.009965822 0.001930689 -0.01998827 0.009965822 0.001880622 0.02001173 0.009880196 0.001880622 -0.01998827 0.009880196 0.001825004 0.02001173 0.009798066 0.001825004 -0.01998827 0.009798066 0.00176408 0.02001173 0.00971979 0.00176408 -0.01998827 0.00971979 0.001698117 0.02001173 0.009645714 0.001698117 -0.01998827 0.009645714 0.001627401 -0.01998827 0.009576158 0.001627401 0.02001173 0.009576158 0.001552243 0.02001173 0.009511428 0.001552243 -0.01998827 0.009511428 0.001472972 0.02001173 0.009451806 0.001472972 -0.01998827 0.009451806 0.001389933 0.02001173 0.009397554 0.001389933 -0.01998827 0.009397554 0.00130349 0.02001173 0.009348909 0.00130349 -0.01998827 0.009348909 0.001214022 -0.01998827 0.009306084 0.001214022 0.02001173 0.009306084 0.001121918 -0.01998827 0.009269264 0.001121918 0.02001173 0.009269264 0.001027583 -0.01998827 0.009238613 0.001027583 0.02001173 0.009238613 0.0009314281 -0.01998827 0.009214263 0.0009314281 0.02001173 0.009214263 0.0008338742 0.02001173 0.009196321 0.0008338742 -0.01998827 0.009196321 0.0007353477 0.02001173 0.009184867 0.0007353477 -0.01998827 0.009184867 0.0006362796 -0.01998827 0.009179949 0.0006362796 0.02001173 0.009179949 0.0005371031 -0.01998827 0.009181589 0.0005371031 0.02001173 0.009181589 0.0004382518 -0.01998827 0.009189779 0.0004382518 0.02001173 0.009189779 0.0003401579 -0.01998827 0.009204486 0.0003401579 0.02001173 0.009204486 0.0002432505 0.02001173 0.009225643 0.0002432505 -0.01998827 0.009225643 0.0001479532 0.02001173 0.009253159 0.0001479532 -0.01998827 0.009253159 5.468284e-05 0.02001173 0.009286913 5.468284e-05 -0.01998827 0.009286913 -3.615282e-05 0.02001173 0.009326756 -3.615282e-05 -0.01998827 0.009326756 -0.0001241565 0.02001173 0.009372518 -0.0001241565 -0.01998827 0.009372518 -0.0002089435 0.02001173 0.009423994 -0.0002089435 -0.01998827 0.009423994 -0.000290143 -0.01998827 0.009480962 -0.000290143 0.02001173 0.009480962 -0.0003673999 0.02001173 0.009543171 -0.0003673999 -0.01998827 0.009543171 -0.0004403765 0.02001173 0.009610351 -0.0004403765 -0.01998827 0.009610351 -0.0005087535 0.02001173 0.009682207 -0.0005087535 -0.01998827 0.009682207 -0.0005722321 0.02001173 0.009758425 -0.0005722321 -0.01998827 0.009758425 -0.0006305345 0.02001173 0.009838671 -0.0006305345 -0.01998827 0.009838671 -0.000683406 0.02001173 0.009922595 -0.000683406 -0.01998827 0.009922595 -0.0007306153 0.02001173 0.01000983 -0.0007306153 -0.01998827 0.01000983 -0.0007719559 0.02001173 0.01009999 -0.0007719559 -0.01998827 0.01009999 -0.0008072472 0.02001173 0.01019269 -0.0008072472 -0.01998827 0.01019269 -0.0008363346 -0.01998827 0.01028752 -0.0008363346 0.02001173 0.01028752 -0.0008590912 -0.01998827 0.01038407 -0.0008590912 0.02001173 0.01038407 -0.0008754174 0.02001173 0.0104819 -0.0008754174 -0.01998827 0.0104819 -0.0008852417 0.02001173 0.01058061 -0.0008852417 -0.01998827 0.01058061 -0.00212541 0.02001173 0.01064185 -0.0007241492 -0.01998827 0.008290582 -0.00212541 -0.01998827 0.01064185 -0.0007241492 0.02001173 0.008290582 0.00201274 -0.01998827 0.008328475 0.00201274 0.02001173 0.008328475 0.003348368 -0.01998827 0.01071764 0.003348368 0.02001173 0.01071764 0.001947107 -0.01998827 0.01306891 0.001947107 0.02001173 0.01306891 -0.0007897825 -0.01998827 0.01303101 -0.0007897825 0.02001173 0.01303101</float_array>
          <technique_common>
            <accessor count="202" source="#cubeverts-array1-array" stride="3">
              <param type="float" name="X"/>
              <param type="float" name="Y"/>
              <param type="float" name="Z"/>
            </accessor>
          </technique_common>
        </source>
        <source id="cubenormals-array1">
          <float_array count="1212" id="cubenormals-array1-array">0.9994532 0 -0.03306361 0.9994532 0 -0.03306361 0.9950829 0 -0.09904547 0.9950829 0 -0.09904547 0.9863613 0 -0.1645947 0.9733265 0 -0.2294241 0.9863613 0 -0.1645947 0.9733265 0 -0.2294241 0.956036 0 -0.2932491 0.956036 0 -0.2932491 0.9345638 0 -0.3557957 0.9090077 0 -0.4167793 0.9345638 0 -0.3557957 0.9090077 0 -0.4167793 0.8794724 0 -0.4759499 0.8794724 0 -0.4759499 0.8460953 0 -0.5330316 0.8460953 0 -0.5330316 0.8090186 0 -0.587783 0.8090186 0 -0.587783 0.7684003 0 -0.6399694 0.7684003 0 -0.6399694 0.7244241 0 -0.6893547 0.7244241 0 -0.6893547 0.6772819 0 -0.7357237 0.6772819 0 -0.7357237 0.6271787 0 -0.7788753 0.5743287 0 -0.8186247 0.6271787 0 -0.7788753 0.5743287 0 -0.8186247 0.5189683 0 -0.8547935 0.5189683 0 -0.8547935 0.4613386 0 -0.8872241 0.4613386 0 -0.8872241 0.4016979 0 -0.9157722 0.4016979 0 -0.9157722 0.3402903 0 -0.9403204 0.2774098 0 -0.9607517 0.3402903 0 -0.9403204 0.2774098 0 -0.9607517 0.2133001 0 -0.9769867 0.2133001 0 -0.9769867 0.1482574 0 -0.9889488 0.1482574 0 -0.9889488 0.08257992 0 -0.9965845 0.08257992 0 -0.9965845 0.01653712 0 -0.9998632 0.01653712 0 -0.9998632 -0.04958255 0 -0.9987701 -0.04958255 -0 -0.9987701 -0.1154907 0 -0.9933086 -0.1154907 -0 -0.9933086 -0.1808797 -0 -0.9835052 -0.2454804 0 -0.9694015 -0.1808797 0 -0.9835052 -0.2454804 0 -0.9694015 -0.3090228 -0 -0.9510546 -0.3090228 0 -0.9510546 -0.3711922 -0 -0.9285561 -0.3711922 0 -0.9285561 -0.4317539 -0 -0.9019914 -0.4317539 0 -0.9019914 -0.490422 -0 -0.8714851 -0.490422 0 -0.8714851 -0.546954 -0 -0.8371627 -0.546954 0 -0.8371627 -0.6010782 -0 -0.7991902 -0.6010782 0 -0.7991902 -0.6525889 -0 -0.7577122 -0.6525889 0 -0.7577122 -0.7012345 -0 -0.7129307 -0.7012345 0 -0.7129307 -0.7468228 -0 -0.6650231 -0.7891397 0 -0.6142136 -0.7468228 0 -0.6650231 -0.7891397 0 -0.6142136 -0.8280095 -0 -0.560714 -0.8632566 0 -0.5047653 -0.8280095 0 -0.560714 -0.8632566 0 -0.5047653 -0.8947289 -0 -0.4466097 -0.8947289 0 -0.4466097 -0.9222896 0 -0.3864995 -0.9222896 -0 -0.3864995 -0.9652093 0 -0.2614785 -0.9458172 0 -0.3246995 -0.9458172 -0 -0.3246995 -0.9652093 0 -0.2614785 -0.9803798 0 -0.1971177 -0.9803798 -0 -0.1971177 -0.9912639 0 -0.1318929 -0.9912639 -0 -0.1318929 -0.9978136 0 -0.06609081 -0.9978136 -0 -0.06609081 -1 0 0 -1 -0 -0 -0.9978136 0 0.06609081 -0.9978136 0 0.06609081 -0.9912639 0 0.1318929 -0.9912639 0 0.1318929 -0.9803802 0 0.1971159 -0.9803802 0 0.1971159 -0.9652093 0 0.2614785 -0.9652093 0 0.2614785 -0.9458162 0 0.3247025 -0.9458162 0 0.3247025 -0.9222896 0 0.3864995 -0.9222896 0 0.3864995 -0.8947308 0 0.4466059 -0.8947308 0 0.4466059 -0.8632566 0 0.5047653 -0.8632566 0 0.5047653 -0.8280065 0 0.5607184 -0.8280065 0 0.5607184 -0.7891434 0 0.614209 -0.7891434 0 0.614209 -0.7468185 0 0.6650279 -0.7012393 0 0.7129259 -0.7468185 0 0.6650279 -0.7012393 0 0.7129259 -0.6525834 0 0.757717 -0.6525834 0 0.757717 -0.6010844 0 0.7991856 -0.6010844 0 0.7991856 -0.5469472 0 0.8371671 -0.5469472 0 0.8371671 -0.490422 0 0.8714851 -0.490422 0 0.8714851 -0.3712004 0 0.9285527 -0.4317539 0 0.9019914 -0.4317539 0 0.9019914 -0.3712004 0 0.9285527 -0.2454894 0 0.9693993 -0.3090141 0 0.9510574 -0.3090141 0 0.9510574 -0.2454894 0 0.9693993 -0.1808797 0 0.9835052 -0.1808797 0 0.9835052 -0.1154812 0 0.9933097 -0.1154812 0 0.9933097 0.01653712 -0 0.9998632 -0.04958255 0 0.9987701 -0.04958255 0 0.9987701 0.01653712 0 0.9998632 0.1482668 -0 0.9889474 0.08257037 0 0.9965852 0.08257037 0 0.9965852 0.1482668 0 0.9889474 0.2133001 0 0.9769867 0.2133001 0 0.9769867 0.2774009 0 0.9607542 0.2774009 0 0.9607542 0.3402988 0 0.9403174 0.3402988 0 0.9403174 0.4016899 0 0.9157758 0.4016899 0 0.9157758 0.4613461 0 0.8872202 0.4613461 0 0.8872202 0.5189683 0 0.8547935 0.5743287 -0 0.8186247 0.5189683 0 0.8547935 0.5743287 0 0.8186247 0.6271729 0 0.7788801 0.6271729 0 0.7788801 0.6772819 0 0.7357237 0.6772819 0 0.7357237 0.7244286 0 0.6893499 0.7244286 0 0.6893499 0.7684003 0 0.6399694 0.7684003 0 0.6399694 0.8090153 0 0.5877876 0.8090153 0 0.5877876 0.8460953 0 0.5330316 0.8460953 0 0.5330316 0.8794746 0 0.4759458 0.8794746 0 0.4759458 0.909006 0 0.416783 0.909006 0 0.416783 0.934565 0 0.3557926 0.934565 0 0.3557926 0.973327 -0 0.2294219 0.9560352 0 0.2932518 0.9560352 0 0.2932518 0.973327 0 0.2294219 0.986361 0 0.1645962 0.986361 0 0.1645962 0.9950829 0 0.09904547 0.9950829 0 0.09904547 0.9994533 0 0.03306329 0.9994533 0 0.03306329 -0.8590204 -0 -0.5119414 -0.8590204 0 -0.5119414 0.01384406 0 -0.9999042 0.01384406 0 -0.9999042 0.8728644 0 -0.4879628 0.8728644 0 -0.4879628 0.8590203 0 0.5119414 0.8590203 0 0.5119414 -0.01384406 0 0.9999042 -0.01384406 0 0.9999042 -0.8728645 0 0.4879627 -0.8728645 0 0.4879627 0 1 0 0 1 0 0 1 0 0 1 0 0 1 0 0 1 0 0 1 0 0 1 0 0 1 0 0 1 0 0 1 0 0 1 0 0 1 0 0 1 0 0 1 0 0 1 0 0 1 0 0 1 0 0 1 0 0 1 0 0 1 0 0 1 0 0 1 0 0 1 0 0 1 0 0 1 0 0 1 0 0 1 0 0 1 0 0 1 0 0 1 0 0 1 0 0 1 0 0 1 0 0 1 0 0 1 0 0 1 0 0 1 0 0 1 0 0 1 0 0 1 0 0 1 0 0 1 0 0 1 0 0 1 0 0 1 0 0 1 0 0 1 0 0 1 0 0 1 0 0 1 0 0 1 0 0 1 0 0 1 0 0 1 0 0 1 0 0 1 0 0 1 0 0 1 0 0 1 0 0 1 0 0 1 0 0 1 0 0 1 0 0 1 0 0 1 0 0 1 0 0 1 0 0 1 0 0 1 0 0 1 0 0 1 0 0 1 0 0 1 0 0 1 0 0 1 0 0 1 0 0 1 0 0 1 0 0 1 0 0 1 0 0 1 0 0 1 0 0 1 0 0 1 0 0 1 0 0 1 0 0 1 0 0 1 0 0 1 0 0 1 0 0 1 0 0 1 0 0 1 0 0 1 0 0 1 0 0 1 0 0 1 0 0 1 0 0 1 0 0 1 0 -0 -1 0 0 -1 0 -0 -1 0 0 -1 0 -0 -1 0 0 -1 0 0 -1 0 -0 -1 0 0 -1 0 0 -1 0 0 -1 0 0 -1 0 0 -1 0 0 -1 0 0 -1 0 0 -1 0 0 -1 0 0 -1 0 0 -1 0 0 -1 0 0 -1 0 0 -1 0 0 -1 0 0 -1 0 0 -1 0 -0 -1 0 -0 -1 0 -0 -1 0 -0 -1 0 0 -1 0 0 -1 0 0 -1 0 0 -1 0 0 -1 0 -0 -1 0 0 -1 0 -0 -1 0 0 -1 0 -0 -1 0 0 -1 0 -0 -1 0 0 -1 0 0 -1 0 0 -1 0 0 -1 0 0 -1 0 0 -1 0 0 -1 0 0 -1 0 0 -1 0 -0 -1 0 -0 -1 0 -0 -1 0 -0 -1 0 -0 -1 0 -0 -1 0 -0 -1 0 -0 -1 0 -0 -1 0 -0 -1 0 -0 -1 0 0 -1 0 0 -1 0 0 -1 0 0 -1 0 0 -1 0 0 -1 0 0 -1 0 0 -1 0 0 -1 0 0 -1 0 0 -1 0 0 -1 0 0 -1 0 0 -1 0 0 -1 0 0 -1 0 0 -1 0 0 -1 0 0 -1 0 0 -1 0 0 -1 0 0 -1 0 0 -1 0 0 -1 0 0 -1 0 0 -1 0 0 -1 0 0 -1 0 0 -1 0 0 -1 0 0 -1 0 0 -1 0 0 -1 0 0 -1 0 0 -1 0 0 -1 0 0 -1 0 0 -1 0 0 -1 0 0 -1 0</float_array>
          <technique_common>
            <accessor count="404" source="#cubenormals-array1-array" stride="3">
              <param type="float" name="X"/>
              <param type="float" name="Y"/>
              <param type="float" name="Z"/>
            </accessor>
          </technique_common>
        </source>
        <vertices id="cubeverts-array1-vertices">
          <input semantic="POSITION" source="#cubeverts-array1"/>
        </vertices>
        <triangles count="404" material="ref_Part__Feature001">
          <input offset="0" semantic="VERTEX" source="#cubeverts-array1-vertices"/>
          <input offset="1" semantic="NORMAL" source="#cubenormals-array1"/>
          <p>0 0 1 0 2 0 2 1 1 1 3 1 1 2 4 2 3 2 3 3 4 3 5 3 4 4 6 4 5 4 7 5 6 5 8 5 5 6 6 6 7 6 6 7 9 7 8 7 9 8 10 8 8 8 8 9 10 9 11 9 10 10 12 10 11 10 13 11 12 11 14 11 11 12 12 12 13 12 12 13 15 13 14 13 14 14 15 14 16 14 15 15 17 15 16 15 17 16 18 16 16 16 16 17 18 17 19 17 18 18 20 18 19 18 19 19 20 19 21 19 20 20 22 20 21 20 21 21 22 21 23 21 22 22 24 22 23 22 23 23 24 23 25 23 24 24 26 24 25 24 25 25 26 25 27 25 26 26 28 26 27 26 29 27 28 27 30 27 27 28 28 28 29 28 28 29 31 29 30 29 31 30 32 30 30 30 30 31 32 31 33 31 32 32 34 32 33 32 33 33 34 33 35 33 34 34 36 34 35 34 35 35 36 35 37 35 36 36 38 36 37 36 39 37 38 37 40 37 37 38 38 38 39 38 38 39 41 39 40 39 40 40 42 40 43 40 41 41 42 41 40 41 43 42 44 42 45 42 42 43 44 43 43 43 45 44 46 44 47 44 44 45 46 45 45 45 47 46 48 46 49 46 46 47 48 47 47 47 49 48 50 48 51 48 48 49 50 49 49 49 51 50 52 50 53 50 50 51 52 51 51 51 52 52 54 52 53 52 55 53 54 53 56 53 53 54 54 54 55 54 54 55 57 55 56 55 57 56 58 56 56 56 56 57 58 57 59 57 58 58 60 58 59 58 59 59 60 59 61 59 60 60 62 60 61 60 61 61 62 61 63 61 62 62 64 62 63 62 63 63 64 63 65 63 64 64 66 64 65 64 65 65 66 65 67 65 66 66 68 66 67 66 67 67 68 67 69 67 68 68 70 68 69 68 69 69 70 69 71 69 70 70 72 70 71 70 71 71 72 71 73 71 72 72 74 72 73 72 75 73 74 73 76 73 73 74 74 74 75 74 74 75 77 75 76 75 77 76 78 76 76 76 79 77 78 77 80 77 76 78 78 78 79 78 78 79 81 79 80 79 81 80 82 80 80 80 80 81 82 81 83 81 83 82 84 82 85 82 82 83 84 83 83 83 86 84 87 84 88 84 85 85 87 85 86 85 84 86 87 86 85 86 87 87 89 87 88 87 88 88 90 88 91 88 89 89 90 89 88 89 91 90 92 90 93 90 90 91 92 91 91 91 93 92 94 92 95 92 92 93 94 93 93 93 95 94 96 94 97 94 94 95 96 95 95 95 97 96 98 96 99 96 96 97 98 97 97 97 99 98 100 98 101 98 98 99 100 99 99 99 101 100 102 100 103 100 100 101 102 101 101 101 102 102 104 102 103 102 103 103 104 103 105 103 104 104 106 104 105 104 105 105 106 105 107 105 106 106 108 106 107 106 107 107 108 107 109 107 108 108 110 108 109 108 109 109 110 109 111 109 110 110 112 110 111 110 111 111 112 111 113 111 112 112 114 112 113 112 113 113 114 113 115 113 114 114 116 114 115 114 115 115 116 115 117 115 116 116 118 116 117 116 119 117 118 117 120 117 117 118 118 118 119 118 118 119 121 119 120 119 120 120 122 120 123 120 121 121 122 121 120 121 123 122 124 122 125 122 122 123 124 123 123 123 125 124 126 124 127 124 124 125 126 125 125 125 127 126 128 126 129 126 126 127 128 127 127 127 130 128 131 128 132 128 129 129 131 129 130 129 128 130 131 130 129 130 131 131 133 131 132 131 134 132 135 132 136 132 132 133 135 133 134 133 133 134 135 134 132 134 135 135 137 135 136 135 136 136 138 136 139 136 137 137 138 137 136 137 139 138 140 138 141 138 138 139 140 139 139 139 142 140 143 140 144 140 141 141 143 141 142 141 140 142 143 142 141 142 143 143 145 143 144 143 146 144 147 144 148 144 144 145 147 145 146 145 145 146 147 146 144 146 147 147 149 147 148 147 148 148 150 148 151 148 149 149 150 149 148 149 151 150 152 150 153 150 150 151 152 151 151 151 153 152 154 152 155 152 152 153 154 153 153 153 154 154 156 154 155 154 155 155 156 155 157 155 156 156 158 156 157 156 157 157 158 157 159 157 158 158 160 158 159 158 161 159 160 159 162 159 159 160 160 160 161 160 160 161 163 161 162 161 162 162 164 162 165 162 163 163 164 163 162 163 165 164 166 164 167 164 164 165 166 165 165 165 167 166 168 166 169 166 166 167 168 167 167 167 169 168 170 168 171 168 168 169 170 169 169 169 171 170 172 170 173 170 170 171 172 171 171 171 173 172 174 172 175 172 172 173 174 173 173 173 175 174 176 174 177 174 174 175 176 175 175 175 177 176 178 176 179 176 176 177 178 177 177 177 179 178 180 178 181 178 178 179 180 179 179 179 182 180 183 180 184 180 181 181 183 181 182 181 180 182 183 182 181 182 183 183 185 183 184 183 184 184 186 184 187 184 185 185 186 185 184 185 187 186 188 186 189 186 186 187 188 187 187 187 189 188 0 188 2 188 188 189 0 189 189 189 190 190 191 190 192 190 190 191 193 191 191 191 193 192 194 192 191 192 193 193 195 193 194 193 195 194 196 194 194 194 195 195 197 195 196 195 197 196 198 196 196 196 197 197 199 197 198 197 199 198 200 198 198 198 199 199 201 199 200 199 201 200 192 200 200 200 201 201 190 201 192 201 168 202 166 202 193 202 164 203 193 203 166 203 170 204 168 204 193 204 163 205 193 205 164 205 172 206 170 206 193 206 160 207 193 207 163 207 174 208 193 208 190 208 174 209 172 209 193 209 158 210 193 210 160 210 176 211 174 211 190 211 156 212 193 212 158 212 178 213 176 213 190 213 154 214 193 214 156 214 180 215 178 215 190 215 152 216 193 216 154 216 183 217 180 217 190 217 150 218 193 218 152 218 185 219 183 219 190 219 149 220 193 220 150 220 186 221 185 221 190 221 147 222 193 222 149 222 188 223 186 223 190 223 145 224 193 224 147 224 0 225 188 225 190 225 143 226 193 226 145 226 1 227 0 227 190 227 4 228 1 228 190 228 6 229 4 229 190 229 9 230 6 230 190 230 195 231 143 231 140 231 195 232 140 232 138 232 195 233 138 233 137 233 195 234 137 234 135 234 195 235 193 235 143 235 10 236 9 236 190 236 133 237 195 237 135 237 12 238 10 238 190 238 131 239 195 239 133 239 15 240 12 240 190 240 128 241 195 241 131 241 17 242 15 242 190 242 126 243 195 243 128 243 124 244 195 244 126 244 122 245 195 245 124 245 121 246 195 246 122 246 118 247 195 247 121 247 116 248 195 248 118 248 114 249 195 249 116 249 112 250 195 250 114 250 110 251 195 251 112 251 201 252 17 252 190 252 201 253 36 253 34 253 201 254 34 254 32 254 201 255 32 255 31 255 201 256 31 256 28 256 201 257 28 257 26 257 201 258 26 258 24 258 201 259 24 259 22 259 201 260 22 260 20 260 201 261 20 261 18 261 201 262 18 262 17 262 38 263 36 263 201 263 41 264 38 264 201 264 42 265 41 265 201 265 44 266 42 266 201 266 46 267 44 267 201 267 48 268 46 268 201 268 197 269 195 269 110 269 197 270 110 270 108 270 197 271 108 271 106 271 197 272 106 272 104 272 197 273 104 273 102 273 197 274 102 274 100 274 197 275 100 275 98 275 197 276 98 276 96 276 197 277 96 277 94 277 197 278 94 278 92 278 197 279 92 279 90 279 197 280 90 280 89 280 197 281 89 281 87 281 197 282 87 282 84 282 197 283 84 283 82 283 197 284 82 284 81 284 197 285 81 285 78 285 199 286 48 286 201 286 199 287 78 287 77 287 199 288 77 288 74 288 199 289 74 289 72 289 199 290 72 290 70 290 199 291 70 291 68 291 199 292 68 292 66 292 199 293 66 293 64 293 199 294 64 294 62 294 199 295 62 295 60 295 199 296 60 296 58 296 199 297 58 297 57 297 199 298 57 298 54 298 199 299 54 299 52 299 199 300 52 300 50 300 199 301 50 301 48 301 199 302 197 302 78 302 167 303 169 303 191 303 191 304 165 304 167 304 169 305 171 305 191 305 191 306 162 306 165 306 171 307 173 307 191 307 191 308 161 308 162 308 191 309 175 309 192 309 173 310 175 310 191 310 191 311 159 311 161 311 175 312 177 312 192 312 191 313 157 313 159 313 177 314 179 314 192 314 191 315 155 315 157 315 179 316 181 316 192 316 191 317 153 317 155 317 181 318 182 318 192 318 191 319 151 319 153 319 182 320 184 320 192 320 191 321 148 321 151 321 184 322 187 322 192 322 191 323 146 323 148 323 187 324 189 324 192 324 191 325 144 325 146 325 189 326 2 326 192 326 191 327 142 327 144 327 2 328 3 328 192 328 3 329 5 329 192 329 5 330 7 330 192 330 7 331 8 331 192 331 142 332 194 332 141 332 141 333 194 333 139 333 139 334 194 334 136 334 136 335 194 335 134 335 191 336 194 336 142 336 8 337 11 337 192 337 194 338 132 338 134 338 11 339 13 339 192 339 194 340 130 340 132 340 13 341 14 341 192 341 194 342 129 342 130 342 14 343 16 343 192 343 194 344 127 344 129 344 194 345 125 345 127 345 194 346 123 346 125 346 194 347 120 347 123 347 194 348 119 348 120 348 194 349 117 349 119 349 194 350 115 350 117 350 194 351 113 351 115 351 194 352 111 352 113 352 16 353 200 353 192 353 37 354 200 354 35 354 35 355 200 355 33 355 33 356 200 356 30 356 30 357 200 357 29 357 29 358 200 358 27 358 27 359 200 359 25 359 25 360 200 360 23 360 23 361 200 361 21 361 21 362 200 362 19 362 19 363 200 363 16 363 37 364 39 364 200 364 39 365 40 365 200 365 40 366 43 366 200 366 43 367 45 367 200 367 45 368 47 368 200 368 47 369 49 369 200 369 194 370 196 370 111 370 111 371 196 371 109 371 109 372 196 372 107 372 107 373 196 373 105 373 105 374 196 374 103 374 103 375 196 375 101 375 101 376 196 376 99 376 99 377 196 377 97 377 97 378 196 378 95 378 95 379 196 379 93 379 93 380 196 380 91 380 91 381 196 381 88 381 88 382 196 382 86 382 86 383 196 383 85 383 85 384 196 384 83 384 83 385 196 385 80 385 80 386 196 386 79 386 196 387 198 387 79 387 49 388 198 388 200 388 79 389 198 389 76 389 76 390 198 390 75 390 75 391 198 391 73 391 73 392 198 392 71 392 71 393 198 393 69 393 69 394 198 394 67 394 67 395 198 395 65 395 65 396 198 396 63 396 63 397 198 397 61 397 61 398 198 398 59 398 59 399 198 399 56 399 56 400 198 400 55 400 55 401 198 401 53 401 53 402 198 402 51 402 51 403 198 403 49 403</p>
        </triangles>
      </mesh>
    </geometry>
    <geometry id="geometry2" name="Part__Feature002">
      <mesh>
        <source id="cubeverts-array2">
          <float_array count="606" id="cubeverts-array2-array">-0.0008529207 0.01994449 -0.01132073 -0.0008496411 0.01994449 -0.01122159 -0.0008529207 -0.02005551 -0.01132073 -0.0008496411 -0.02005551 -0.01122159 -0.0008398168 0.01994449 -0.01112289 -0.0008398168 -0.02005551 -0.01112289 -0.0008234907 0.01994449 -0.01102505 -0.0008234907 -0.02005551 -0.01102505 -0.0008007341 -0.02005551 -0.01092851 -0.0008007341 0.01994449 -0.01092851 -0.0007716466 0.01994449 -0.01083368 -0.0007716466 -0.02005551 -0.01083368 -0.0007363554 0.01994449 -0.01074098 -0.0007363554 -0.02005551 -0.01074098 -0.0006950147 -0.02005551 -0.01065081 -0.0006950147 0.01994449 -0.01065081 -0.0006478055 -0.02005551 -0.01056358 -0.0006478055 0.01994449 -0.01056358 -0.000594934 0.01994449 -0.01047965 -0.000594934 -0.02005551 -0.01047965 -0.0005366315 0.01994449 -0.01039941 -0.0005366315 -0.02005551 -0.01039941 -0.0004731529 0.01994449 -0.01032319 -0.0004731529 -0.02005551 -0.01032319 -0.0004047759 0.01994449 -0.01025133 -0.0004047759 -0.02005551 -0.01025133 -0.0003317994 0.01994449 -0.01018415 -0.0003317994 -0.02005551 -0.01018415 -0.0002545424 0.01994449 -0.01012195 -0.0002545424 -0.02005551 -0.01012195 -0.000173343 -0.02005551 -0.01006498 -0.000173343 0.01994449 -0.01006498 -8.855598e-05 0.01994449 -0.0100135 -8.855598e-05 -0.02005551 -0.0100135 -5.522556e-07 0.01994449 -0.00996774 -5.522556e-07 -0.02005551 -0.00996774 9.02834e-05 0.01994449 -0.009927896 9.02834e-05 -0.02005551 -0.009927896 0.0001835538 0.01994449 -0.009894142 0.0001835538 -0.02005551 -0.009894142 0.000278851 -0.02005551 -0.009866627 0.000278851 0.01994449 -0.009866627 0.0003757585 0.01994449 -0.009845469 0.0003757585 -0.02005551 -0.009845469 0.0004738523 0.01994449 -0.009830763 0.0004738523 -0.02005551 -0.009830763 0.0005727037 0.01994449 -0.009822572 0.0005727037 -0.02005551 -0.009822572 0.0006718802 0.01994449 -0.009820932 0.0006718802 -0.02005551 -0.009820932 0.0007709483 0.01994449 -0.00982585 0.0007709483 -0.02005551 -0.00982585 0.0008694748 0.01994449 -0.009837305 0.0008694748 -0.02005551 -0.009837305 0.0009670287 0.01994449 -0.009855247 0.0009670287 -0.02005551 -0.009855247 0.001063184 -0.02005551 -0.009879597 0.001063184 0.01994449 -0.009879597 0.001157519 0.01994449 -0.009910248 0.001157519 -0.02005551 -0.009910248 0.001249622 0.01994449 -0.009947067 0.001249622 -0.02005551 -0.009947067 0.001339091 0.01994449 -0.009989893 0.001339091 -0.02005551 -0.009989893 0.001425534 0.01994449 -0.01003854 0.001425534 -0.02005551 -0.01003854 0.001508572 0.01994449 -0.01009279 0.001508572 -0.02005551 -0.01009279 0.001587844 0.01994449 -0.01015241 0.001587844 -0.02005551 -0.01015241 0.001663002 0.01994449 -0.01021714 0.001663002 -0.02005551 -0.01021714 0.001733717 0.01994449 -0.0102867 0.001733717 -0.02005551 -0.0102867 0.001799681 0.01994449 -0.01036077 0.001799681 -0.02005551 -0.01036077 0.001860605 -0.02005551 -0.01043905 0.001860605 0.01994449 -0.01043905 0.001916222 0.01994449 -0.01052118 0.001916222 -0.02005551 -0.01052118 0.00196629 -0.02005551 -0.01060681 0.00196629 0.01994449 -0.01060681 0.002010589 0.01994449 -0.01069555 0.002010589 -0.02005551 -0.01069555 0.002048926 0.01994449 -0.01078704 0.002048926 -0.02005551 -0.01078704 0.002081133 -0.02005551 -0.01088085 0.002081133 0.01994449 -0.01088085 0.002107069 -0.02005551 -0.01097659 0.002107069 0.01994449 -0.01097659 0.002126621 0.01994449 -0.01107384 0.002126621 -0.02005551 -0.01107384 0.002139704 0.01994449 -0.01117216 0.002139704 -0.02005551 -0.01117216 0.002146259 0.01994449 -0.01127113 0.002146259 -0.02005551 -0.01127113 0.002146259 0.01994449 -0.01137032 0.002146259 -0.02005551 -0.01137032 0.002139704 0.01994449 -0.0114693 0.002139704 -0.02005551 -0.0114693 0.002126621 0.01994449 -0.01156762 0.002126621 -0.02005551 -0.01156762 0.002107069 0.01994449 -0.01166486 0.002107069 -0.02005551 -0.01166486 0.002081133 0.01994449 -0.0117606 0.002081133 -0.02005551 -0.0117606 0.002048926 0.01994449 -0.01185442 0.002048926 -0.02005551 -0.01185442 0.002010589 0.01994449 -0.0119459 0.002010589 -0.02005551 -0.0119459 0.00196629 0.01994449 -0.01203465 0.00196629 -0.02005551 -0.01203465 0.001916222 0.01994449 -0.01212027 0.001916222 -0.02005551 -0.01212027 0.001860605 0.01994449 -0.0122024 0.001860605 -0.02005551 -0.0122024 0.001799681 0.01994449 -0.01228068 0.001799681 -0.02005551 -0.01228068 0.001733717 0.01994449 -0.01235476 0.001733717 -0.02005551 -0.01235476 0.001663002 -0.02005551 -0.01242431 0.001663002 0.01994449 -0.01242431 0.001587844 0.01994449 -0.01248904 0.001587844 -0.02005551 -0.01248904 0.001508572 0.01994449 -0.01254866 0.001508572 -0.02005551 -0.01254866 0.001425534 0.01994449 -0.01260292 0.001425534 -0.02005551 -0.01260292 0.001339091 0.01994449 -0.01265156 0.001339091 -0.02005551 -0.01265156 0.001249622 -0.02005551 -0.01269439 0.001249622 0.01994449 -0.01269439 0.001157519 -0.02005551 -0.01273121 0.001157519 0.01994449 -0.01273121 0.001063184 -0.02005551 -0.01276186 0.001063184 0.01994449 -0.01276186 0.0009670287 -0.02005551 -0.01278621 0.0009670287 0.01994449 -0.01278621 0.0008694748 0.01994449 -0.01280415 0.0008694748 -0.02005551 -0.01280415 0.0007709483 0.01994449 -0.0128156 0.0007709483 -0.02005551 -0.0128156 0.0006718802 -0.02005551 -0.01282052 0.0006718802 0.01994449 -0.01282052 0.0005727037 -0.02005551 -0.01281888 0.0005727037 0.01994449 -0.01281888 0.0004738523 -0.02005551 -0.01281069 0.0004738523 0.01994449 -0.01281069 0.0003757585 -0.02005551 -0.01279598 0.0003757585 0.01994449 -0.01279598 0.000278851 0.01994449 -0.01277483 0.000278851 -0.02005551 -0.01277483 0.0001835538 0.01994449 -0.01274731 0.0001835538 -0.02005551 -0.01274731 9.02834e-05 0.01994449 -0.01271356 9.02834e-05 -0.02005551 -0.01271356 -5.522556e-07 0.01994449 -0.01267371 -5.522556e-07 -0.02005551 -0.01267371 -8.855598e-05 0.01994449 -0.01262795 -8.855598e-05 -0.02005551 -0.01262795 -0.000173343 0.01994449 -0.01257648 -0.000173343 -0.02005551 -0.01257648 -0.0002545424 -0.02005551 -0.01251951 -0.0002545424 0.01994449 -0.01251951 -0.0003317994 0.01994449 -0.0124573 -0.0003317994 -0.02005551 -0.0124573 -0.0004047759 0.01994449 -0.01239012 -0.0004047759 -0.02005551 -0.01239012 -0.0004731529 0.01994449 -0.01231826 -0.0004731529 -0.02005551 -0.01231826 -0.0005366315 0.01994449 -0.01224205 -0.0005366315 -0.02005551 -0.01224205 -0.000594934 0.01994449 -0.0121618 -0.000594934 -0.02005551 -0.0121618 -0.0006478055 0.01994449 -0.01207788 -0.0006478055 -0.02005551 -0.01207788 -0.0006950147 0.01994449 -0.01199064 -0.0006950147 -0.02005551 -0.01199064 -0.0007363554 0.01994449 -0.01190048 -0.0007363554 -0.02005551 -0.01190048 -0.0007716466 0.01994449 -0.01180778 -0.0007716466 -0.02005551 -0.01180778 -0.0008007341 -0.02005551 -0.01171295 -0.0008007341 0.01994449 -0.01171295 -0.0008234907 -0.02005551 -0.0116164 -0.0008234907 0.01994449 -0.0116164 -0.0008398168 0.01994449 -0.01151857 -0.0008398168 -0.02005551 -0.01151857 -0.0008496411 0.01994449 -0.01141986 -0.0008496411 -0.02005551 -0.01141986 -0.00208981 0.01994449 -0.01135862 -0.0006885486 -0.02005551 -0.01370989 -0.00208981 -0.02005551 -0.01135862 -0.0006885486 0.01994449 -0.01370989 0.002048341 -0.02005551 -0.013672 0.002048341 0.01994449 -0.013672 0.003383968 -0.02005551 -0.01128283 0.003383968 0.01994449 -0.01128283 0.001982707 -0.02005551 -0.008931565 0.001982707 0.01994449 -0.008931565 -0.0007541819 -0.02005551 -0.008969459 -0.0007541819 0.01994449 -0.008969459</float_array>
          <technique_common>
            <accessor count="202" source="#cubeverts-array2-array" stride="3">
              <param type="float" name="X"/>
              <param type="float" name="Y"/>
              <param type="float" name="Z"/>
            </accessor>
          </technique_common>
        </source>
        <source id="cubenormals-array2">
          <float_array count="1212" id="cubenormals-array2-array">0.9994533 0 -0.03306329 0.9994533 0 -0.03306329 0.9950829 0 -0.09904547 0.9950829 0 -0.09904547 0.9863614 0 -0.1645941 0.9733265 0 -0.2294241 0.9863614 0 -0.1645941 0.9733265 0 -0.2294241 0.9560352 0 -0.2932518 0.9560352 0 -0.2932518 0.934565 0 -0.3557926 0.909006 0 -0.416783 0.934565 0 -0.3557926 0.909006 0 -0.416783 0.8794746 0 -0.4759458 0.8794746 0 -0.4759458 0.8460953 0 -0.5330316 0.8460953 0 -0.5330316 0.809015 0 -0.587788 0.809015 0 -0.587788 0.7684045 0 -0.6399644 0.7684045 0 -0.6399644 0.7244241 0 -0.6893547 0.7244241 0 -0.6893547 0.6772817 0 -0.7357238 0.6772817 0 -0.7357238 0.6271729 0 -0.7788801 0.5743287 0 -0.8186247 0.6271729 0 -0.7788801 0.5743287 0 -0.8186247 0.5189754 0 -0.8547892 0.5189754 0 -0.8547892 0.4613386 0 -0.8872242 0.4613386 0 -0.8872242 0.401698 0 -0.9157722 0.401698 0 -0.9157722 0.3402903 0 -0.9403204 0.2774009 0 -0.9607542 0.3402903 0 -0.9403204 0.2774009 0 -0.9607542 0.2133001 0 -0.9769867 0.2133001 0 -0.9769867 0.1482669 0 -0.9889474 0.1482669 0 -0.9889474 0.08257987 0 -0.9965845 0.08257987 0 -0.9965845 0.01652752 0 -0.9998634 0.01652752 0 -0.9998634 -0.04958255 0 -0.9987701 -0.04958255 -0 -0.9987701 -0.1154811 0 -0.9933097 -0.1154811 -0 -0.9933097 -0.1808797 -0 -0.9835052 -0.2454896 0 -0.9693993 -0.1808797 0 -0.9835052 -0.2454896 0 -0.9693993 -0.3090141 -0 -0.9510574 -0.3090141 0 -0.9510574 -0.3712 -0 -0.9285529 -0.3712 0 -0.9285529 -0.4317539 -0 -0.9019914 -0.4317539 0 -0.9019914 -0.4904225 -0 -0.8714848 -0.4904225 0 -0.8714848 -0.5469472 -0 -0.8371671 -0.5469472 0 -0.8371671 -0.6010844 -0 -0.7991856 -0.6010844 0 -0.7991856 -0.6525834 -0 -0.757717 -0.6525834 0 -0.757717 -0.7012393 -0 -0.7129259 -0.7012393 0 -0.7129259 -0.7468185 -0 -0.6650279 -0.7891397 0 -0.6142136 -0.7468185 0 -0.6650279 -0.7891397 0 -0.6142136 -0.8280095 -0 -0.560714 -0.8632566 0 -0.5047653 -0.8280095 0 -0.560714 -0.8632566 0 -0.5047653 -0.8947284 -0 -0.4466107 -0.8947284 0 -0.4466107 -0.9222904 0 -0.3864974 -0.9222904 -0 -0.3864974 -0.9652086 0 -0.2614808 -0.9458172 0 -0.3246995 -0.9458172 -0 -0.3246995 -0.9652086 0 -0.2614808 -0.9803802 0 -0.1971159 -0.9803802 -0 -0.1971159 -0.9912642 0 -0.1318906 -0.9912642 -0 -0.1318906 -0.9978136 0 -0.06609145 -0.9978136 -0 -0.06609145 -1 0 0 -1 -0 -0 -0.9978136 0 0.06609081 -0.9978136 0 0.06609081 -0.9912642 0 0.1318906 -0.9912642 0 0.1318906 -0.9803798 0 0.1971177 -0.9803798 0 0.1971177 -0.9652086 0 0.2614808 -0.9652086 0 0.2614808 -0.9458172 0 0.3246995 -0.9458172 0 0.3246995 -0.9222904 0 0.3864974 -0.9222904 0 0.3864974 -0.8947284 0 0.4466107 -0.8947284 0 0.4466107 -0.8632566 0 0.5047653 -0.8632566 0 0.5047653 -0.8280095 0 0.560714 -0.8280095 0 0.560714 -0.7891397 0 0.6142136 -0.7891397 0 0.6142136 -0.7468228 0 0.6650231 -0.7012345 0 0.7129307 -0.7468228 0 0.6650231 -0.7012345 0 0.7129307 -0.6525889 0 0.7577122 -0.6525889 0 0.7577122 -0.6010782 0 0.7991902 -0.6010782 0 0.7991902 -0.5469472 0 0.8371671 -0.5469472 0 0.8371671 -0.4904298 0 0.8714806 -0.4904298 0 0.8714806 -0.3711917 0 0.9285563 -0.4317539 0 0.9019914 -0.4317539 0 0.9019914 -0.3711917 0 0.9285563 -0.2454805 0 0.9694015 -0.3090228 0 0.9510546 -0.3090228 0 0.9510546 -0.2454805 0 0.9694015 -0.1808797 0 0.9835052 -0.1808797 0 0.9835052 -0.1154906 0 0.9933086 -0.1154906 0 0.9933086 0.01653713 -0 0.9998632 -0.04958255 0 0.9987701 -0.04958255 0 0.9987701 0.01653713 0 0.9998632 0.1482669 -0 0.9889474 0.08257987 0 0.9965845 0.08257987 0 0.9965845 0.1482669 0 0.9889474 0.2133001 0 0.9769867 0.2133001 0 0.9769867 0.2774009 0 0.9607542 0.2774009 0 0.9607542 0.3402903 0 0.9403204 0.3402903 0 0.9403204 0.401698 0 0.9157722 0.401698 0 0.9157722 0.4613386 0 0.8872242 0.4613386 0 0.8872242 0.5189683 0 0.8547934 0.5743287 -0 0.8186247 0.5189683 0 0.8547934 0.5743287 0 0.8186247 0.6271787 0 0.7788753 0.6271787 0 0.7788753 0.6772817 0 0.7357238 0.6772817 0 0.7357238 0.7244241 0 0.6893547 0.7244241 0 0.6893547 0.7684006 0 0.6399691 0.7684006 0 0.6399691 0.8090184 0 0.5877834 0.8090184 0 0.5877834 0.8460953 0 0.5330316 0.8460953 0 0.5330316 0.8794724 0 0.4759499 0.8794724 0 0.4759499 0.9090077 0 0.4167793 0.9090077 0 0.4167793 0.9345638 0 0.3557957 0.9345638 0 0.3557957 0.9733265 -0 0.2294241 0.956036 0 0.2932491 0.956036 0 0.2932491 0.9733265 0 0.2294241 0.9863614 0 0.1645941 0.9863614 0 0.1645941 0.9950829 0 0.09904547 0.9950829 0 0.09904547 0.9994532 0 0.03306361 0.9994532 0 0.03306361 -0.8590203 -0 -0.5119414 -0.8590203 0 -0.5119414 0.01384406 0 -0.9999042 0.01384406 0 -0.9999042 0.8728645 0 -0.4879627 0.8728645 0 -0.4879627 0.8590203 0 0.5119414 0.8590203 0 0.5119414 -0.01384406 0 0.9999042 -0.01384406 0 0.9999042 -0.8728644 0 0.4879628 -0.8728644 0 0.4879628 0 1 0 0 1 0 0 1 0 0 1 0 0 1 0 0 1 0 0 1 0 0 1 0 0 1 0 0 1 0 0 1 0 0 1 0 0 1 0 0 1 0 0 1 0 0 1 0 0 1 0 0 1 0 0 1 0 0 1 0 0 1 0 0 1 0 0 1 0 0 1 0 0 1 0 0 1 0 0 1 0 0 1 0 0 1 0 0 1 0 0 1 0 0 1 0 0 1 0 0 1 0 0 1 0 0 1 0 0 1 0 0 1 0 0 1 0 0 1 0 0 1 0 0 1 0 0 1 0 0 1 0 0 1 0 0 1 0 0 1 0 0 1 0 0 1 0 0 1 0 0 1 0 0 1 0 0 1 0 0 1 0 0 1 0 0 1 0 0 1 0 0 1 0 0 1 0 0 1 0 0 1 0 0 1 0 0 1 0 0 1 0 0 1 0 0 1 0 0 1 0 0 1 0 0 1 0 0 1 0 0 1 0 0 1 0 0 1 0 0 1 0 0 1 0 0 1 0 0 1 0 0 1 0 0 1 0 0 1 0 0 1 0 0 1 0 0 1 0 0 1 0 0 1 0 0 1 0 0 1 0 0 1 0 0 1 0 0 1 0 0 1 0 0 1 0 0 1 0 0 1 0 0 1 0 0 1 0 0 1 0 0 1 0 0 1 0 0 1 0 0 1 0 -0 -1 0 0 -1 0 -0 -1 0 0 -1 0 -0 -1 0 0 -1 0 0 -1 0 -0 -1 0 0 -1 0 0 -1 0 0 -1 0 0 -1 0 0 -1 0 0 -1 0 0 -1 0 0 -1 0 0 -1 0 0 -1 0 0 -1 0 0 -1 0 0 -1 0 0 -1 0 0 -1 0 0 -1 0 0 -1 0 -0 -1 0 -0 -1 0 -0 -1 0 -0 -1 0 0 -1 0 0 -1 0 0 -1 0 0 -1 0 0 -1 0 -0 -1 0 0 -1 0 -0 -1 0 0 -1 0 -0 -1 0 0 -1 0 -0 -1 0 0 -1 0 0 -1 0 0 -1 0 0 -1 0 0 -1 0 0 -1 0 0 -1 0 0 -1 0 0 -1 0 -0 -1 0 -0 -1 0 -0 -1 0 -0 -1 0 -0 -1 0 -0 -1 0 -0 -1 0 -0 -1 0 -0 -1 0 -0 -1 0 -0 -1 0 0 -1 0 0 -1 0 0 -1 0 0 -1 0 0 -1 0 0 -1 0 0 -1 0 0 -1 0 0 -1 0 0 -1 0 0 -1 0 0 -1 0 0 -1 0 0 -1 0 0 -1 0 0 -1 0 0 -1 0 0 -1 0 0 -1 0 0 -1 0 0 -1 0 0 -1 0 0 -1 0 0 -1 0 0 -1 0 0 -1 0 0 -1 0 0 -1 0 0 -1 0 0 -1 0 0 -1 0 0 -1 0 0 -1 0 0 -1 0 0 -1 0 0 -1 0 0 -1 0 0 -1 0 0 -1 0 0 -1 0</float_array>
          <technique_common>
            <accessor count="404" source="#cubenormals-array2-array" stride="3">
              <param type="float" name="X"/>
              <param type="float" name="Y"/>
              <param type="float" name="Z"/>
            </accessor>
          </technique_common>
        </source>
        <vertices id="cubeverts-array2-vertices">
          <input semantic="POSITION" source="#cubeverts-array2"/>
        </vertices>
        <triangles count="404" material="ref_Part__Feature002">
          <input offset="0" semantic="VERTEX" source="#cubeverts-array2-vertices"/>
          <input offset="1" semantic="NORMAL" source="#cubenormals-array2"/>
          <p>0 0 1 0 2 0 2 1 1 1 3 1 1 2 4 2 3 2 3 3 4 3 5 3 4 4 6 4 5 4 7 5 6 5 8 5 5 6 6 6 7 6 6 7 9 7 8 7 9 8 10 8 8 8 8 9 10 9 11 9 10 10 12 10 11 10 13 11 12 11 14 11 11 12 12 12 13 12 12 13 15 13 14 13 14 14 15 14 16 14 15 15 17 15 16 15 17 16 18 16 16 16 16 17 18 17 19 17 18 18 20 18 19 18 19 19 20 19 21 19 20 20 22 20 21 20 21 21 22 21 23 21 22 22 24 22 23 22 23 23 24 23 25 23 24 24 26 24 25 24 25 25 26 25 27 25 26 26 28 26 27 26 29 27 28 27 30 27 27 28 28 28 29 28 28 29 31 29 30 29 31 30 32 30 30 30 30 31 32 31 33 31 32 32 34 32 33 32 33 33 34 33 35 33 34 34 36 34 35 34 35 35 36 35 37 35 36 36 38 36 37 36 39 37 38 37 40 37 37 38 38 38 39 38 38 39 41 39 40 39 40 40 42 40 43 40 41 41 42 41 40 41 43 42 44 42 45 42 42 43 44 43 43 43 45 44 46 44 47 44 44 45 46 45 45 45 47 46 48 46 49 46 46 47 48 47 47 47 49 48 50 48 51 48 48 49 50 49 49 49 51 50 52 50 53 50 50 51 52 51 51 51 52 52 54 52 53 52 55 53 54 53 56 53 53 54 54 54 55 54 54 55 57 55 56 55 57 56 58 56 56 56 56 57 58 57 59 57 58 58 60 58 59 58 59 59 60 59 61 59 60 60 62 60 61 60 61 61 62 61 63 61 62 62 64 62 63 62 63 63 64 63 65 63 64 64 66 64 65 64 65 65 66 65 67 65 66 66 68 66 67 66 67 67 68 67 69 67 68 68 70 68 69 68 69 69 70 69 71 69 70 70 72 70 71 70 71 71 72 71 73 71 72 72 74 72 73 72 75 73 74 73 76 73 73 74 74 74 75 74 74 75 77 75 76 75 77 76 78 76 76 76 79 77 78 77 80 77 76 78 78 78 79 78 78 79 81 79 80 79 81 80 82 80 80 80 80 81 82 81 83 81 83 82 84 82 85 82 82 83 84 83 83 83 86 84 87 84 88 84 85 85 87 85 86 85 84 86 87 86 85 86 87 87 89 87 88 87 88 88 90 88 91 88 89 89 90 89 88 89 91 90 92 90 93 90 90 91 92 91 91 91 93 92 94 92 95 92 92 93 94 93 93 93 95 94 96 94 97 94 94 95 96 95 95 95 97 96 98 96 99 96 96 97 98 97 97 97 99 98 100 98 101 98 98 99 100 99 99 99 101 100 102 100 103 100 100 101 102 101 101 101 102 102 104 102 103 102 103 103 104 103 105 103 104 104 106 104 105 104 105 105 106 105 107 105 106 106 108 106 107 106 107 107 108 107 109 107 108 108 110 108 109 108 109 109 110 109 111 109 110 110 112 110 111 110 111 111 112 111 113 111 112 112 114 112 113 112 113 113 114 113 115 113 114 114 116 114 115 114 115 115 116 115 117 115 116 116 118 116 117 116 119 117 118 117 120 117 117 118 118 118 119 118 118 119 121 119 120 119 120 120 122 120 123 120 121 121 122 121 120 121 123 122 124 122 125 122 122 123 124 123 123 123 125 124 126 124 127 124 124 125 126 125 125 125 127 126 128 126 129 126 126 127 128 127 127 127 130 128 131 128 132 128 129 129 131 129 130 129 128 130 131 130 129 130 131 131 133 131 132 131 134 132 135 132 136 132 132 133 135 133 134 133 133 134 135 134 132 134 135 135 137 135 136 135 136 136 138 136 139 136 137 137 138 137 136 137 139 138 140 138 141 138 138 139 140 139 139 139 142 140 143 140 144 140 141 141 143 141 142 141 140 142 143 142 141 142 143 143 145 143 144 143 146 144 147 144 148 144 144 145 147 145 146 145 145 146 147 146 144 146 147 147 149 147 148 147 148 148 150 148 151 148 149 149 150 149 148 149 151 150 152 150 153 150 150 151 152 151 151 151 153 152 154 152 155 152 152 153 154 153 153 153 154 154 156 154 155 154 155 155 156 155 157 155 156 156 158 156 157 156 157 157 158 157 159 157 158 158 160 158 159 158 161 159 160 159 162 159 159 160 160 160 161 160 160 161 163 161 162 161 162 162 164 162 165 162 163 163 164 163 162 163 165 164 166 164 167 164 164 165 166 165 165 165 167 166 168 166 169 166 166 167 168 167 167 167 169 168 170 168 171 168 168 169 170 169 169 169 171 170 172 170 173 170 170 171 172 171 171 171 173 172 174 172 175 172 172 173 174 173 173 173 175 174 176 174 177 174 174 175 176 175 175 175 177 176 178 176 179 176 176 177 178 177 177 177 179 178 180 178 181 178 178 179 180 179 179 179 182 180 183 180 184 180 181 181 183 181 182 181 180 182 183 182 181 182 183 183 185 183 184 183 184 184 186 184 187 184 185 185 186 185 184 185 187 186 188 186 189 186 186 187 188 187 187 187 189 188 0 188 2 188 188 189 0 189 189 189 190 190 191 190 192 190 190 191 193 191 191 191 193 192 194 192 191 192 193 193 195 193 194 193 195 194 196 194 194 194 195 195 197 195 196 195 197 196 198 196 196 196 197 197 199 197 198 197 199 198 200 198 198 198 199 199 201 199 200 199 201 200 192 200 200 200 201 201 190 201 192 201 168 202 166 202 193 202 164 203 193 203 166 203 170 204 168 204 193 204 163 205 193 205 164 205 172 206 170 206 193 206 160 207 193 207 163 207 174 208 193 208 190 208 174 209 172 209 193 209 158 210 193 210 160 210 176 211 174 211 190 211 156 212 193 212 158 212 178 213 176 213 190 213 154 214 193 214 156 214 180 215 178 215 190 215 152 216 193 216 154 216 183 217 180 217 190 217 150 218 193 218 152 218 185 219 183 219 190 219 149 220 193 220 150 220 186 221 185 221 190 221 147 222 193 222 149 222 188 223 186 223 190 223 145 224 193 224 147 224 0 225 188 225 190 225 143 226 193 226 145 226 1 227 0 227 190 227 4 228 1 228 190 228 6 229 4 229 190 229 9 230 6 230 190 230 195 231 143 231 140 231 195 232 140 232 138 232 195 233 138 233 137 233 195 234 137 234 135 234 195 235 193 235 143 235 10 236 9 236 190 236 133 237 195 237 135 237 12 238 10 238 190 238 131 239 195 239 133 239 15 240 12 240 190 240 128 241 195 241 131 241 17 242 15 242 190 242 126 243 195 243 128 243 124 244 195 244 126 244 122 245 195 245 124 245 121 246 195 246 122 246 118 247 195 247 121 247 116 248 195 248 118 248 114 249 195 249 116 249 112 250 195 250 114 250 110 251 195 251 112 251 201 252 17 252 190 252 201 253 36 253 34 253 201 254 34 254 32 254 201 255 32 255 31 255 201 256 31 256 28 256 201 257 28 257 26 257 201 258 26 258 24 258 201 259 24 259 22 259 201 260 22 260 20 260 201 261 20 261 18 261 201 262 18 262 17 262 38 263 36 263 201 263 41 264 38 264 201 264 42 265 41 265 201 265 44 266 42 266 201 266 46 267 44 267 201 267 48 268 46 268 201 268 197 269 110 269 108 269 197 270 108 270 106 270 197 271 106 271 104 271 197 272 104 272 102 272 197 273 102 273 100 273 197 274 100 274 98 274 197 275 98 275 96 275 197 276 96 276 94 276 197 277 94 277 92 277 197 278 92 278 90 278 197 279 90 279 89 279 197 280 89 280 87 280 197 281 87 281 84 281 197 282 84 282 82 282 197 283 82 283 81 283 197 284 81 284 78 284 197 285 195 285 110 285 199 286 48 286 201 286 199 287 197 287 78 287 199 288 78 288 77 288 199 289 77 289 74 289 199 290 74 290 72 290 199 291 72 291 70 291 199 292 70 292 68 292 199 293 68 293 66 293 199 294 66 294 64 294 199 295 64 295 62 295 199 296 62 296 60 296 199 297 60 297 58 297 199 298 58 298 57 298 199 299 57 299 54 299 199 300 54 300 52 300 199 301 52 301 50 301 199 302 50 302 48 302 167 303 169 303 191 303 191 304 165 304 167 304 169 305 171 305 191 305 191 306 162 306 165 306 171 307 173 307 191 307 191 308 161 308 162 308 191 309 175 309 192 309 173 310 175 310 191 310 191 311 159 311 161 311 175 312 177 312 192 312 191 313 157 313 159 313 177 314 179 314 192 314 191 315 155 315 157 315 179 316 181 316 192 316 191 317 153 317 155 317 181 318 182 318 192 318 191 319 151 319 153 319 182 320 184 320 192 320 191 321 148 321 151 321 184 322 187 322 192 322 191 323 146 323 148 323 187 324 189 324 192 324 191 325 144 325 146 325 189 326 2 326 192 326 191 327 142 327 144 327 2 328 3 328 192 328 3 329 5 329 192 329 5 330 7 330 192 330 7 331 8 331 192 331 142 332 194 332 141 332 141 333 194 333 139 333 139 334 194 334 136 334 136 335 194 335 134 335 191 336 194 336 142 336 8 337 11 337 192 337 194 338 132 338 134 338 11 339 13 339 192 339 194 340 130 340 132 340 13 341 14 341 192 341 194 342 129 342 130 342 14 343 16 343 192 343 194 344 127 344 129 344 194 345 125 345 127 345 194 346 123 346 125 346 194 347 120 347 123 347 194 348 119 348 120 348 194 349 117 349 119 349 194 350 115 350 117 350 194 351 113 351 115 351 194 352 111 352 113 352 16 353 200 353 192 353 37 354 200 354 35 354 35 355 200 355 33 355 33 356 200 356 30 356 30 357 200 357 29 357 29 358 200 358 27 358 27 359 200 359 25 359 25 360 200 360 23 360 23 361 200 361 21 361 21 362 200 362 19 362 19 363 200 363 16 363 37 364 39 364 200 364 39 365 40 365 200 365 40 366 43 366 200 366 43 367 45 367 200 367 45 368 47 368 200 368 47 369 49 369 200 369 194 370 196 370 111 370 111 371 196 371 109 371 109 372 196 372 107 372 107 373 196 373 105 373 105 374 196 374 103 374 103 375 196 375 101 375 101 376 196 376 99 376 99 377 196 377 97 377 97 378 196 378 95 378 95 379 196 379 93 379 93 380 196 380 91 380 91 381 196 381 88 381 88 382 196 382 86 382 86 383 196 383 85 383 85 384 196 384 83 384 83 385 196 385 80 385 80 386 196 386 79 386 196 387 198 387 79 387 49 388 198 388 200 388 79 389 198 389 76 389 76 390 198 390 75 390 75 391 198 391 73 391 73 392 198 392 71 392 71 393 198 393 69 393 69 394 198 394 67 394 67 395 198 395 65 395 65 396 198 396 63 396 63 397 198 397 61 397 61 398 198 398 59 398 59 399 198 399 56 399 56 400 198 400 55 400 55 401 198 401 53 401 53 402 198 402 51 402 51 403 198 403 49 403</p>
        </triangles>
      </mesh>
    </geometry>
  </library_geometries>
  <library_materials>
    <material id="mat_Part__Feature" name="Part__Feature">
      <instance_effect url="#effect_Part__Feature"/>
    </material>
    <material id="mat_Part__Feature001" name="Part__Feature001">
      <instance_effect url="#effect_Part__Feature001"/>
    </material>
    <material id="mat_Part__Feature002" name="Part__Feature002">
      <instance_effect url="#effect_Part__Feature002"/>
    </material>
  </library_materials>
  <library_visual_scenes>
    <visual_scene id="myscene">
      <node id="node0" name="node0">
        <instance_geometry url="#geometry0">
          <bind_material>
            <technique_common>
              <instance_material symbol="ref_Part__Feature" target="#mat_Part__Feature"/>
            </technique_common>
          </bind_material>
        </instance_geometry>
      </node>
      <node id="node1" name="node1">
        <instance_geometry url="#geometry1">
          <bind_material>
            <technique_common>
              <instance_material symbol="ref_Part__Feature001" target="#mat_Part__Feature001"/>
            </technique_common>
          </bind_material>
        </instance_geometry>
      </node>
      <node id="node2" name="node2">
        <instance_geometry url="#geometry2">
          <bind_material>
            <technique_common>
              <instance_material symbol="ref_Part__Feature002" target="#mat_Part__Feature002"/>
            </technique_common>
          </bind_material>
        </instance_geometry>
      </node>
    </visual_scene>
  </library_visual_scenes>
  <scene>
    <instance_visual_scene url="#myscene"/>
  </scene>
</COLLADA>
