# FreeCAD v1.0 build2 Arch module
# https://www.freecad.org
mtllib caster.mtl
o caster
usemtl color_adb5bd
v 0.827726 -22.734209 2.996271
v 0.678188 -22.734209 3.0
v 0.678188 -22.881409 2.996386
v 0.528651 -22.734209 2.996271
v 0.685333 -25.727211 0.204603
v 0.678188 -25.719761 0.294051
v 0.678188 -25.730589 0.147203
v 0.699588 -25.727211 0.203606
v 0.678188 -25.734211 0.0
v 0.713739 -25.727211 0.201617
v 0.706684 -25.70627 0.407505
v 0.678188 -25.70174 0.440191
v 0.727716 -25.727211 0.198646
v 0.73504 -25.70627 0.404524
v 0.69949 -25.671459 0.609996
v 0.678188 -25.6443 0.72894
v 0.678188 -25.676559 0.585271
v 0.741453 -25.727211 0.194707
v 0.76312 -25.70627 0.399573
v 0.741989 -25.671459 0.607024
v 0.75488 -25.727211 0.18982
v 0.790786 -25.70627 0.392675
v 0.784177 -25.671459 0.601095
v 0.734648 -25.622961 0.807419
v 0.678188 -25.60503 0.870854
v 0.767935 -25.727211 0.184008
v 0.817904 -25.70627 0.383864
v 0.82585 -25.671459 0.592238
v 0.790834 -25.622961 0.801513
v 0.71325 -25.560989 1.004027
v 0.678188 -25.50585 1.14805
v 0.678188 -25.55884 1.01067
v 0.780552 -25.727211 0.177299
v 0.84434 -25.70627 0.373183
v 0.866802 -25.671459 0.580495
v 0.84647 -25.622961 0.791703
v 0.783202 -25.560989 0.999135
v 0.79267 -25.727211 0.169727
v 0.869967 -25.70627 0.360684
v 0.906836 -25.671459 0.565923
v 0.901286 -25.622961 0.778036
v 0.852642 -25.560989 0.989376
v 0.804231 -25.727211 0.161327
v 0.761561 -25.48584 1.192292
v 0.678188 -25.446169 1.282665
v 0.89466 -25.70627 0.346428
v 0.945756 -25.671459 0.548595
v 0.955016 -25.622961 0.760578
v 0.921232 -25.560989 0.974797
v 0.815178 -25.727211 0.152142
v 0.844528 -25.48584 1.183572
v 0.918298 -25.70627 0.330483
v 0.726356 -25.39786 1.379354
v 0.678188 -25.379971 1.41419
v 0.983372 -25.671459 0.528594
v 1.007397 -25.622961 0.739415
v 0.988639 -25.560989 0.955468
v 0.825457 -25.727211 0.142216
v 0.926685 -25.48584 1.169085
v 0.940767 -25.70627 0.312929
v 0.822458 -25.39786 1.372634
v 1.019502 -25.671459 0.506018
v 1.058174 -25.622961 0.714649
v 1.054533 -25.560989 0.931485
v 0.835018 -25.727211 0.131596
v 1.007631 -25.48584 1.148903
v 0.961956 -25.70627 0.29385
v 0.917857 -25.39786 1.359227
v 1.053968 -25.671459 0.480977
v 0.786921 -25.29747 1.554955
v 0.678188 -25.228619 1.666711
v 0.678188 -25.30739 1.542308
v 1.1071 -25.622961 0.686402
v 1.118593 -25.560989 0.902963
v 0.843816 -25.727211 0.120336
v 1.086972 -25.48584 1.123124
v 0.981763 -25.70627 0.27334
v 1.012088 -25.39786 1.339197
v 1.086604 -25.671459 0.453592
v 0.895125 -25.29747 1.543582
v 1.153936 -25.622961 0.65481
v 0.738566 -25.18512 1.728987
v 0.678188 -25.143829 1.787098
v 1.180508 -25.560989 0.870043
v 0.851807 -25.727211 0.108489
v 1.164321 -25.48584 1.091873
v 1.000091 -25.70627 0.251498
v 1.104692 -25.39786 1.312644
v 1.11725 -25.671459 0.423997
v 1.002271 -25.29747 1.524689
v 1.198454 -25.622961 0.620029
v 0.859027 -25.18512 1.720564
v 1.239975 -25.560989 0.832883
v 0.858952 -25.727211 0.096114
v 1.239302 -25.48584 1.055302
v 1.01685 -25.70627 0.22843
v 1.195218 -25.39786 1.279695
v 1.145757 -25.671459 0.392337
v 1.107839 -25.29747 1.498369
v 1.240438 -25.622961 0.582227
v 0.978607 -25.18512 1.703758
v 1.296706 -25.560989 0.791666
v 0.865216 -25.727211 0.08327
v 0.810256 -25.061338 1.888652
v 0.678188 -24.957062 2.014677
v 0.678188 -25.05324 1.90318
v 1.31155 -25.48584 1.01359
v 1.03196 -25.70627 0.20425
v 1.283226 -25.39786 1.240511
v 1.171986 -25.671459 0.358765
v 1.211313 -25.29747 1.464748
v 1.279683 -25.622961 0.541588
v 1.096723 -25.18512 1.678651
v 1.350423 -25.560989 0.746592
v 0.870569 -25.727211 0.070021
v 0.94168 -25.061338 1.874839
v 1.380711 -25.48584 0.96694
v 1.045346 -25.70627 0.179075
v 0.749651 -24.92672 2.046412
v 0.678188 -24.85553 2.12132
v 1.368286 -25.39786 1.195284
v 1.19581 -25.671459 0.323446
v 1.31219 -25.29747 1.423991
v 1.315997 -25.622961 0.49831
v 1.2128 -25.18512 1.645367
v 1.400865 -25.560989 0.697881
v 0.874985 -25.727211 0.05643
v 1.07182 -25.061338 1.851892
v 1.44645 -25.48584 0.915579
v 1.056943 -25.70627 0.153027
v 0.892227 -24.92672 2.036442
v 1.449984 -25.39786 1.144234
v 1.217111 -25.671459 0.28655
v 1.409978 -25.29747 1.376296
v 1.349203 -25.622961 0.452605
v 1.326273 -25.18512 1.604066
v 1.447786 -25.560989 0.645769
v 0.878442 -25.727211 0.042565
v 1.200042 -25.061338 1.819922
v 1.508446 -25.48584 0.859757
v 1.066695 -25.70627 0.126233
v 1.033761 -24.92672 2.016551
v 1.527921 -25.39786 1.087609
v 1.235787 -25.671459 0.248259
v 0.83113 -24.78187 2.187167
v 0.678188 -24.74888 2.222853
v 1.504201 -25.29747 1.321897
v 1.379141 -25.622961 0.404695
v 1.436588 -25.18512 1.55495
v 1.490958 -25.560989 0.590512
v 0.880923 -25.727211 0.028493
v 1.325723 -25.061338 1.779086
v 1.566397 -25.48584 0.799747
v 1.074554 -25.70627 0.098825
v 1.173562 -24.92672 1.986835
v 1.601719 -25.39786 1.025685
v 1.251747 -25.671459 0.208758
v 0.983326 -24.78187 2.17117
v 1.5944 -25.29747 1.261057
v 1.405663 -25.622961 0.354813
v 0.759404 -24.62747 2.325716
v 0.678188 -24.521311 2.409623
v 0.678188 -24.63739 2.319031
v 1.543209 -25.18512 1.498259
v 1.53017 -25.560989 0.532377
v 0.882417 -25.727211 0.014281
v 1.448248 -25.061338 1.729583
v 1.620021 -25.48584 0.735841
v 1.080482 -25.70627 0.070935
v 1.31095 -24.92672 1.94744
v 1.671018 -25.39786 0.958764
v 1.264912 -25.671459 0.16824
v 1.134036 -24.78187 2.144596
v 1.680135 -25.29747 1.194073
v 1.428642 -25.622961 0.303203
v 0.92144 -24.62747 2.314386
v 1.645615 -25.18512 1.434269
v 1.565232 -25.560989 0.471649
v 0.882915 -25.727211 0.0
v 1.567022 -25.061338 1.671653
v 1.669057 -25.48584 0.668349
v 1.08445 -25.70627 0.0427
v 1.445255 -24.92672 1.898557
v 1.735479 -25.39786 0.887172
v 1.275218 -25.671459 0.126903
v 1.282525 -24.78187 2.107574
v 1.760988 -25.29747 1.121272
v 1.447964 -25.622961 0.250115
v 1.082291 -24.62747 2.29178
v 1.743308 -25.18512 1.363291
v 1.595971 -25.560989 0.408623
v 0.849155 -24.464249 2.444939
v 0.678188 -24.400919 2.494409
v 0.882417 -25.727211 -0.014281
v 1.681465 -25.061338 1.605579
v 1.713265 -25.48584 0.597602
v 1.086439 -25.70627 0.014256
v 1.575823 -24.92672 1.840424
v 1.79479 -25.39786 0.811258
v 1.282616 -25.671459 0.084947
v 1.42807 -24.78187 2.060283
v 1.836567 -25.29747 1.043009
v 1.463536 -25.622961 0.195809
v 1.241173 -24.62747 2.258008
v 1.835812 -25.18512 1.285671
v 1.62224 -25.560989 0.343607
v 1.019289 -24.464249 2.427058
v 0.880923 -25.727211 -0.028493
v 1.791021 -25.061338 1.531683
v 1.75243 -25.48584 0.523943
v 0.767645 -24.292961 2.561697
v 0.678188 -24.148401 2.645764
v 0.678188 -24.27652 2.573186
v 1.086439 -25.70627 -0.014256
v 1.702018 -24.92672 1.773325
v 1.84866 -25.39786 0.731392
v 1.287069 -25.671459 0.042577
v 1.569962 -24.78187 2.002956
v 1.906501 -25.29747 0.959663
v 1.475282 -25.622961 0.140549
v 1.397312 -24.62747 2.213236
v 1.922676 -25.18512 1.201787
v 1.643909 -25.560989 0.276916
v 1.187761 -24.464249 2.397352
v 0.878442 -25.727211 -0.042565
v 1.895155 -25.061338 1.450324
v 1.786361 -25.48584 0.447731
v 0.946122 -24.292961 2.549217
v 1.08445 -25.70627 -0.0427
v 1.823225 -24.92672 1.697587
v 1.896828 -25.39786 0.647962
v 1.288556 -25.671459 0.0
v 1.707508 -24.78187 1.93587
v 1.970452 -25.29747 0.871643
v 1.483145 -25.622961 0.084604
v 1.549948 -24.62747 2.157681
v 2.003477 -25.18512 1.112049
v 1.660873 -25.560989 0.208876
v 1.35375 -24.464249 2.355966
v 0.874985 -25.727211 -0.05643
v 1.99336 -25.061338 1.3619
v 1.814894 -25.48584 0.369338
v 1.123293 -24.292961 2.524317
v 1.080482 -25.70627 -0.070935
v 1.938853 -24.92672 1.613578
v 1.939059 -25.39786 0.561376
v 0.863995 -24.114401 2.657167
v 0.678188 -24.01687 2.711968
v 1.287069 -25.671459 -0.042577
v 1.84004 -24.78187 1.859352
v 2.028107 -25.29747 0.779376
v 1.487085 -25.622961 0.028247
v 1.698337 -24.62747 2.091614
v 2.077821 -25.18512 1.016893
v 1.67305 -25.560989 0.139819
v 1.516449 -24.464249 2.303102
v 0.870569 -25.727211 -0.070021
v 2.085157 -25.061338 1.266841
v 1.837889 -25.48584 0.289146
v 1.298297 -24.292961 2.487118
v 1.074554 -25.70627 -0.098825
v 2.04834 -24.92672 1.521708
v 1.975147 -25.39786 0.472055
v 1.048898 -24.114401 2.637733
v 1.282616 -25.671459 -0.084947
v 1.966912 -24.78187 1.773776
v 2.079185 -25.29747 0.683312
v 0.774219 -23.929409 2.749958
v 0.678188 -23.882261 2.771639
v 1.487085 -25.622961 -0.028247
v 1.841755 -24.62747 2.015357
v 2.145346 -25.18512 0.916782
v 1.68038 -25.560989 0.07008
v 1.675063 -24.464249 2.239017
v 0.865216 -25.727211 -0.08327
v 2.1701 -25.061338 1.16561
v 1.855234 -25.48584 0.207545
v 1.470279 -24.292961 2.437804
v 1.066695 -25.70627 -0.126233
v 2.151151 -24.92672 1.422424
v 2.004917 -25.39786 0.380433
v 1.231993 -24.114401 2.605448
v 1.275218 -25.671459 -0.126903
v 2.087505 -24.78187 1.679559
v 2.123438 -25.29747 0.583919
v 0.965812 -23.929409 2.73656
v 1.483145 -25.622961 -0.084604
v 1.979505 -24.62747 1.929281
v 2.205724 -25.18512 0.812205
v 1.682827 -25.560989 0.0
v 1.828821 -24.464249 2.164025
v 0.858952 -25.727211 -0.096114
v 2.247775 -25.061338 1.0587
v 1.866844 -25.48584 0.124933
v 1.638402 -24.292961 2.376612
v 1.056943 -25.70627 -0.153027
v 2.246786 -24.92672 1.31621
v 2.028223 -25.39786 0.286959
v 1.412391 -24.114401 2.56047
v 1.264912 -25.671459 -0.16824
v 2.201232 -24.78187 1.577158
v 2.160649 -25.29747 0.481681
v 1.156004 -23.929409 2.70983
v 1.475282 -25.622961 -0.140549
v 2.110915 -24.62747 1.833807
v 2.258659 -25.18512 0.703671
v 0.875375 -23.73885 2.819897
v 0.678188 -23.605061 2.870821
v 0.678188 -23.744879 2.824632
v 1.68038 -25.560989 -0.07008
v 1.976972 -24.464249 2.078489
v 0.851807 -25.727211 -0.108489
v 2.317803 -25.061338 0.946632
v 1.872663 -25.48584 0.041712
v 1.801847 -24.292961 2.303841
v 1.045346 -25.70627 -0.179075
v 2.33478 -24.92672 1.203584
v 2.044951 -25.39786 0.192086
v 1.589212 -24.114401 2.503018
v 1.251747 -25.671459 -0.208758
v 2.307539 -24.78187 1.467074
v 2.190639 -25.29747 0.377096
v 1.343869 -23.929409 2.669899
v 1.463536 -25.622961 -0.195809
v 2.235345 -24.62747 1.729398
v 2.303895 -25.18512 0.591709
v 1.0716 -23.73885 2.799273
v 1.67305 -25.560989 -0.139819
v 2.118797 -24.464249 1.982828
v 0.843816 -25.727211 -0.120336
v 2.379843 -25.061338 0.829952
v 0.779004 -23.5436 2.886992
v 0.678188 -23.46315 2.910094
v 1.872663 -25.48584 -0.041712
v 1.959817 -24.292961 2.219847
v 1.03196 -25.70627 -0.20425
v 2.414702 -24.92672 1.085094
v 2.055021 -25.39786 0.096278
v 1.761595 -24.114401 2.433371
v 1.235787 -25.671459 -0.248259
v 2.405908 -24.78187 1.349843
v 2.213259 -25.29747 0.270674
v 1.52849 -23.929409 2.616959
v 1.447964 -25.622961 -0.250115
v 2.352188 -24.62747 1.616563
v 2.34121 -25.18512 0.476864
v 1.265909 -23.73885 2.765011
v 1.660873 -25.560989 -0.208876
v 2.253603 -24.464249 1.877506
v 0.835018 -25.727211 -0.131596
v 2.433592 -25.061338 0.709229
v 0.980145 -23.5436 2.872927
v 1.866844 -25.48584 -0.124933
v 2.111544 -24.292961 2.125037
v 1.01685 -25.70627 -0.22843
v 2.486164 -24.92672 0.961318
v 2.058383 -25.39786 0.0
v 1.928699 -24.114401 2.351868
v 1.217111 -25.671459 -0.28655
v 2.49586 -24.78187 1.226035
v 2.228401 -25.29747 0.162934
v 1.708968 -23.929409 2.55127
v 1.428642 -25.622961 -0.303203
v 2.460876 -24.62747 1.495853
v 2.370424 -25.18512 0.359696
v 1.457355 -23.73885 2.717278
v 1.643909 -25.560989 -0.276916
v 2.380733 -24.464249 1.763037
v 0.825457 -25.727211 -0.142216
v 2.478789 -25.061338 0.585051
v 1.179815 -23.5436 2.844865
v 1.855234 -25.48584 -0.207545
v 2.256288 -24.292961 2.019875
v 1.000091 -25.70627 -0.251498
v 2.548818 -24.92672 0.832858
v 0.883081 -23.34458 2.930097
v 0.678188 -23.1744 2.96753
v 0.678188 -23.319479 2.942356
v 2.055021 -25.39786 -0.096278
v 2.089711 -24.114401 2.258908
v 1.19581 -25.671459 -0.323446
v 2.576956 -24.78187 1.096254
v 2.235991 -25.29747 0.0544
v 1.884425 -23.929409 2.473152
v 1.405663 -25.622961 -0.354813
v 2.560879 -24.62747 1.367855
v 2.391392 -25.18512 0.240775
v 1.645005 -23.73885 2.656307
v 1.62224 -25.560989 -0.343607
v 2.499569 -24.464249 1.639979
v 0.815178 -25.727211 -0.152142
v 2.515214 -25.061338 0.458022
v 1.377041 -23.5436 2.802943
v 1.837889 -25.48584 -0.289146
v 2.393343 -24.292961 1.904872
v 0.981763 -25.70627 -0.27334
v 2.602359 -24.92672 0.700341
v 1.086975 -23.34458 2.908667
v 2.044951 -25.39786 -0.192086
v 2.243846 -24.114401 2.154943
v 1.171986 -25.671459 -0.358765
v 2.648801 -24.78187 0.961132
v 0.781912 -23.14271 2.970247
v 0.678188 -23.028259 2.985554
v 2.235991 -25.29747 -0.0544
v 2.054005 -23.929409 2.382985
v 1.379141 -25.622961 -0.404695
v 2.65171 -24.62747 1.233193
v 2.404015 -25.18512 0.120682
v 1.827944 -23.73885 2.582395
v 1.595971 -25.560989 -0.408623
v 2.609531 -24.464249 1.508931
v 0.804231 -25.727211 -0.161327
v 2.542689 -25.061338 0.328762
v 1.570862 -23.5436 2.747366
v 1.814894 -25.48584 -0.369338
v 2.522042 -24.292961 1.780589
v 0.961956 -25.70627 -0.29385
v 2.646525 -24.92672 0.564411
v 1.288877 -23.34458 2.873066
v 2.028223 -25.39786 -0.286959
v 2.390353 -24.114401 2.040479
v 1.145757 -25.671459 -0.392337
v 2.711046 -24.78187 0.821328
v 0.988853 -23.14271 2.955777
v 2.228401 -25.29747 -0.162934
v 2.216882 -23.929409 2.281208
v 1.349203 -25.622961 -0.452605
v 2.732925 -24.62747 1.092523
v 2.408229 -25.18512 0.0
v 2.005282 -23.73885 2.495901
v 1.565232 -25.560989 -0.471649
v 2.710084 -24.464249 1.370531
v 0.79267 -25.727211 -0.169727
v 2.561081 -25.061338 0.1979
v 1.760334 -23.5436 2.678404
v 1.786361 -25.48584 -0.447731
v 2.641758 -24.292961 1.647631
v 0.940767 -25.70627 -0.312929
v 2.681101 -24.92672 0.425732
v 1.487805 -23.34458 2.823468
v 2.004917 -25.39786 -0.380433
v 2.528519 -24.114401 1.916074
v 1.11725 -25.671459 -0.423997
v 2.763387 -24.78187 0.677522
v 1.194281 -23.14271 2.926906
v 2.213259 -25.29747 -0.270674
v 2.372263 -23.929409 2.168317
v 1.315997 -25.622961 -0.49831
v 2.804131 -24.62747 0.946531
v 0.88697 -22.938929 2.985715
v 0.976892 -22.734209 2.985092
v 2.404015 -25.18512 -0.120682
v 2.176155 -23.73885 2.397248
v 1.53017 -25.560989 -0.532377
v 2.800738 -24.464249 1.225455
v 0.780552 -25.727211 -0.177299
v 2.570299 -25.061338 0.066074
v 1.944534 -23.5436 2.596393
v 1.75243 -25.48584 -0.523943
v 2.751908 -24.292961 1.506645
v 0.918298 -25.70627 -0.330483
v 2.70592 -24.92672 0.284979
v 1.682788 -23.34458 2.760114
v 1.975147 -25.39786 -0.472055
v 2.65767 -24.114401 1.782333
v 1.086604 -25.671459 -0.453592
v 2.805569 -24.78187 0.530416
v 1.397194 -23.14271 2.883775
v 2.190639 -25.29747 -0.377096
v 2.519391 -23.929409 2.044863
v 1.279683 -25.622961 -0.541588
v 2.864979 -24.62747 0.795927
v 1.094734 -22.938929 2.963879
v 1.125315 -22.734209 2.966492
v 2.391392 -25.18512 -0.240775
v 2.33973 -23.73885 2.286915
v 1.490958 -25.560989 -0.590512
v 2.881051 -24.464249 1.074408
v 0.767935 -25.727211 -0.184008
v 2.570299 -25.061338 -0.066074
v 2.122564 -23.5436 2.501733
v 1.713265 -25.48584 -0.597602
v 2.851954 -24.292961 1.35832
v 0.89466 -25.70627 -0.346428
v 2.72086 -24.92672 0.142837
v 1.872876 -23.34458 2.683313
v 1.939059 -25.39786 -0.561376
v 2.777178 -24.114401 1.63991
v 1.053968 -25.671459 -0.480977
v 2.837387 -24.78187 0.380725
v 1.596605 -23.14271 2.826595
v 2.160649 -25.29747 -0.481681
v 2.657548 -23.929409 1.911445
v 1.240438 -25.622961 -0.582227
v 2.915173 -24.62747 0.641445
v 1.300469 -22.938929 2.927602
v 1.272627 -22.734209 2.940517
v 1.41846 -22.734209 2.907232
v 2.370424 -25.18512 -0.359696
v 2.495209 -23.73885 2.165441
v 1.447786 -25.560989 -0.645769
v 2.950632 -24.464249 0.918127
v 0.75488 -25.727211 -0.18982
v 2.561081 -25.061338 -0.1979
v 2.293558 -23.5436 2.394884
v 1.669057 -25.48584 -0.668349
v 2.941411 -24.292961 1.203377
v 0.869967 -25.70627 -0.360684
v 2.725848 -24.92672 0.0
v 2.057145 -23.34458 2.59344
v 1.896828 -25.39786 -0.647962
v 2.886459 -24.114401 1.489497
v 1.019502 -25.671459 -0.506018
v 2.858685 -24.78187 0.22918
v 1.791541 -23.14271 2.755644
v 2.123438 -25.29747 -0.583919
v 2.786062 -23.929409 1.768716
v 1.198454 -25.622961 -0.620029
v 2.954469 -24.62747 0.483838
v 1.503173 -22.938929 2.877062
v 1.562454 -22.734209 2.866719
v 2.34121 -25.18512 -0.476864
v 2.641837 -23.73885 2.033417
v 1.400865 -25.560989 -0.697881
v 3.009142 -24.464249 0.757373
v 0.741453 -25.727211 -0.194707
v 2.542689 -25.061338 -0.328762
v 2.456681 -23.5436 2.276367
v 1.620021 -25.48584 -0.735841
v 3.019841 -24.292961 1.042571
v 0.84434 -25.70627 -0.373183
v 2.72086 -24.92672 -0.142837
v 2.234695 -23.34458 2.490931
v 1.84866 -25.39786 -0.731392
v 2.984982 -24.114401 1.331828
v 0.983372 -25.671459 -0.528594
v 2.86936 -24.78187 0.076517
v 1.981053 -23.14271 2.671268
v 2.079185 -25.29747 -0.683312
v 2.904307 -23.929409 1.61737
v 1.153936 -25.622961 -0.65481
v 2.982675 -24.62747 0.323874
v 1.701857 -22.938929 2.812506
v 1.704249 -22.734209 2.819078
v 1.843493 -22.734209 2.764429
v 2.303895 -25.18512 -0.591709
v 2.778897 -23.73885 1.891487
v 1.350423 -25.560989 -0.746592
v 3.056295 -24.464249 0.592929
v 0.727716 -25.727211 -0.198646
v 2.515214 -25.061338 -0.458022
v 2.61114 -23.5436 2.146761
v 1.566397 -25.48584 -0.799747
v 3.086863 -24.292961 0.876686
v 0.817904 -25.70627 -0.383864
v 2.70592 -24.92672 -0.284979
v 2.404662 -23.34458 2.376287
v 1.79479 -25.39786 -0.811258
v 3.072266 -24.114401 1.16767
v 0.945756 -25.671459 -0.548595
v 2.86936 -24.78187 -0.076517
v 2.164217 -23.14271 2.573878
v 2.028107 -25.29747 -0.779376
v 3.011706 -23.929409 1.458144
v 1.1071 -25.622961 -0.686402
v 2.999653 -24.62747 0.162333
v 1.895554 -22.938929 2.734247
v 1.979839 -22.734209 2.702907
v 2.258659 -25.18512 -0.703671
v 2.905724 -23.73885 1.740341
v 1.296706 -25.560989 -0.791666
v 3.091863 -24.464249 0.425596
v 0.713739 -25.727211 -0.201617
v 2.478789 -25.061338 -0.585051
v 2.756182 -23.5436 2.006696
v 1.508446 -25.48584 -0.859757
v 3.14215 -24.292961 0.70653
v 0.790786 -25.70627 -0.392675
v 2.681101 -24.92672 -0.425732
v 2.566218 -23.34458 2.250066
v 1.735479 -25.39786 -0.887172
v 3.147887 -24.114401 0.997823
v 0.906836 -25.671459 -0.565923
v 2.858685 -24.78187 -0.22918
v 2.340142 -23.14271 2.463948
v 1.970452 -25.29747 -0.871643
v 3.107737 -23.929409 1.291814
v 1.058174 -25.622961 -0.714649
v 3.005322 -24.62747 0.0
v 2.08332 -22.938929 2.642668
v 2.11295 -22.734209 2.634665
v 2.242494 -22.734209 2.559873
v 2.205724 -25.18512 -0.812205
v 3.021697 -23.73885 1.580717
v 1.239975 -25.560989 -0.832883
v 3.115672 -24.464249 0.25619
v 0.699588 -25.727211 -0.203606
v 2.433592 -25.061338 -0.709229
v 2.891101 -23.5436 1.856854
v 1.44645 -25.48584 -0.915579
v 3.185433 -24.292961 0.532931
v 0.76312 -25.70627 -0.399573
v 2.646525 -24.92672 -0.564411
v 2.718575 -23.34458 2.112882
v 1.671018 -25.39786 -0.958764
v 3.211475 -24.114401 0.823115
v 0.866802 -25.671459 -0.580495
v 2.837387 -24.78187 -0.380725
v 2.50797 -23.14271 2.342014
v 1.906501 -25.29747 -0.959663
v 3.191931 -23.929409 1.11919
v 1.007397 -25.622961 -0.739415
v 2.999653 -24.62747 -0.162333
v 2.26424 -22.938929 2.538213
v 2.368148 -22.734209 2.478716
v 2.145346 -25.18512 -0.916782
v 3.126254 -23.73885 1.413391
v 1.180508 -25.560989 -0.870043
v 3.127605 -24.464249 0.085536
v 0.685333 -25.727211 -0.204603
v 2.379843 -25.061338 -0.829952
v 3.015238 -23.5436 1.697966
v 1.380711 -25.48584 -0.96694
v 3.216501 -24.292961 0.356737
v 0.73504 -25.70627 -0.404524
v 2.602359 -24.92672 -0.700341
v 2.860992 -23.34458 1.965405
v 1.601719 -25.39786 -1.025685
v 3.262722 -24.114401 0.644397
v 0.82585 -25.671459 -0.592238
v 2.805569 -24.78187 -0.530416
v 2.666883 -23.14271 2.208669
v 1.836567 -25.29747 -1.043009
v 3.263878 -23.929409 0.941114
v 0.955016 -25.622961 -0.760578
v 2.982675 -24.62747 -0.323874
v 2.437433 -22.938929 2.421393
v 2.489601 -22.734209 2.391397
v 2.077821 -25.18512 -1.016893
v 3.218884 -23.73885 1.23918
v 1.118593 -25.560989 -0.902963
v 3.127605 -24.464249 -0.085536
v 0.671043 -25.727211 -0.204603
v 2.317803 -25.061338 -0.946632
v 3.127989 -23.5436 1.530805
v 1.31155 -25.48584 -1.01359
v 3.235203 -24.292961 0.178804
v 0.706684 -25.70627 -0.407505
v 2.548818 -24.92672 -0.832858
v 2.992775 -23.34458 1.808353
v 1.527921 -25.39786 -1.087609
v 3.301377 -24.114401 0.462539
v 0.784177 -25.671459 -0.601095
v 2.763387 -24.78187 -0.677522
v 2.816108 -23.14271 2.064565
v 1.760988 -25.29747 -1.121272
v 3.323229 -23.929409 0.758453
v 0.901286 -25.622961 -0.778036
v 2.954469 -24.62747 -0.483838
v 2.602056 -22.938929 2.292776
v 2.606551 -22.734209 2.298133
v 2.718706 -22.734209 2.199156
v 2.003477 -25.18512 -1.112049
v 3.299136 -23.73885 1.058931
v 1.054533 -25.560989 -0.931485
v 3.115672 -24.464249 -0.25619
v 0.656788 -25.727211 -0.203606
v 2.247775 -25.061338 -1.0587
v 3.228805 -23.5436 1.356187
v 1.239302 -25.48584 -1.055302
v 3.241446 -24.292961 0.0
v 0.678188 -25.70627 -0.4085
v 2.486164 -24.92672 -0.961318
v 3.113281 -23.34458 1.642491
v 1.449984 -25.39786 -1.144234
v 3.327252 -24.114401 0.278428
v 0.741989 -25.671459 -0.607024
v 2.711046 -24.78187 -0.821328
v 2.954917 -23.14271 1.910402
v 1.680135 -25.29747 -1.194073
v 3.369692 -23.929409 0.572097
v 0.84647 -25.622961 -0.791703
v 2.915173 -24.62747 -0.641445
v 2.757305 -22.938929 2.152989
v 2.825789 -22.734209 2.09471
v 1.922676 -25.18512 -1.201787
v 3.366618 -23.73885 0.873524
v 0.988639 -25.560989 -0.955468
v 3.091863 -24.464249 -0.425596
v 0.642638 -25.727211 -0.201617
v 2.1701 -25.061338 -1.16561
v 3.317194 -23.5436 1.174961
v 1.164321 -25.48584 -1.091873
v 3.235203 -24.292961 -0.178804
v 0.649693 -25.70627 -0.407505
v 2.414702 -24.92672 -1.085094
v 3.221923 -23.34458 1.468626
v 1.368286 -25.39786 -1.195284
v 3.340221 -24.114401 0.09296
v 0.69949 -25.671459 -0.609996
v 2.648801 -24.78187 -0.961132
v 3.082633 -23.14271 1.746932
v 1.5944 -25.29747 -1.261057
v 3.403044 -23.929409 0.382953
v 0.790834 -25.622961 -0.801513
v 2.864979 -24.62747 -0.795927
v 2.902425 -22.938929 2.002712
v 2.927532 -22.734209 1.985057
v 1.835812 -25.18512 -1.285671
v 3.421004 -23.73885 0.683861
v 0.921232 -25.560989 -0.974797
v 3.056295 -24.464249 -0.592929
v 0.62866 -25.727211 -0.198646
v 2.085157 -25.061338 -1.266841
v 3.392727 -23.5436 0.988011
v 1.086972 -25.48584 -1.123124
v 3.216501 -24.292961 -0.356737
v 0.621336 -25.70627 -0.404524
v 2.33478 -24.92672 -1.203584
v 3.318173 -23.34458 1.287607
v 1.283226 -25.39786 -1.240511
v 3.340221 -24.114401 -0.09296
v 0.656887 -25.671459 -0.609996
v 2.576956 -24.78187 -1.096254
v 3.198636 -23.14271 1.574951
v 1.504201 -25.29747 -1.321897
v 3.423119 -23.929409 0.191944
v 0.734648 -25.622961 -0.807419
v 2.804131 -24.62747 -0.946531
v 3.036709 -22.938929 1.842679
v 3.023683 -22.734209 1.870469
v 3.114002 -22.734209 1.751231
v 1.743308 -25.18512 -1.363291
v 3.462026 -23.73885 0.490866
v 0.852642 -25.560989 -0.989376
v 3.009142 -24.464249 -0.757373
v 0.614924 -25.727211 -0.194707
v 1.99336 -25.061338 -1.3619
v 3.455035 -23.5436 0.796248
v 1.007631 -25.48584 -1.148903
v 3.185433 -24.292961 -0.532931
v 0.593256 -25.70627 -0.399573
v 2.246786 -24.92672 -1.31621
v 3.401561 -23.34458 1.100314
v 1.195218 -25.39786 -1.279695
v 3.327252 -24.114401 -0.278428
v 0.614387 -25.671459 -0.607024
v 2.49586 -24.78187 -1.226035
v 3.30236 -23.14271 1.395297
v 1.409978 -25.29747 -1.376296
v 3.429822 -23.929409 0.0
v 0.678188 -25.622961 -0.80939
v 2.732925 -24.62747 -1.092523
v 3.159503 -22.938929 1.673668
v 3.198266 -22.734209 1.627639
v 1.645615 -25.18512 -1.434269
v 3.489486 -23.73885 0.295479
v 0.783202 -25.560989 -0.999135
v 2.950632 -24.464249 -0.918127
v 0.601496 -25.727211 -0.18982
v 1.895155 -25.061338 -1.450324
v 3.503814 -23.5436 0.600605
v 0.926685 -25.48584 -1.169085
v 3.14215 -24.292961 -0.70653
v 0.56559 -25.70627 -0.392675
v 2.151151 -24.92672 -1.422424
v 3.471681 -23.34458 0.907661
v 1.104692 -25.39786 -1.312644
v 3.301377 -24.114401 -0.462539
v 0.572199 -25.671459 -0.601095
v 2.405908 -24.78187 -1.349843
v 3.393298 -23.14271 1.208845
v 1.31219 -25.29747 -1.423991
v 3.423119 -23.929409 -0.191944
v 0.621728 -25.622961 -0.807419
v 2.65171 -24.62747 -1.233193
v 3.270208 -22.938929 1.496503
v 3.276264 -22.734209 1.5
v 3.347804 -22.734209 1.368632
v 1.543209 -25.18512 -1.498259
v 3.503249 -23.73885 0.098653
v 0.71325 -25.560989 -1.004027
v 2.881051 -24.464249 -1.074408
v 0.588442 -25.727211 -0.184008
v 1.791021 -25.061338 -1.531683
v 3.538827 -23.5436 0.402036
v 0.844528 -25.48584 -1.183572
v 3.086863 -24.292961 -0.876686
v 0.538473 -25.70627 -0.383864
v 2.04834 -24.92672 -1.521708
v 3.528192 -23.34458 0.710586
v 1.012088 -25.39786 -1.339197
v 3.262722 -24.114401 -0.644397
v 0.530527 -25.671459 -0.592238
v 2.307539 -24.78187 -1.467074
v 3.471009 -23.14271 1.016504
v 1.211313 -25.29747 -1.464748
v 3.403044 -23.929409 -0.382953
v 0.565543 -25.622961 -0.801513
v 2.560879 -24.62747 -1.367855
v 3.368284 -22.938929 1.312048
v 3.412706 -22.734209 1.233861
v 1.436588 -25.18512 -1.55495
v 3.503249 -23.73885 -0.098653
v 0.643127 -25.560989 -1.004027
v 2.800738 -24.464249 -1.225455
v 0.575825 -25.727211 -0.177299
v 1.681465 -25.061338 -1.605579
v 3.559903 -23.5436 0.201509
v 0.761561 -25.48584 -1.192292
v 3.019841 -24.292961 -1.042571
v 0.512036 -25.70627 -0.373183
v 1.938853 -24.92672 -1.613578
v 3.570817 -23.34458 0.510049
v 0.917857 -25.39786 -1.359227
v 3.211475 -24.114401 -0.823115
v 0.489574 -25.671459 -0.580495
v 2.201232 -24.78187 -1.577158
v 3.535114 -23.14271 0.81921
v 1.107839 -25.29747 -1.498369
v 3.369692 -23.929409 -0.572097
v 0.509907 -25.622961 -0.791703
v 2.460876 -24.62747 -1.495853
v 3.453255 -22.938929 1.1212
v 3.470809 -22.734209 1.096023
v 1.326273 -25.18512 -1.604066
v 3.489486 -23.73885 -0.295479
v 0.573175 -25.560989 -0.999135
v 2.710084 -24.464249 -1.370531
v 0.563706 -25.727211 -0.169727
v 1.567022 -25.061338 -1.671653
v 3.56694 -23.5436 0.0
v 0.678188 -25.48584 -1.195203
v 2.941411 -24.292961 -1.203377
v 0.486409 -25.70627 -0.360684
v 1.823225 -24.92672 -1.697587
v 3.59935 -23.34458 0.307027
v 0.822458 -25.39786 -1.372634
v 3.147887 -24.114401 -0.997823
v 0.44954 -25.671459 -0.565923
v 2.087505 -24.78187 -1.679559
v 3.585299 -23.14271 0.617926
v 1.002271 -25.29747 -1.524689
v 3.323229 -23.929409 -0.758453
v 0.45509 -25.622961 -0.778036
v 2.352188 -24.62747 -1.616563
v 3.524706 -22.938929 0.92489
v 3.52197 -22.734209 0.95546
v 3.566061 -22.734209 0.812521
v 1.2128 -25.18512 -1.645367
v 3.462026 -23.73885 -0.490866
v 0.503735 -25.560989 -0.989376
v 2.609531 -24.464249 -1.508931
v 0.552146 -25.727211 -0.161327
v 1.448248 -25.061338 -1.729583
v 3.559903 -23.5436 -0.201509
v 0.594815 -25.48584 -1.192292
v 2.851954 -24.292961 -1.35832
v 0.461716 -25.70627 -0.346428
v 1.702018 -24.92672 -1.773325
v 3.613651 -23.34458 0.102509
v 0.726356 -25.39786 -1.379354
v 3.072266 -24.114401 -1.16767
v 0.410621 -25.671459 -0.548595
v 1.966912 -24.78187 -1.773776
v 3.621322 -23.14271 0.413631
v 0.895125 -25.29747 -1.543582
v 3.263878 -23.929409 -0.941114
v 0.401361 -25.622961 -0.760578
v 2.235345 -24.62747 -1.729398
v 3.582289 -22.938929 0.724074
v 3.602972 -22.734209 0.667563
v 1.096723 -25.18512 -1.678651
v 3.421004 -23.73885 -0.683861
v 0.435144 -25.560989 -0.974797
v 2.499569 -24.464249 -1.639979
v 0.541199 -25.727211 -0.152142
v 1.325723 -25.061338 -1.779086
v 3.538827 -23.5436 -0.402036
v 0.511848 -25.48584 -1.183572
v 2.751908 -24.292961 -1.506645
v 0.438078 -25.70627 -0.330483
v 1.575823 -24.92672 -1.840424
v 3.613651 -23.34458 -0.102509
v 0.63002 -25.39786 -1.379354
v 2.984982 -24.114401 -1.331828
v 0.373004 -25.671459 -0.528594
v 1.84004 -24.78187 -1.859352
v 3.643006 -23.14271 0.20732
v 0.786921 -25.29747 -1.554955
v 3.191931 -23.929409 -1.11919
v 0.34898 -25.622961 -0.739415
v 2.110915 -24.62747 -1.833807
v 3.625724 -22.938929 0.51973
v 3.632612 -22.734209 0.520944
v 3.654906 -22.734209 0.373031
v 0.978607 -25.18512 -1.703758
v 3.366618 -23.73885 -0.873524
v 0.367738 -25.560989 -0.955468
v 2.380733 -24.464249 -1.763037
v 0.53092 -25.727211 -0.142216
v 1.200042 -25.061338 -1.819922
v 3.503814 -23.5436 -0.600605
v 0.429692 -25.48584 -1.169085
v 2.641758 -24.292961 -1.647631
v 0.41561 -25.70627 -0.312929
v 1.445255 -24.92672 -1.898557
v 3.59935 -23.34458 -0.307027
v 0.533919 -25.39786 -1.372634
v 2.886459 -24.114401 -1.489497
v 0.336875 -25.671459 -0.506018
v 1.707508 -24.78187 -1.93587
v 3.650246 -23.14271 0.0
v 0.678188 -25.29747 -1.558752
v 3.107737 -23.929409 -1.291814
v 0.298203 -25.622961 -0.714649
v 1.979505 -24.62747 -1.929281
v 3.654799 -22.938929 0.312854
v 3.6698 -22.734209 0.22419
v 0.859027 -25.18512 -1.720564
v 3.299136 -23.73885 -1.058931
v 0.301844 -25.560989 -0.931485
v 2.253603 -24.464249 -1.877506
v 0.521358 -25.727211 -0.131596
v 1.07182 -25.061338 -1.851892
v 3.455035 -23.5436 -0.796248
v 0.348746 -25.48584 -1.148903
v 2.522042 -24.292961 -1.780589
v 0.39442 -25.70627 -0.29385
v 1.31095 -24.92672 -1.94744
v 3.570817 -23.34458 -0.510049
v 0.43852 -25.39786 -1.359227
v 2.777178 -24.114401 -1.63991
v 0.302408 -25.671459 -0.480977
v 1.569962 -24.78187 -2.002956
v 3.643006 -23.14271 -0.20732
v 0.569455 -25.29747 -1.554955
v 3.011706 -23.929409 -1.458144
v 0.249277 -25.622961 -0.686402
v 1.841755 -24.62747 -2.015357
v 3.669371 -22.938929 0.104454
v 3.677256 -22.734209 0.074792
v 0.738566 -25.18512 -1.728987
v 3.218884 -23.73885 -1.23918
v 0.237784 -25.560989 -0.902963
v 2.118797 -24.464249 -1.982828
v 0.51256 -25.727211 -0.120336
v 0.94168 -25.061338 -1.874839
v 3.392727 -23.5436 -0.988011
v 0.269405 -25.48584 -1.123124
v 2.393343 -24.292961 -1.904872
v 0.374614 -25.70627 -0.27334
v 1.173562 -24.92672 -1.986835
v 3.528192 -23.34458 -0.710586
v 0.344289 -25.39786 -1.339197
v 2.65767 -24.114401 -1.782333
v 0.269772 -25.671459 -0.453592
v 1.42807 -24.78187 -2.060283
v 3.621322 -23.14271 -0.413631
v 0.461252 -25.29747 -1.543582
v 2.904307 -23.929409 -1.61737
v 0.202441 -25.622961 -0.65481
v 1.698337 -24.62747 -2.091614
v 3.669371 -22.938929 -0.104454
v 3.677256 -22.734209 -0.074792
v 3.6698 -22.734209 -0.22419
v 0.617811 -25.18512 -1.728987
v 3.126254 -23.73885 -1.413391
v 0.175869 -25.560989 -0.870043
v 1.976972 -24.464249 -2.078489
v 0.50457 -25.727211 -0.108489
v 0.810256 -25.061338 -1.888652
v 3.317194 -23.5436 -1.174961
v 0.192055 -25.48584 -1.091873
v 2.256288 -24.292961 -2.019875
v 0.356286 -25.70627 -0.251498
v 1.033761 -24.92672 -2.016551
v 3.471681 -23.34458 -0.907661
v 0.251685 -25.39786 -1.312644
v 2.528519 -24.114401 -1.916074
v 0.239126 -25.671459 -0.423997
v 1.282525 -24.78187 -2.107574
v 3.585299 -23.14271 -0.617926
v 0.354106 -25.29747 -1.524689
v 2.786062 -23.929409 -1.768716
v 0.157922 -25.622961 -0.620029
v 1.549948 -24.62747 -2.157681
v 3.654799 -22.938929 -0.312854
v 3.654906 -22.734209 -0.373031
v 0.49735 -25.18512 -1.720564
v 3.021697 -23.73885 -1.580717
v 0.116401 -25.560989 -0.832883
v 1.828821 -24.464249 -2.164025
v 0.497425 -25.727211 -0.096114
v 0.678188 -25.061338 -1.893264
v 3.228805 -23.5436 -1.356187
v 0.117074 -25.48584 -1.055302
v 2.111544 -24.292961 -2.125037
v 0.339526 -25.70627 -0.22843
v 0.892227 -24.92672 -2.036442
v 3.401561 -23.34458 -1.100314
v 0.161158 -25.39786 -1.279695
v 2.390353 -24.114401 -2.040479
v 0.210619 -25.671459 -0.392337
v 1.134036 -24.78187 -2.144596
v 3.535114 -23.14271 -0.81921
v 0.248538 -25.29747 -1.498369
v 2.657548 -23.929409 -1.911445
v 0.115938 -25.622961 -0.582227
v 1.397312 -24.62747 -2.213236
v 3.625724 -22.938929 -0.51973
v 3.632612 -22.734209 -0.520944
v 3.602972 -22.734209 -0.667563
v 0.37777 -25.18512 -1.703758
v 2.905724 -23.73885 -1.740341
v 0.059671 -25.560989 -0.791666
v 1.675063 -24.464249 -2.239017
v 0.491161 -25.727211 -0.08327
v 0.546121 -25.061338 -1.888652
v 3.127989 -23.5436 -1.530805
v 0.044827 -25.48584 -1.01359
v 1.959817 -24.292961 -2.219847
v 0.324417 -25.70627 -0.20425
v 0.749651 -24.92672 -2.046412
v 3.318173 -23.34458 -1.287607
v 0.073151 -25.39786 -1.240511
v 2.243846 -24.114401 -2.154943
v 0.18439 -25.671459 -0.358765
v 0.983326 -24.78187 -2.17117
v 3.471009 -23.14271 -1.016504
v 0.145064 -25.29747 -1.464748
v 2.519391 -23.929409 -2.044863
v 0.076694 -25.622961 -0.541588
v 1.241173 -24.62747 -2.258008
v 3.582289 -22.938929 -0.724074
v 3.566061 -22.734209 -0.812521
v 0.259653 -25.18512 -1.678651
v 2.778897 -23.73885 -1.891487
v 0.005954 -25.560989 -0.746592
v 1.516449 -24.464249 -2.303102
v 0.485808 -25.727211 -0.070021
v 0.414697 -25.061338 -1.874839
v 3.015238 -23.5436 -1.697966
v -0.024335 -25.48584 -0.96694
v 1.801847 -24.292961 -2.303841
v 0.311031 -25.70627 -0.179075
v 0.606726 -24.92672 -2.046412
v 3.221923 -23.34458 -1.468626
v -0.011909 -25.39786 -1.195284
v 2.089711 -24.114401 -2.258908
v 0.160567 -25.671459 -0.323446
v 0.83113 -24.78187 -2.187167
v 3.393298 -23.14271 -1.208845
v 0.044187 -25.29747 -1.423991
v 2.372263 -23.929409 -2.168317
v 0.04038 -25.622961 -0.49831
v 1.082291 -24.62747 -2.29178
v 3.524706 -22.938929 -0.92489
v 3.52197 -22.734209 -0.95546
v 0.143576 -25.18512 -1.645367
v 2.641837 -23.73885 -2.033417
v -0.044488 -25.560989 -0.697881
v 1.35375 -24.464249 -2.355966
v 0.481392 -25.727211 -0.05643
v 0.284557 -25.061338 -1.851892
v 2.891101 -23.5436 -1.856854
v -0.090074 -25.48584 -0.915579
v 1.638402 -24.292961 -2.376612
v 0.299434 -25.70627 -0.153027
v 0.46415 -24.92672 -2.036442
v 3.113281 -23.34458 -1.642491
v -0.093607 -25.39786 -1.144234
v 1.928699 -24.114401 -2.351868
v 0.139265 -25.671459 -0.28655
v 0.678188 -24.78187 -2.192508
v 3.30236 -23.14271 -1.395297
v -0.053601 -25.29747 -1.376296
v 2.216882 -23.929409 -2.281208
v 0.007173 -25.622961 -0.452605
v 0.92144 -24.62747 -2.314386
v 3.453255 -22.938929 -1.1212
v 3.470809 -22.734209 -1.096023
v 3.412706 -22.734209 -1.233861
v 0.030103 -25.18512 -1.604066
v 2.495209 -23.73885 -2.165441
v -0.09141 -25.560989 -0.645769
v 1.187761 -24.464249 -2.397352
v 0.477935 -25.727211 -0.042565
v 0.156334 -25.061338 -1.819922
v 2.756182 -23.5436 -2.006696
v -0.15207 -25.48584 -0.859757
v 1.470279 -24.292961 -2.437804
v 0.289682 -25.70627 -0.126233
v 0.322616 -24.92672 -2.016551
v 2.992775 -23.34458 -1.808353
v -0.171545 -25.39786 -1.087609
v 1.761595 -24.114401 -2.433371
v 0.120589 -25.671459 -0.248259
v 0.525247 -24.78187 -2.187167
v 3.198636 -23.14271 -1.574951
v -0.147824 -25.29747 -1.321897
v 2.054005 -23.929409 -2.382985
v -0.022764 -25.622961 -0.404695
v 0.759404 -24.62747 -2.325716
v 3.368284 -22.938929 -1.312048
v 3.347804 -22.734209 -1.368632
v -0.080212 -25.18512 -1.55495
v 2.33973 -23.73885 -2.286915
v -0.134582 -25.560989 -0.590512
v 1.019289 -24.464249 -2.427058
v 0.475453 -25.727211 -0.028493
v 0.030654 -25.061338 -1.779086
v 2.61114 -23.5436 -2.146761
v -0.210021 -25.48584 -0.799747
v 1.298297 -24.292961 -2.487118
v 0.281823 -25.70627 -0.098825
v 0.182815 -24.92672 -1.986835
v 2.860992 -23.34458 -1.965405
v -0.245342 -25.39786 -1.025685
v 1.589212 -24.114401 -2.503018
v 0.10463 -25.671459 -0.208758
v 0.37305 -24.78187 -2.17117
v 3.082633 -23.14271 -1.746932
v -0.238023 -25.29747 -1.261057
v 1.884425 -23.929409 -2.473152
v -0.049287 -25.622961 -0.354813
v 0.596972 -24.62747 -2.325716
v 3.270208 -22.938929 -1.496503
v 3.276264 -22.734209 -1.5
v 3.198266 -22.734209 -1.627639
v -0.186832 -25.18512 -1.498259
v 2.176155 -23.73885 -2.397248
v -0.173794 -25.560989 -0.532377
v 0.849155 -24.464249 -2.444939
v 0.47396 -25.727211 -0.014281
v -0.091872 -25.061338 -1.729583
v 2.456681 -23.5436 -2.276367
v -0.263645 -25.48584 -0.735841
v 1.123293 -24.292961 -2.524317
v 0.275894 -25.70627 -0.070935
v 0.045427 -24.92672 -1.94744
v 2.718575 -23.34458 -2.112882
v -0.314641 -25.39786 -0.958764
v 1.412391 -24.114401 -2.56047
v 0.091465 -25.671459 -0.16824
v 0.22234 -24.78187 -2.144596
v 2.954917 -23.14271 -1.910402
v -0.323758 -25.29747 -1.194073
v 1.708968 -23.929409 -2.55127
v -0.072265 -25.622961 -0.303203
v 0.434936 -24.62747 -2.314386
v 3.159503 -22.938929 -1.673668
v 3.114002 -22.734209 -1.751231
v -0.289238 -25.18512 -1.434269
v 2.005282 -23.73885 -2.495901
v -0.208855 -25.560989 -0.471649
v 0.678188 -24.464249 -2.45091
v 0.473461 -25.727211 0.0
v -0.210645 -25.061338 -1.671653
v 2.293558 -23.5436 -2.394884
v -0.31268 -25.48584 -0.668349
v 0.946122 -24.292961 -2.549217
v 0.271926 -25.70627 -0.0427
v -0.088878 -24.92672 -1.898557
v 2.566218 -23.34458 -2.250066
v -0.379103 -25.39786 -0.887172
v 1.231993 -24.114401 -2.605448
v 0.081158 -25.671459 -0.126903
v 0.073851 -24.78187 -2.107574
v 2.816108 -23.14271 -2.064565
v -0.404612 -25.29747 -1.121272
v 1.52849 -23.929409 -2.616959
v -0.091588 -25.622961 -0.250115
v 0.274086 -24.62747 -2.29178
v 3.036709 -22.938929 -1.842679
v 3.023683 -22.734209 -1.870469
v -0.386931 -25.18512 -1.363291
v 1.827944 -23.73885 -2.582395
v -0.239595 -25.560989 -0.408623
v 0.507222 -24.464249 -2.444939
v 0.47396 -25.727211 0.014281
v -0.325089 -25.061338 -1.605579
v 2.122564 -23.5436 -2.501733
v -0.356888 -25.48584 -0.597602
v 0.767645 -24.292961 -2.561697
v 0.269937 -25.70627 -0.014256
v -0.219447 -24.92672 -1.840424
v 2.404662 -23.34458 -2.376287
v -0.438413 -25.39786 -0.811258
v 1.048898 -24.114401 -2.637733
v 0.07376 -25.671459 -0.084947
v -0.071694 -24.78187 -2.060283
v 2.666883 -23.14271 -2.208669
v -0.48019 -25.29747 -1.043009
v 1.343869 -23.929409 -2.669899
v -0.10716 -25.622961 -0.195809
v 0.115204 -24.62747 -2.258008
v 2.902425 -22.938929 -2.002712
v 2.927532 -22.734209 -1.985057
v 2.825789 -22.734209 -2.09471
v -0.479435 -25.18512 -1.285671
v 1.645005 -23.73885 -2.656307
v -0.265863 -25.560989 -0.343607
v 0.337087 -24.464249 -2.427058
v 0.475453 -25.727211 0.028493
v -0.434644 -25.061338 -1.531683
v 1.944534 -23.5436 -2.596393
v -0.396053 -25.48584 -0.523943
v 0.588732 -24.292961 -2.561697
v 0.269937 -25.70627 0.014256
v -0.345642 -24.92672 -1.773325
v 2.234695 -23.34458 -2.490931
v -0.492284 -25.39786 -0.731392
v 0.863995 -24.114401 -2.657167
v 0.069307 -25.671459 -0.042577
v -0.213585 -24.78187 -2.002956
v 2.50797 -23.14271 -2.342014
v -0.550125 -25.29747 -0.959663
v 1.156004 -23.929409 -2.70983
v -0.118906 -25.622961 -0.140549
v -0.040936 -24.62747 -2.213236
v 2.757305 -22.938929 -2.152989
v 2.718706 -22.734209 -2.199156
v -0.566299 -25.18512 -1.201787
v 1.457355 -23.73885 -2.717278
v -0.287533 -25.560989 -0.276916
v 0.168616 -24.464249 -2.397352
v 0.477935 -25.727211 0.042565
v -0.538778 -25.061338 -1.450324
v 1.760334 -23.5436 -2.678404
v -0.429985 -25.48584 -0.447731
v 0.410255 -24.292961 -2.549217
v 0.271926 -25.70627 0.0427
v -0.466848 -24.92672 -1.697587
v 2.057145 -23.34458 -2.59344
v -0.540452 -25.39786 -0.647962
v 0.678188 -24.114401 -2.663656
v 0.06782 -25.671459 0.0
v -0.351132 -24.78187 -1.93587
v 2.340142 -23.14271 -2.463948
v -0.614076 -25.29747 -0.871643
v 0.965812 -23.929409 -2.73656
v -0.126768 -25.622961 -0.084604
v -0.193571 -24.62747 -2.157681
v 2.602056 -22.938929 -2.292776
v 2.606551 -22.734209 -2.298133
v 2.489601 -22.734209 -2.391397
v -0.6471 -25.18512 -1.112049
v 1.265909 -23.73885 -2.765011
v -0.304497 -25.560989 -0.208876
v 0.002626 -24.464249 -2.355966
v 0.481392 -25.727211 0.05643
v -0.636983 -25.061338 -1.3619
v 1.570862 -23.5436 -2.747366
v -0.458518 -25.48584 -0.369338
v 0.233083 -24.292961 -2.524317
v 0.275894 -25.70627 0.070935
v -0.582477 -24.92672 -1.613578
v 1.872876 -23.34458 -2.683313
v -0.582683 -25.39786 -0.561376
v 0.492381 -24.114401 -2.657167
v 0.069307 -25.671459 0.042577
v -0.483664 -24.78187 -1.859352
v 2.164217 -23.14271 -2.573878
v -0.671731 -25.29747 -0.779376
v 0.774219 -23.929409 -2.749958
v -0.130709 -25.622961 -0.028247
v -0.34196 -24.62747 -2.091614
v 2.437433 -22.938929 -2.421393
v 2.368148 -22.734209 -2.478716
v -0.721444 -25.18512 -1.016893
v 1.0716 -23.73885 -2.799273
v -0.316674 -25.560989 -0.139819
v -0.160072 -24.464249 -2.303102
v 0.485808 -25.727211 0.070021
v -0.728781 -25.061338 -1.266841
v 1.377041 -23.5436 -2.802943
v -0.481512 -25.48584 -0.289146
v 0.05808 -24.292961 -2.487118
v 0.281823 -25.70627 0.098825
v -0.691963 -24.92672 -1.521708
v 1.682788 -23.34458 -2.760114
v -0.618771 -25.39786 -0.472055
v 0.307479 -24.114401 -2.637733
v 0.07376 -25.671459 0.084947
v -0.610536 -24.78187 -1.773776
v 1.981053 -23.14271 -2.671268
v -0.722809 -25.29747 -0.683312
v 0.582158 -23.929409 -2.749958
v -0.130709 -25.622961 0.028247
v -0.485379 -24.62747 -2.015357
v 2.26424 -22.938929 -2.538213
v 2.242494 -22.734209 -2.559873
v -0.78897 -25.18512 -0.916782
v 0.875375 -23.73885 -2.819897
v -0.324003 -25.560989 -0.07008
v -0.318687 -24.464249 -2.239017
v 0.491161 -25.727211 0.08327
v -0.813724 -25.061338 -1.16561
v 1.179815 -23.5436 -2.844865
v -0.498857 -25.48584 -0.207545
v -0.113902 -24.292961 -2.437804
v 0.289682 -25.70627 0.126233
v -0.794775 -24.92672 -1.422424
v 1.487805 -23.34458 -2.823468
v -0.64854 -25.39786 -0.380433
v 0.124383 -24.114401 -2.605448
v 0.081158 -25.671459 0.126903
v -0.731129 -24.78187 -1.679559
v 1.791541 -23.14271 -2.755644
v -0.767061 -25.29747 -0.583919
v 0.390564 -23.929409 -2.73656
v -0.126768 -25.622961 0.084604
v -0.623128 -24.62747 -1.929281
v 2.08332 -22.938929 -2.642668
v 2.11295 -22.734209 -2.634665
v 1.979839 -22.734209 -2.702907
v -0.849347 -25.18512 -0.812205
v 0.678188 -23.73885 -2.826783
v -0.326451 -25.560989 0.0
v -0.472444 -24.464249 -2.164025
v 0.497425 -25.727211 0.096114
v -0.891399 -25.061338 -1.0587
v 0.980145 -23.5436 -2.872927
v -0.510468 -25.48584 -0.124933
v -0.282025 -24.292961 -2.376612
v 0.299434 -25.70627 0.153027
v -0.89041 -24.92672 -1.31621
v 1.288877 -23.34458 -2.873066
v -0.671846 -25.39786 -0.286959
v -0.056015 -24.114401 -2.56047
v 0.091465 -25.671459 0.16824
v -0.844856 -24.78187 -1.577158
v 1.596605 -23.14271 -2.826595
v -0.804273 -25.29747 -0.481681
v 0.200372 -23.929409 -2.70983
v -0.118906 -25.622961 0.140549
v -0.754538 -24.62747 -1.833807
v 1.895554 -22.938929 -2.734247
v 1.843493 -22.734209 -2.764429
v -0.902283 -25.18512 -0.703671
v 0.481002 -23.73885 -2.819897
v -0.324003 -25.560989 0.07008
v -0.620596 -24.464249 -2.078489
v 0.50457 -25.727211 0.108489
v -0.961426 -25.061338 -0.946632
v 0.779004 -23.5436 -2.886992
v -0.516287 -25.48584 -0.041712
v -0.44547 -24.292961 -2.303841
v 0.311031 -25.70627 0.179075
v -0.978403 -24.92672 -1.203584
v 1.086975 -23.34458 -2.908667
v -0.688575 -25.39786 -0.192086
v -0.232836 -24.114401 -2.503018
v 0.10463 -25.671459 0.208758
v -0.951163 -24.78187 -1.467074
v 1.397194 -23.14271 -2.883775
v -0.834262 -25.29747 -0.377096
v 0.012508 -23.929409 -2.669899
v -0.10716 -25.622961 0.195809
v -0.878968 -24.62747 -1.729398
v 1.701857 -22.938929 -2.812506
v 1.704249 -22.734209 -2.819078
v 1.562454 -22.734209 -2.866719
v -0.947519 -25.18512 -0.591709
v 0.284776 -23.73885 -2.799273
v -0.316674 -25.560989 0.139819
v -0.76242 -24.464249 -1.982828
v 0.51256 -25.727211 0.120336
v -1.023466 -25.061338 -0.829952
v 0.577372 -23.5436 -2.886992
v -0.516287 -25.48584 0.041712
v -0.603441 -24.292961 -2.219847
v 0.324417 -25.70627 0.20425
v -1.058325 -24.92672 -1.085094
v 0.883081 -23.34458 -2.930097
v -0.698645 -25.39786 -0.096278
v -0.405218 -24.114401 -2.433371
v 0.120589 -25.671459 0.248259
v -1.049532 -24.78187 -1.349843
v 1.194281 -23.14271 -2.926906
v -0.856883 -25.29747 -0.270674
v -0.172113 -23.929409 -2.616959
v -0.091588 -25.622961 0.250115
v -0.995812 -24.62747 -1.616563
v 1.503173 -22.938929 -2.877062
v 1.41846 -22.734209 -2.907232
v -0.984834 -25.18512 -0.476864
v 0.090467 -23.73885 -2.765011
v -0.304497 -25.560989 0.208876
v -0.897226 -24.464249 -1.877506
v 0.521358 -25.727211 0.131596
v -1.077215 -25.061338 -0.709229
v 0.376231 -23.5436 -2.872927
v -0.510468 -25.48584 0.124933
v -0.755167 -24.292961 -2.125037
v 0.339526 -25.70627 0.22843
v -1.129788 -24.92672 -0.961318
v 0.678188 -23.34458 -2.937252
v -0.702007 -25.39786 0.0
v -0.572322 -24.114401 -2.351868
v 0.139265 -25.671459 0.28655
v -1.139483 -24.78187 -1.226035
v 0.988853 -23.14271 -2.955777
v -0.872025 -25.29747 -0.162934
v -0.352592 -23.929409 -2.55127
v -0.072265 -25.622961 0.303203
v -1.1045 -24.62747 -1.495853
v 1.300469 -22.938929 -2.927602
v 1.272627 -22.734209 -2.940517
v -1.014047 -25.18512 -0.359696
v -0.100979 -23.73885 -2.717278
v -0.287533 -25.560989 0.276916
v -1.024357 -24.464249 -1.763037
v 0.53092 -25.727211 0.142216
v -1.122413 -25.061338 -0.585051
v 0.176562 -23.5436 -2.844865
v -0.498857 -25.48584 0.207545
v -0.899911 -24.292961 -2.019875
v 0.356286 -25.70627 0.251498
v -1.192442 -24.92672 -0.832858
v 0.473296 -23.34458 -2.930097
v -0.698645 -25.39786 0.096278
v -0.733334 -24.114401 -2.258908
v 0.160567 -25.671459 0.323446
v -1.220579 -24.78187 -1.096254
v 0.781912 -23.14271 -2.970247
v -0.879614 -25.29747 -0.0544
v -0.528049 -23.929409 -2.473152
v -0.049287 -25.622961 0.354813
v -1.204503 -24.62747 -1.367855
v 1.094734 -22.938929 -2.963879
v 1.125315 -22.734209 -2.966492
v 0.976892 -22.734209 -2.985092
v -1.035016 -25.18512 -0.240775
v -0.288628 -23.73885 -2.656307
v -0.265863 -25.560989 0.343607
v -1.143193 -24.464249 -1.639979
v 0.541199 -25.727211 0.152142
v -1.158838 -25.061338 -0.458022
v -0.020664 -23.5436 -2.802943
v -0.481512 -25.48584 0.289146
v -1.036966 -24.292961 -1.904872
v 0.374614 -25.70627 0.27334
v -1.245982 -24.92672 -0.700341
v 0.269402 -23.34458 -2.908667
v -0.688575 -25.39786 0.192086
v -0.887469 -24.114401 -2.154943
v 0.18439 -25.671459 0.358765
v -1.292425 -24.78187 -0.961132
v 0.574465 -23.14271 -2.970247
v -0.879614 -25.29747 0.0544
v -0.697629 -23.929409 -2.382985
v -0.022764 -25.622961 0.404695
v -1.295333 -24.62747 -1.233193
v 0.88697 -22.938929 -2.985715
v 0.827726 -22.734209 -2.996271
v -1.047638 -25.18512 -0.120682
v -0.471568 -23.73885 -2.582395
v -0.239595 -25.560989 0.408623
v -1.253155 -24.464249 -1.508931
v 0.552146 -25.727211 0.161327
v -1.186313 -25.061338 -0.328762
v -0.214485 -23.5436 -2.747366
v -0.458518 -25.48584 0.369338
v -1.165665 -24.292961 -1.780589
v 0.39442 -25.70627 0.29385
v -1.290148 -24.92672 -0.564411
v 0.067499 -23.34458 -2.873066
v -0.671846 -25.39786 0.286959
v -1.033977 -24.114401 -2.040479
v 0.210619 -25.671459 0.392337
v -1.35467 -24.78187 -0.821328
v 0.367524 -23.14271 -2.955777
v -0.872025 -25.29747 0.162934
v -0.860506 -23.929409 -2.281208
v 0.007173 -25.622961 0.452605
v -1.376549 -24.62747 -1.092523
v 0.678188 -22.938929 -2.993006
v 0.678188 -22.734209 -3.0
v 0.528651 -22.734209 -2.996271
v -1.051853 -25.18512 0.0
v -0.648906 -23.73885 -2.495901
v -0.208855 -25.560989 0.471649
v -1.353708 -24.464249 -1.370531
v 0.563706 -25.727211 0.169727
v -1.204704 -25.061338 -0.1979
v -0.403957 -23.5436 -2.678404
v -0.429985 -25.48584 0.447731
v -1.285381 -24.292961 -1.647631
v 0.41561 -25.70627 0.312929
v -1.324725 -24.92672 -0.425732
v -0.131428 -23.34458 -2.823468
v -0.64854 -25.39786 0.380433
v -1.172143 -24.114401 -1.916074
v 0.239126 -25.671459 0.423997
v -1.407011 -24.78187 -0.677522
v 0.162096 -23.14271 -2.926906
v -0.856883 -25.29747 0.270674
v -1.015887 -23.929409 -2.168317
v 0.04038 -25.622961 0.49831
v -1.447754 -24.62747 -0.946531
v 0.469407 -22.938929 -2.985715
v 0.379485 -22.734209 -2.985092
v -1.047638 -25.18512 0.120682
v -0.819778 -23.73885 -2.397248
v -0.173794 -25.560989 0.532377
v -1.444362 -24.464249 -1.225455
v 0.575825 -25.727211 0.177299
v -1.213922 -25.061338 -0.066074
v -0.588157 -23.5436 -2.596393
v -0.396053 -25.48584 0.523943
v -1.395531 -24.292961 -1.506645
v 0.438078 -25.70627 0.330483
v -1.349543 -24.92672 -0.284979
v -0.326411 -23.34458 -2.760114
v -0.618771 -25.39786 0.472055
v -1.301294 -24.114401 -1.782333
v 0.269772 -25.671459 0.453592
v -1.449193 -24.78187 -0.530416
v -0.040818 -23.14271 -2.883775
v -0.834262 -25.29747 0.377096
v -1.163014 -23.929409 -2.044863
v 0.076694 -25.622961 0.541588
v -1.508602 -24.62747 -0.795927
v 0.261642 -22.938929 -2.963879
v 0.231061 -22.734209 -2.966492
v -1.035016 -25.18512 0.240775
v -0.983353 -23.73885 -2.286915
v -0.134582 -25.560989 0.590512
v -1.524675 -24.464249 -1.074408
v 0.588442 -25.727211 0.184008
v -1.213922 -25.061338 0.066074
v -0.766188 -23.5436 -2.501733
v -0.356888 -25.48584 0.597602
v -1.495578 -24.292961 -1.35832
v 0.461716 -25.70627 0.346428
v -1.364483 -24.92672 -0.142837
v -0.5165 -23.34458 -2.683313
v -0.582683 -25.39786 0.561376
v -1.420801 -24.114401 -1.63991
v 0.302408 -25.671459 0.480977
v -1.481011 -24.78187 -0.380725
v -0.240228 -23.14271 -2.826595
v -0.804273 -25.29747 0.481681
v -1.301172 -23.929409 -1.911445
v 0.115938 -25.622961 0.582227
v -1.558796 -24.62747 -0.641445
v 0.055907 -22.938929 -2.927602
v 0.08375 -22.734209 -2.940517
v -0.062084 -22.734209 -2.907232
v -1.014047 -25.18512 0.359696
v -1.138833 -23.73885 -2.165441
v -0.09141 -25.560989 0.645769
v -1.594256 -24.464249 -0.918127
v 0.601496 -25.727211 0.18982
v -1.204704 -25.061338 0.1979
v -0.937181 -23.5436 -2.394884
v -0.31268 -25.48584 0.668349
v -1.585034 -24.292961 -1.203377
v 0.486409 -25.70627 0.360684
v -1.369471 -24.92672 0.0
v -0.700768 -23.34458 -2.59344
v -0.540452 -25.39786 0.647962
v -1.530082 -24.114401 -1.489497
v 0.336875 -25.671459 0.506018
v -1.502309 -24.78187 -0.22918
v -0.435164 -23.14271 -2.755644
v -0.767061 -25.29747 0.583919
v -1.429686 -23.929409 -1.768716
v 0.157922 -25.622961 0.620029
v -1.598092 -24.62747 -0.483838
v -0.146796 -22.938929 -2.877062
v -0.206077 -22.734209 -2.866719
v -0.984834 -25.18512 0.476864
v -1.28546 -23.73885 -2.033417
v -0.044488 -25.560989 0.697881
v -1.652765 -24.464249 -0.757373
v 0.614924 -25.727211 0.194707
v -1.186313 -25.061338 0.328762
v -1.100305 -23.5436 -2.276367
v -0.263645 -25.48584 0.735841
v -1.663465 -24.292961 -1.042571
v 0.512036 -25.70627 0.373183
v -1.364483 -24.92672 0.142837
v -0.878318 -23.34458 -2.490931
v -0.492284 -25.39786 0.731392
v -1.628605 -24.114401 -1.331828
v 0.373004 -25.671459 0.528594
v -1.512984 -24.78187 -0.076517
v -0.624676 -23.14271 -2.671268
v -0.722809 -25.29747 0.683312
v -1.54793 -23.929409 -1.61737
v 0.202441 -25.622961 0.65481
v -1.626298 -24.62747 -0.323874
v -0.34548 -22.938929 -2.812506
v -0.347872 -22.734209 -2.819078
v -0.487116 -22.734209 -2.764429
v -0.947519 -25.18512 0.591709
v -1.422521 -23.73885 -1.891487
v 0.005954 -25.560989 0.746592
v -1.699919 -24.464249 -0.592929
v 0.62866 -25.727211 0.198646
v -1.158838 -25.061338 0.458022
v -1.254764 -23.5436 -2.146761
v -0.210021 -25.48584 0.799747
v -1.730487 -24.292961 -0.876686
v 0.538473 -25.70627 0.383864
v -1.349543 -24.92672 0.284979
v -1.048285 -23.34458 -2.376287
v -0.438413 -25.39786 0.811258
v -1.71589 -24.114401 -1.16767
v 0.410621 -25.671459 0.548595
v -1.512984 -24.78187 0.076517
v -0.807841 -23.14271 -2.573878
v -0.671731 -25.29747 0.779376
v -1.65533 -23.929409 -1.458144
v 0.249277 -25.622961 0.686402
v -1.643277 -24.62747 -0.162333
v -0.539177 -22.938929 -2.734247
v -0.623463 -22.734209 -2.702907
v -0.902283 -25.18512 0.703671
v -1.549347 -23.73885 -1.740341
v 0.059671 -25.560989 0.791666
v -1.735487 -24.464249 -0.425596
v 0.642638 -25.727211 0.201617
v -1.122413 -25.061338 0.585051
v -1.399806 -23.5436 -2.006696
v -0.15207 -25.48584 0.859757
v -1.785774 -24.292961 -0.70653
v 0.56559 -25.70627 0.392675
v -1.324725 -24.92672 0.425732
v -1.209841 -23.34458 -2.250066
v -0.379103 -25.39786 0.887172
v -1.79151 -24.114401 -0.997823
v 0.44954 -25.671459 0.565923
v -1.502309 -24.78187 0.22918
v -0.983765 -23.14271 -2.463948
v -0.614076 -25.29747 0.871643
v -1.75136 -23.929409 -1.291814
v 0.298203 -25.622961 0.714649
v -1.648946 -24.62747 0.0
v -0.726943 -22.938929 -2.642668
v -0.756574 -22.734209 -2.634665
v -0.886117 -22.734209 -2.559873
v -0.849347 -25.18512 0.812205
v -1.665321 -23.73885 -1.580717
v 0.116401 -25.560989 0.832883
v -1.759295 -24.464249 -0.25619
v 0.656788 -25.727211 0.203606
v -1.077215 -25.061338 0.709229
v -1.534724 -23.5436 -1.856854
v -0.090074 -25.48584 0.915579
v -1.829057 -24.292961 -0.532931
v 0.593256 -25.70627 0.399573
v -1.290148 -24.92672 0.564411
v -1.362199 -23.34458 -2.112882
v -0.314641 -25.39786 0.958764
v -1.855099 -24.114401 -0.823115
v 0.489574 -25.671459 0.580495
v -1.481011 -24.78187 0.380725
v -1.151593 -23.14271 -2.342014
v -0.550125 -25.29747 0.959663
v -1.835554 -23.929409 -1.11919
v 0.34898 -25.622961 0.739415
v -1.643277 -24.62747 0.162333
v -0.907863 -22.938929 -2.538213
v -1.011772 -22.734209 -2.478716
v -0.78897 -25.18512 0.916782
v -1.769877 -23.73885 -1.413391
v 0.175869 -25.560989 0.870043
v -1.771228 -24.464249 -0.085536
v 0.671043 -25.727211 0.204603
v -1.023466 -25.061338 0.829952
v -1.658861 -23.5436 -1.697966
v -0.024335 -25.48584 0.96694
v -1.860124 -24.292961 -0.356737
v 0.621336 -25.70627 0.404524
v -1.245982 -24.92672 0.700341
v -1.504616 -23.34458 -1.965405
v -0.245342 -25.39786 1.025685
v -1.906345 -24.114401 -0.644397
v 0.530527 -25.671459 0.592238
v -1.449193 -24.78187 0.530416
v -1.310507 -23.14271 -2.208669
v -0.48019 -25.29747 1.043009
v -1.907502 -23.929409 -0.941114
v 0.401361 -25.622961 0.760578
v -1.626298 -24.62747 0.323874
v -1.081057 -22.938929 -2.421393
v -1.133225 -22.734209 -2.391397
v -0.721444 -25.18512 1.016893
v -1.862507 -23.73885 -1.23918
v 0.237784 -25.560989 0.902963
v -1.771228 -24.464249 0.085536
v -0.961426 -25.061338 0.946632
v -1.771612 -23.5436 -1.530805
v 0.044827 -25.48584 1.01359
v -1.878826 -24.292961 -0.178804
v 0.649693 -25.70627 0.407505
v -1.192442 -24.92672 0.832858
v -1.636398 -23.34458 -1.808353
v -0.171545 -25.39786 1.087609
v -1.945001 -24.114401 -0.462539
v 0.572199 -25.671459 0.601095
v -1.407011 -24.78187 0.677522
v -1.459731 -23.14271 -2.064565
v -0.404612 -25.29747 1.121272
v -1.966852 -23.929409 -0.758453
v 0.45509 -25.622961 0.778036
v -1.598092 -24.62747 0.483838
v -1.245679 -22.938929 -2.292776
v -1.250175 -22.734209 -2.298133
v -1.36233 -22.734209 -2.199156
v -0.6471 -25.18512 1.112049
v -1.942759 -23.73885 -1.058931
v 0.301844 -25.560989 0.931485
v -1.759295 -24.464249 0.25619
v -0.891399 -25.061338 1.0587
v -1.872428 -23.5436 -1.356187
v 0.117074 -25.48584 1.055302
v -1.88507 -24.292961 0.0
v -1.129788 -24.92672 0.961318
v -1.756904 -23.34458 -1.642491
v -0.093607 -25.39786 1.144234
v -1.970876 -24.114401 -0.278428
v 0.614387 -25.671459 0.607024
v -1.35467 -24.78187 0.821328
v -1.59854 -23.14271 -1.910402
v -0.323758 -25.29747 1.194073
v -2.013316 -23.929409 -0.572097
v 0.509907 -25.622961 0.791703
v -1.558796 -24.62747 0.641445
v -1.400929 -22.938929 -2.152989
v -1.469412 -22.734209 -2.09471
v -0.566299 -25.18512 1.201787
v -2.010242 -23.73885 -0.873524
v 0.367738 -25.560989 0.955468
v -1.735487 -24.464249 0.425596
v -0.813724 -25.061338 1.16561
v -1.960818 -23.5436 -1.174961
v 0.192055 -25.48584 1.091873
v -1.878826 -24.292961 0.178804
v -1.058325 -24.92672 1.085094
v -1.865547 -23.34458 -1.468626
v -0.011909 -25.39786 1.195284
v -1.983845 -24.114401 -0.09296
v 0.656887 -25.671459 0.609996
v -1.292425 -24.78187 0.961132
v -1.726257 -23.14271 -1.746932
v -0.238023 -25.29747 1.261057
v -2.046667 -23.929409 -0.382953
v 0.565543 -25.622961 0.801513
v -1.508602 -24.62747 0.795927
v -1.546049 -22.938929 -2.002712
v -1.571155 -22.734209 -1.985057
v -0.479435 -25.18512 1.285671
v -2.064627 -23.73885 -0.683861
v 0.435144 -25.560989 0.974797
v -1.699919 -24.464249 0.592929
v -0.728781 -25.061338 1.266841
v -2.03635 -23.5436 -0.988011
v 0.269405 -25.48584 1.123124
v -1.860124 -24.292961 0.356737
v -0.978403 -24.92672 1.203584
v -1.961797 -23.34458 -1.287607
v 0.073151 -25.39786 1.240511
v -1.983845 -24.114401 0.09296
v -1.220579 -24.78187 1.096254
v -1.84226 -23.14271 -1.574951
v -0.147824 -25.29747 1.321897
v -2.066743 -23.929409 -0.191944
v 0.621728 -25.622961 0.807419
v -1.447754 -24.62747 0.946531
v -1.680333 -22.938929 -1.842679
v -1.667306 -22.734209 -1.870469
v -1.757626 -22.734209 -1.751231
v -0.386931 -25.18512 1.363291
v -2.105649 -23.73885 -0.490866
v 0.503735 -25.560989 0.989376
v -1.652765 -24.464249 0.757373
v -0.636983 -25.061338 1.3619
v -2.098658 -23.5436 -0.796248
v 0.348746 -25.48584 1.148903
v -1.829057 -24.292961 0.532931
v -0.89041 -24.92672 1.31621
v -2.045185 -23.34458 -1.100314
v 0.161158 -25.39786 1.279695
v -1.970876 -24.114401 0.278428
v -1.139483 -24.78187 1.226035
v -1.945983 -23.14271 -1.395297
v -0.053601 -25.29747 1.376296
v -2.073446 -23.929409 0.0
v -1.376549 -24.62747 1.092523
v -1.803126 -22.938929 -1.673668
v -1.84189 -22.734209 -1.627639
v -0.289238 -25.18512 1.434269
v -2.133109 -23.73885 -0.295479
v 0.573175 -25.560989 0.999135
v -1.594256 -24.464249 0.918127
v -0.538778 -25.061338 1.450324
v -2.147437 -23.5436 -0.600605
v 0.429692 -25.48584 1.169085
v -1.785774 -24.292961 0.70653
v -0.794775 -24.92672 1.422424
v -2.115305 -23.34458 -0.907661
v 0.251685 -25.39786 1.312644
v -1.945001 -24.114401 0.462539
v -1.049532 -24.78187 1.349843
v -2.036922 -23.14271 -1.208845
v 0.044187 -25.29747 1.423991
v -2.066743 -23.929409 0.191944
v -1.295333 -24.62747 1.233193
v -1.913831 -22.938929 -1.496503
v -1.919888 -22.734209 -1.5
v -1.991427 -22.734209 -1.368632
v -0.186832 -25.18512 1.498259
v -2.146873 -23.73885 -0.098653
v 0.643127 -25.560989 1.004027
v -1.524675 -24.464249 1.074408
v -0.434644 -25.061338 1.531683
v -2.182451 -23.5436 -0.402036
v 0.511848 -25.48584 1.183572
v -1.730487 -24.292961 0.876686
v -0.691963 -24.92672 1.521708
v -2.171815 -23.34458 -0.710586
v 0.344289 -25.39786 1.339197
v -1.906345 -24.114401 0.644397
v -0.951163 -24.78187 1.467074
v -2.114633 -23.14271 -1.016504
v 0.145064 -25.29747 1.464748
v -2.046667 -23.929409 0.382953
v -1.204503 -24.62747 1.367855
v -2.011908 -22.938929 -1.312048
v -2.056329 -22.734209 -1.233861
v -0.080212 -25.18512 1.55495
v -2.146873 -23.73885 0.098653
v -1.444362 -24.464249 1.225455
v -0.325089 -25.061338 1.605579
v -2.203527 -23.5436 -0.201509
v 0.594815 -25.48584 1.192292
v -1.663465 -24.292961 1.042571
v -0.582477 -24.92672 1.613578
v -2.214441 -23.34458 -0.510049
v 0.43852 -25.39786 1.359227
v -1.855099 -24.114401 0.823115
v -0.844856 -24.78187 1.577158
v -2.178737 -23.14271 -0.81921
v 0.248538 -25.29747 1.498369
v -2.013316 -23.929409 0.572097
v -1.1045 -24.62747 1.495853
v -2.096879 -22.938929 -1.1212
v -2.114433 -22.734209 -1.096023
v 0.030103 -25.18512 1.604066
v -2.133109 -23.73885 0.295479
v -1.353708 -24.464249 1.370531
v -0.210645 -25.061338 1.671653
v -2.210564 -23.5436 0.0
v -1.585034 -24.292961 1.203377
v -0.466848 -24.92672 1.697587
v -2.242973 -23.34458 -0.307027
v 0.533919 -25.39786 1.372634
v -1.79151 -24.114401 0.997823
v -0.731129 -24.78187 1.679559
v -2.228923 -23.14271 -0.617926
v 0.354106 -25.29747 1.524689
v -1.966852 -23.929409 0.758453
v -0.995812 -24.62747 1.616563
v -2.16833 -22.938929 -0.92489
v -2.165594 -22.734209 -0.95546
v -2.209684 -22.734209 -0.812521
v 0.143576 -25.18512 1.645367
v -2.105649 -23.73885 0.490866
v -1.253155 -24.464249 1.508931
v -0.091872 -25.061338 1.729583
v -2.203527 -23.5436 0.201509
v -1.495578 -24.292961 1.35832
v -0.345642 -24.92672 1.773325
v -2.257275 -23.34458 -0.102509
v 0.63002 -25.39786 1.379354
v -1.71589 -24.114401 1.16767
v -0.610536 -24.78187 1.773776
v -2.264946 -23.14271 -0.413631
v 0.461252 -25.29747 1.543582
v -1.907502 -23.929409 0.941114
v -0.878968 -24.62747 1.729398
v -2.225913 -22.938929 -0.724074
v -2.246595 -22.734209 -0.667563
v 0.259653 -25.18512 1.678651
v -2.064627 -23.73885 0.683861
v -1.143193 -24.464249 1.639979
v 0.030654 -25.061338 1.779086
v -2.182451 -23.5436 0.402036
v -1.395531 -24.292961 1.506645
v -0.219447 -24.92672 1.840424
v -2.257275 -23.34458 0.102509
v -1.628605 -24.114401 1.331828
v -0.483664 -24.78187 1.859352
v -2.28663 -23.14271 -0.20732
v 0.569455 -25.29747 1.554955
v -1.835554 -23.929409 1.11919
v -0.754538 -24.62747 1.833807
v -2.269348 -22.938929 -0.51973
v -2.276235 -22.734209 -0.520944
v -2.298529 -22.734209 -0.373031
v 0.37777 -25.18512 1.703758
v -2.010242 -23.73885 0.873524
v -1.024357 -24.464249 1.763037
v 0.156334 -25.061338 1.819922
v -2.147437 -23.5436 0.600605
v -1.285381 -24.292961 1.647631
v -0.088878 -24.92672 1.898557
v -2.242973 -23.34458 0.307027
v -1.530082 -24.114401 1.489497
v -0.351132 -24.78187 1.93587
v -2.293869 -23.14271 0.0
v -1.75136 -23.929409 1.291814
v -0.623128 -24.62747 1.929281
v -2.298422 -22.938929 -0.312854
v -2.313423 -22.734209 -0.22419
v 0.49735 -25.18512 1.720564
v -1.942759 -23.73885 1.058931
v -0.897226 -24.464249 1.877506
v 0.284557 -25.061338 1.851892
v -2.098658 -23.5436 0.796248
v -1.165665 -24.292961 1.780589
v 0.045427 -24.92672 1.94744
v -2.214441 -23.34458 0.510049
v -1.420801 -24.114401 1.63991
v -0.213585 -24.78187 2.002956
v -2.28663 -23.14271 0.20732
v -1.65533 -23.929409 1.458144
v -0.485379 -24.62747 2.015357
v -2.312995 -22.938929 -0.104454
v -2.320879 -22.734209 -0.074792
v 0.617811 -25.18512 1.728987
v -1.862507 -23.73885 1.23918
v -0.76242 -24.464249 1.982828
v 0.414697 -25.061338 1.874839
v -2.03635 -23.5436 0.988011
v -1.036966 -24.292961 1.904872
v 0.182815 -24.92672 1.986835
v -2.171815 -23.34458 0.710586
v -1.301294 -24.114401 1.782333
v -0.071694 -24.78187 2.060283
v -2.264946 -23.14271 0.413631
v -1.54793 -23.929409 1.61737
v -0.34196 -24.62747 2.091614
v -2.312995 -22.938929 0.104454
v -2.320879 -22.734209 0.074792
v -2.313423 -22.734209 0.22419
v -1.769877 -23.73885 1.413391
v -0.620596 -24.464249 2.078489
v 0.546121 -25.061338 1.888652
v -1.960818 -23.5436 1.174961
v -0.899911 -24.292961 2.019875
v 0.322616 -24.92672 2.016551
v -2.115305 -23.34458 0.907661
v -1.172143 -24.114401 1.916074
v 0.073851 -24.78187 2.107574
v -2.228923 -23.14271 0.617926
v -1.429686 -23.929409 1.768716
v -0.193571 -24.62747 2.157681
v -2.298422 -22.938929 0.312854
v -2.298529 -22.734209 0.373031
v -1.665321 -23.73885 1.580717
v -0.472444 -24.464249 2.164025
v -1.872428 -23.5436 1.356187
v -0.755167 -24.292961 2.125037
v 0.46415 -24.92672 2.036442
v -2.045185 -23.34458 1.100314
v -1.033977 -24.114401 2.040479
v 0.22234 -24.78187 2.144596
v -2.178737 -23.14271 0.81921
v -1.301172 -23.929409 1.911445
v -0.040936 -24.62747 2.213236
v -2.269348 -22.938929 0.51973
v -2.276235 -22.734209 0.520944
v -2.246595 -22.734209 0.667563
v -1.549347 -23.73885 1.740341
v -0.318687 -24.464249 2.239017
v -1.771612 -23.5436 1.530805
v -0.603441 -24.292961 2.219847
v 0.606726 -24.92672 2.046412
v -1.961797 -23.34458 1.287607
v -0.887469 -24.114401 2.154943
v 0.37305 -24.78187 2.17117
v -2.114633 -23.14271 1.016504
v -1.163014 -23.929409 2.044863
v 0.115204 -24.62747 2.258008
v -2.225913 -22.938929 0.724074
v -2.209684 -22.734209 0.812521
v -1.422521 -23.73885 1.891487
v -0.160072 -24.464249 2.303102
v -1.658861 -23.5436 1.697966
v -0.44547 -24.292961 2.303841
v -1.865547 -23.34458 1.468626
v -0.733334 -24.114401 2.258908
v 0.525247 -24.78187 2.187167
v -2.036922 -23.14271 1.208845
v -1.015887 -23.929409 2.168317
v 0.274086 -24.62747 2.29178
v -2.16833 -22.938929 0.92489
v -2.165594 -22.734209 0.95546
v -2.114433 -22.734209 1.096023
v -1.28546 -23.73885 2.033417
v 0.002626 -24.464249 2.355966
v -1.534724 -23.5436 1.856854
v -0.282025 -24.292961 2.376612
v -1.756904 -23.34458 1.642491
v -0.572322 -24.114401 2.351868
v -1.945983 -23.14271 1.395297
v -0.860506 -23.929409 2.281208
v 0.434936 -24.62747 2.314386
v -2.096879 -22.938929 1.1212
v -2.056329 -22.734209 1.233861
v -1.138833 -23.73885 2.165441
v 0.168616 -24.464249 2.397352
v -1.399806 -23.5436 2.006696
v -0.113902 -24.292961 2.437804
v -1.636398 -23.34458 1.808353
v -0.405218 -24.114401 2.433371
v -1.84226 -23.14271 1.574951
v -0.697629 -23.929409 2.382985
v 0.596972 -24.62747 2.325716
v -2.011908 -22.938929 1.312048
v -1.991427 -22.734209 1.368632
v -0.983353 -23.73885 2.286915
v 0.337087 -24.464249 2.427058
v -1.254764 -23.5436 2.146761
v 0.05808 -24.292961 2.487118
v -1.504616 -23.34458 1.965405
v -0.232836 -24.114401 2.503018
v -1.726257 -23.14271 1.746932
v -0.528049 -23.929409 2.473152
v -1.913831 -22.938929 1.496503
v -1.919888 -22.734209 1.5
v -1.84189 -22.734209 1.627639
v -0.819778 -23.73885 2.397248
v 0.507222 -24.464249 2.444939
v -1.100305 -23.5436 2.276367
v 0.233083 -24.292961 2.524317
v -1.362199 -23.34458 2.112882
v -0.056015 -24.114401 2.56047
v -1.59854 -23.14271 1.910402
v -0.352592 -23.929409 2.55127
v -1.803126 -22.938929 1.673668
v -1.757626 -22.734209 1.751231
v -0.648906 -23.73885 2.495901
v -0.937181 -23.5436 2.394884
v 0.410255 -24.292961 2.549217
v -1.209841 -23.34458 2.250066
v 0.124383 -24.114401 2.605448
v -1.459731 -23.14271 2.064565
v -0.172113 -23.929409 2.616959
v -1.680333 -22.938929 1.842679
v -1.667306 -22.734209 1.870469
v -0.471568 -23.73885 2.582395
v -0.766188 -23.5436 2.501733
v 0.588732 -24.292961 2.561697
v -1.048285 -23.34458 2.376287
v 0.307479 -24.114401 2.637733
v -1.310507 -23.14271 2.208669
v 0.012508 -23.929409 2.669899
v -1.546049 -22.938929 2.002712
v -1.571155 -22.734209 1.985057
v -1.469412 -22.734209 2.09471
v -0.288628 -23.73885 2.656307
v -0.588157 -23.5436 2.596393
v -0.878318 -23.34458 2.490931
v 0.492381 -24.114401 2.657167
v -1.151593 -23.14271 2.342014
v 0.200372 -23.929409 2.70983
v -1.400929 -22.938929 2.152989
v -1.36233 -22.734209 2.199156
v -0.100979 -23.73885 2.717278
v -0.403957 -23.5436 2.678404
v -0.700768 -23.34458 2.59344
v -0.983765 -23.14271 2.463948
v 0.390564 -23.929409 2.73656
v -1.245679 -22.938929 2.292776
v -1.250175 -22.734209 2.298133
v -1.133225 -22.734209 2.391397
v 0.090467 -23.73885 2.765011
v -0.214485 -23.5436 2.747366
v -0.5165 -23.34458 2.683313
v -0.807841 -23.14271 2.573878
v 0.582158 -23.929409 2.749958
v -1.081057 -22.938929 2.421393
v -1.011772 -22.734209 2.478716
v 0.284776 -23.73885 2.799273
v -0.020664 -23.5436 2.802943
v -0.326411 -23.34458 2.760114
v -0.624676 -23.14271 2.671268
v -0.907863 -22.938929 2.538213
v -0.886117 -22.734209 2.559873
v 0.481002 -23.73885 2.819897
v 0.176562 -23.5436 2.844865
v -0.131428 -23.34458 2.823468
v -0.435164 -23.14271 2.755644
v -0.726943 -22.938929 2.642668
v -0.756574 -22.734209 2.634665
v -0.623463 -22.734209 2.702907
v 0.376231 -23.5436 2.872927
v 0.067499 -23.34458 2.873066
v -0.240228 -23.14271 2.826595
v -0.539177 -22.938929 2.734247
v -0.487116 -22.734209 2.764429
v 0.577372 -23.5436 2.886992
v 0.269402 -23.34458 2.908667
v -0.040818 -23.14271 2.883775
v -0.34548 -22.938929 2.812506
v -0.347872 -22.734209 2.819078
v -0.206077 -22.734209 2.866719
v 0.473296 -23.34458 2.930097
v 0.162096 -23.14271 2.926906
v -0.146796 -22.938929 2.877062
v -0.062084 -22.734209 2.907232
v 0.367524 -23.14271 2.955777
v 0.055907 -22.938929 2.927602
v 0.08375 -22.734209 2.940517
v 0.574465 -23.14271 2.970247
v 0.261642 -22.938929 2.963879
v 0.231061 -22.734209 2.966492
v 0.379485 -22.734209 2.985092
v 0.469407 -22.938929 2.985715
v 13.17819 -19.734209 17.5
v -11.82181 -22.734209 17.5
v 13.17819 -22.734209 17.5
v -11.82181 -19.734209 17.5
v -11.82181 -22.734209 -17.5
v -11.82181 -19.734209 -17.5
v 13.17819 -22.734209 -17.5
v 13.17819 -19.734209 -17.5
v -0.888521 20.01173 10.679741
v -0.885242 20.01173 10.77888
v -0.888521 -19.98827 10.679741
v -0.885242 -19.98827 10.77888
v -0.875417 20.01173 10.877581
v -0.875417 -19.98827 10.877581
v -0.859091 20.01173 10.97542
v -0.859091 -19.98827 10.97542
v -0.836335 -19.98827 11.07196
v -0.836335 20.01173 11.07196
v -0.807247 20.01173 11.16679
v -0.807247 -19.98827 11.16679
v -0.771956 20.01173 11.25949
v -0.771956 -19.98827 11.25949
v -0.730615 -19.98827 11.34966
v -0.730615 20.01173 11.34966
v -0.683406 -19.98827 11.43689
v -0.683406 20.01173 11.43689
v -0.630534 20.01173 11.52082
v -0.630534 -19.98827 11.52082
v -0.572232 20.01173 11.60106
v -0.572232 -19.98827 11.60106
v -0.508754 20.01173 11.67728
v -0.508754 -19.98827 11.67728
v -0.440376 20.01173 11.74914
v -0.440376 -19.98827 11.74914
v -0.3674 20.01173 11.81632
v -0.3674 -19.98827 11.81632
v -0.290143 20.01173 11.87853
v -0.290143 -19.98827 11.87853
v -0.208944 -19.98827 11.935491
v -0.208944 20.01173 11.935491
v -0.124157 20.01173 11.98697
v -0.124157 -19.98827 11.98697
v -0.036153 20.01173 12.032729
v -0.036153 -19.98827 12.032729
v 0.054683 20.01173 12.07257
v 0.054683 -19.98827 12.07257
v 0.147953 20.01173 12.10633
v 0.147953 -19.98827 12.10633
v 0.243251 -19.98827 12.13384
v 0.243251 20.01173 12.13384
v 0.340158 20.01173 12.155
v 0.340158 -19.98827 12.155
v 0.438252 20.01173 12.16971
v 0.438252 -19.98827 12.16971
v 0.537103 20.01173 12.1779
v 0.537103 -19.98827 12.1779
v 0.63628 20.01173 12.17954
v 0.63628 -19.98827 12.17954
v 0.735348 20.01173 12.174621
v 0.735348 -19.98827 12.174621
v 0.833874 20.01173 12.16317
v 0.833874 -19.98827 12.16317
v 0.931428 20.01173 12.145221
v 0.931428 -19.98827 12.145221
v 1.027583 -19.98827 12.12087
v 1.027583 20.01173 12.12087
v 1.121918 20.01173 12.09022
v 1.121918 -19.98827 12.09022
v 1.214022 20.01173 12.0534
v 1.214022 -19.98827 12.0534
v 1.30349 20.01173 12.01058
v 1.30349 -19.98827 12.01058
v 1.389933 20.01173 11.96193
v 1.389933 -19.98827 11.96193
v 1.472972 20.01173 11.90768
v 1.472972 -19.98827 11.90768
v 1.552243 20.01173 11.848061
v 1.552243 -19.98827 11.848061
v 1.627401 20.01173 11.78333
v 1.627401 -19.98827 11.78333
v 1.698117 20.01173 11.71377
v 1.698117 -19.98827 11.71377
v 1.76408 20.01173 11.6397
v 1.76408 -19.98827 11.6397
v 1.825004 -19.98827 11.561419
v 1.825004 20.01173 11.561419
v 1.880622 20.01173 11.47929
v 1.880622 -19.98827 11.47929
v 1.930689 -19.98827 11.39366
v 1.930689 20.01173 11.39366
v 1.974988 20.01173 11.304919
v 1.974988 -19.98827 11.304919
v 2.013325 20.01173 11.21343
v 2.013325 -19.98827 11.21343
v 2.045532 -19.98827 11.11962
v 2.045532 20.01173 11.11962
v 2.071469 -19.98827 11.02388
v 2.071469 20.01173 11.02388
v 2.091021 20.01173 10.92664
v 2.091021 -19.98827 10.92664
v 2.104103 20.01173 10.82831
v 2.104103 -19.98827 10.82831
v 2.110659 20.01173 10.72934
v 2.110659 -19.98827 10.72934
v 2.110659 20.01173 10.630151
v 2.110659 -19.98827 10.630151
v 2.104103 20.01173 10.531179
v 2.104103 -19.98827 10.531179
v 2.091021 20.01173 10.43285
v 2.091021 -19.98827 10.43285
v 2.071469 20.01173 10.33561
v 2.071469 -19.98827 10.33561
v 2.045532 20.01173 10.23987
v 2.045532 -19.98827 10.23987
v 2.013325 20.01173 10.146049
v 2.013325 -19.98827 10.146049
v 1.974988 20.01173 10.054569
v 1.974988 -19.98827 10.054569
v 1.930689 20.01173 9.965822
v 1.930689 -19.98827 9.965822
v 1.880622 20.01173 9.880197
v 1.880622 -19.98827 9.880197
v 1.825004 20.01173 9.798066
v 1.825004 -19.98827 9.798066
v 1.76408 20.01173 9.71979
v 1.76408 -19.98827 9.71979
v 1.698117 20.01173 9.645715
v 1.698117 -19.98827 9.645715
v 1.627401 -19.98827 9.576158
v 1.627401 20.01173 9.576158
v 1.552243 20.01173 9.511428
v 1.552243 -19.98827 9.511428
v 1.472972 20.01173 9.451806
v 1.472972 -19.98827 9.451806
v 1.389933 20.01173 9.397554
v 1.389933 -19.98827 9.397554
v 1.30349 20.01173 9.348909
v 1.30349 -19.98827 9.348909
v 1.214022 -19.98827 9.306085
v 1.214022 20.01173 9.306085
v 1.121918 -19.98827 9.269263
v 1.121918 20.01173 9.269263
v 1.027583 -19.98827 9.238613
v 1.027583 20.01173 9.238613
v 0.931428 -19.98827 9.214263
v 0.931428 20.01173 9.214263
v 0.833874 20.01173 9.196321
v 0.833874 -19.98827 9.196321
v 0.735348 20.01173 9.184867
v 0.735348 -19.98827 9.184867
v 0.63628 -19.98827 9.179949
v 0.63628 20.01173 9.179949
v 0.537103 -19.98827 9.181589
v 0.537103 20.01173 9.181589
v 0.438252 -19.98827 9.189779
v 0.438252 20.01173 9.189779
v 0.340158 -19.98827 9.204487
v 0.340158 20.01173 9.204487
v 0.243251 20.01173 9.225643
v 0.243251 -19.98827 9.225643
v 0.147953 20.01173 9.25316
v 0.147953 -19.98827 9.25316
v 0.054683 20.01173 9.286913
v 0.054683 -19.98827 9.286913
v -0.036153 20.01173 9.326756
v -0.036153 -19.98827 9.326756
v -0.124157 20.01173 9.372519
v -0.124157 -19.98827 9.372519
v -0.208944 20.01173 9.423994
v -0.208944 -19.98827 9.423994
v -0.290143 -19.98827 9.480962
v -0.290143 20.01173 9.480962
v -0.3674 20.01173 9.543171
v -0.3674 -19.98827 9.543171
v -0.440376 20.01173 9.610352
v -0.440376 -19.98827 9.610352
v -0.508754 20.01173 9.682207
v -0.508754 -19.98827 9.682207
v -0.572232 20.01173 9.758425
v -0.572232 -19.98827 9.758425
v -0.630534 20.01173 9.838672
v -0.630534 -19.98827 9.838672
v -0.683406 20.01173 9.922595
v -0.683406 -19.98827 9.922595
v -0.730615 20.01173 10.00983
v -0.730615 -19.98827 10.00983
v -0.771956 20.01173 10.09999
v -0.771956 -19.98827 10.09999
v -0.807247 20.01173 10.192691
v -0.807247 -19.98827 10.192691
v -0.836335 -19.98827 10.287519
v -0.836335 20.01173 10.287519
v -0.859091 -19.98827 10.384069
v -0.859091 20.01173 10.384069
v -0.875417 20.01173 10.481899
v -0.875417 -19.98827 10.481899
v -0.885242 20.01173 10.580609
v -0.885242 -19.98827 10.580609
v -2.12541 20.01173 10.64185
v -0.724149 -19.98827 8.290583
v -2.12541 -19.98827 10.64185
v -0.724149 20.01173 8.290583
v 2.01274 -19.98827 8.328475
v 2.01274 20.01173 8.328475
v 3.348368 -19.98827 10.71764
v 3.348368 20.01173 10.71764
v 1.947107 -19.98827 13.06891
v 1.947107 20.01173 13.06891
v -0.789783 -19.98827 13.03101
v -0.789783 20.01173 13.03101
v -0.852921 19.94449 -11.32073
v -0.849641 19.94449 -11.22159
v -0.852921 -20.05551 -11.32073
v -0.849641 -20.05551 -11.22159
v -0.839817 19.94449 -11.12289
v -0.839817 -20.05551 -11.12289
v -0.823491 19.94449 -11.02505
v -0.823491 -20.05551 -11.02505
v -0.800734 -20.05551 -10.92851
v -0.800734 19.94449 -10.92851
v -0.771647 19.94449 -10.83368
v -0.771647 -20.05551 -10.83368
v -0.736355 19.94449 -10.740979
v -0.736355 -20.05551 -10.740979
v -0.695015 -20.05551 -10.65081
v -0.695015 19.94449 -10.65081
v -0.647806 -20.05551 -10.563581
v -0.647806 19.94449 -10.563581
v -0.594934 19.94449 -10.47965
v -0.594934 -20.05551 -10.47965
v -0.536632 19.94449 -10.399409
v -0.536632 -20.05551 -10.399409
v -0.473153 19.94449 -10.32319
v -0.473153 -20.05551 -10.32319
v -0.404776 19.94449 -10.25133
v -0.404776 -20.05551 -10.25133
v -0.331799 19.94449 -10.18415
v -0.331799 -20.05551 -10.18415
v -0.254542 19.94449 -10.12195
v -0.254542 -20.05551 -10.12195
v -0.173343 -20.05551 -10.06498
v -0.173343 19.94449 -10.06498
v -0.088556 19.94449 -10.0135
v -0.088556 -20.05551 -10.0135
v -0.000552 19.94449 -9.96774
v -0.000552 -20.05551 -9.96774
v 0.090283 19.94449 -9.927896
v 0.090283 -20.05551 -9.927896
v 0.183554 19.94449 -9.894142
v 0.183554 -20.05551 -9.894142
v 0.278851 -20.05551 -9.866627
v 0.278851 19.94449 -9.866627
v 0.375758 19.94449 -9.845469
v 0.375758 -20.05551 -9.845469
v 0.473852 19.94449 -9.830763
v 0.473852 -20.05551 -9.830763
v 0.572704 19.94449 -9.822572
v 0.572704 -20.05551 -9.822572
v 0.67188 19.94449 -9.820931
v 0.67188 -20.05551 -9.820931
v 0.770948 19.94449 -9.82585
v 0.770948 -20.05551 -9.82585
v 0.869475 19.94449 -9.837305
v 0.869475 -20.05551 -9.837305
v 0.967029 19.94449 -9.855247
v 0.967029 -20.05551 -9.855247
v 1.063184 -20.05551 -9.879598
v 1.063184 19.94449 -9.879598
v 1.157519 19.94449 -9.910248
v 1.157519 -20.05551 -9.910248
v 1.249622 19.94449 -9.947067
v 1.249622 -20.05551 -9.947067
v 1.339091 19.94449 -9.989893
v 1.339091 -20.05551 -9.989893
v 1.425534 19.94449 -10.03854
v 1.425534 -20.05551 -10.03854
v 1.508572 19.94449 -10.092791
v 1.508572 -20.05551 -10.092791
v 1.587844 19.94449 -10.15241
v 1.587844 -20.05551 -10.15241
v 1.663002 19.94449 -10.21714
v 1.663002 -20.05551 -10.21714
v 1.733717 19.94449 -10.2867
v 1.733717 -20.05551 -10.2867
v 1.799681 19.94449 -10.36077
v 1.799681 -20.05551 -10.36077
v 1.860605 -20.05551 -10.439051
v 1.860605 19.94449 -10.439051
v 1.916222 19.94449 -10.52118
v 1.916222 -20.05551 -10.52118
v 1.96629 -20.05551 -10.606811
v 1.96629 19.94449 -10.606811
v 2.010589 19.94449 -10.69555
v 2.010589 -20.05551 -10.69555
v 2.048926 19.94449 -10.78704
v 2.048926 -20.05551 -10.78704
v 2.081133 -20.05551 -10.88085
v 2.081133 19.94449 -10.88085
v 2.107069 -20.05551 -10.97659
v 2.107069 19.94449 -10.97659
v 2.126621 19.94449 -11.07384
v 2.126621 -20.05551 -11.07384
v 2.139704 19.94449 -11.172159
v 2.139704 -20.05551 -11.172159
v 2.146259 19.94449 -11.271131
v 2.146259 -20.05551 -11.271131
v 2.146259 19.94449 -11.37032
v 2.146259 -20.05551 -11.37032
v 2.139704 19.94449 -11.4693
v 2.139704 -20.05551 -11.4693
v 2.126621 19.94449 -11.567619
v 2.126621 -20.05551 -11.567619
v 2.107069 19.94449 -11.66486
v 2.107069 -20.05551 -11.66486
v 2.081133 19.94449 -11.7606
v 2.081133 -20.05551 -11.7606
v 2.048926 19.94449 -11.854421
v 2.048926 -20.05551 -11.854421
v 2.010589 19.94449 -11.9459
v 2.010589 -20.05551 -11.9459
v 1.96629 19.94449 -12.03465
v 1.96629 -20.05551 -12.03465
v 1.916222 19.94449 -12.12027
v 1.916222 -20.05551 -12.12027
v 1.860605 19.94449 -12.2024
v 1.860605 -20.05551 -12.2024
v 1.799681 19.94449 -12.280681
v 1.799681 -20.05551 -12.280681
v 1.733717 19.94449 -12.35476
v 1.733717 -20.05551 -12.35476
v 1.663002 -20.05551 -12.42431
v 1.663002 19.94449 -12.42431
v 1.587844 19.94449 -12.48904
v 1.587844 -20.05551 -12.48904
v 1.508572 19.94449 -12.54866
v 1.508572 -20.05551 -12.54866
v 1.425534 19.94449 -12.60292
v 1.425534 -20.05551 -12.60292
v 1.339091 19.94449 -12.65156
v 1.339091 -20.05551 -12.65156
v 1.249622 -20.05551 -12.694389
v 1.249622 19.94449 -12.694389
v 1.157519 -20.05551 -12.731211
v 1.157519 19.94449 -12.731211
v 1.063184 -20.05551 -12.76186
v 1.063184 19.94449 -12.76186
v 0.967029 -20.05551 -12.786209
v 0.967029 19.94449 -12.786209
v 0.869475 19.94449 -12.80415
v 0.869475 -20.05551 -12.80415
v 0.770948 19.94449 -12.8156
v 0.770948 -20.05551 -12.8156
v 0.67188 -20.05551 -12.82052
v 0.67188 19.94449 -12.82052
v 0.572704 -20.05551 -12.81888
v 0.572704 19.94449 -12.81888
v 0.473852 -20.05551 -12.81069
v 0.473852 19.94449 -12.81069
v 0.375758 -20.05551 -12.79598
v 0.375758 19.94449 -12.79598
v 0.278851 19.94449 -12.77483
v 0.278851 -20.05551 -12.77483
v 0.183554 19.94449 -12.74731
v 0.183554 -20.05551 -12.74731
v 0.090283 19.94449 -12.71356
v 0.090283 -20.05551 -12.71356
v -0.000552 19.94449 -12.67371
v -0.000552 -20.05551 -12.67371
v -0.088556 19.94449 -12.62795
v -0.088556 -20.05551 -12.62795
v -0.173343 19.94449 -12.576481
v -0.173343 -20.05551 -12.576481
v -0.254542 -20.05551 -12.51951
v -0.254542 19.94449 -12.51951
v -0.331799 19.94449 -12.4573
v -0.331799 -20.05551 -12.4573
v -0.404776 19.94449 -12.39012
v -0.404776 -20.05551 -12.39012
v -0.473153 19.94449 -12.31826
v -0.473153 -20.05551 -12.31826
v -0.536632 19.94449 -12.24205
v -0.536632 -20.05551 -12.24205
v -0.594934 19.94449 -12.161799
v -0.594934 -20.05551 -12.161799
v -0.647806 19.94449 -12.07788
v -0.647806 -20.05551 -12.07788
v -0.695015 19.94449 -11.990641
v -0.695015 -20.05551 -11.990641
v -0.736355 19.94449 -11.90048
v -0.736355 -20.05551 -11.90048
v -0.771647 19.94449 -11.807779
v -0.771647 -20.05551 -11.807779
v -0.800734 -20.05551 -11.71295
v -0.800734 19.94449 -11.71295
v -0.823491 -20.05551 -11.616401
v -0.823491 19.94449 -11.616401
v -0.839817 19.94449 -11.51857
v -0.839817 -20.05551 -11.51857
v -0.849641 19.94449 -11.41986
v -0.849641 -20.05551 -11.41986
v -2.08981 19.94449 -11.35862
v -0.688549 -20.05551 -13.709889
v -2.08981 -20.05551 -11.35862
v -0.688549 19.94449 -13.709889
v 2.048341 -20.05551 -13.672
v 2.048341 19.94449 -13.672
v 3.383968 -20.05551 -11.282829
v 3.383968 19.94449 -11.282829
v 1.982707 -20.05551 -8.931565
v 1.982707 19.94449 -8.931565
v -0.754182 -20.05551 -8.969459
v -0.754182 19.94449 -8.969459
vn 0.024922 -0.024536 0.999388
vn -0.024922 -0.024536 0.999388
vn -0.118437 -0.990273 0.073019
vn 0.092567 -0.995405 0.024493
vn 0.004073 -0.998294 0.058241
vn 0.004759 -0.999415 0.03386
vn -0.017392 -0.992333 0.122365
vn 0.007128 -0.994767 0.101916
vn 0.106534 -0.990138 0.090978
vn 0.007109 -0.999415 0.033445
vn 0.010701 -0.994748 0.10179
vn 0.01422 -0.994767 0.101171
vn 0.039232 -0.98455 0.170652
vn -0.020673 -0.975498 0.219035
vn 0.037385 -0.984581 0.170889
vn 0.009425 -0.999415 0.032868
vn 0.021242 -0.994767 0.099933
vn 0.017772 -0.994748 0.100796
vn 0.011876 -0.985402 0.169826
vn 0.017746 -0.98549 0.168803
vn 0.011694 -0.999415 0.03213
vn 0.024761 -0.994748 0.099311
vn 0.02816 -0.994767 0.098208
vn 0.029472 -0.98549 0.167155
vn 0.023692 -0.985403 0.168584
vn -0.00644 -0.96376 0.266691
vn 0.047142 -0.97196 0.230373
vn 0.016487 -0.971671 0.235761
vn 0.013906 -0.999415 0.031237
vn 0.031628 -0.994748 0.097342
vn 0.034942 -0.994767 0.096004
vn 0.035392 -0.985403 0.166521
vn 0.041062 -0.98549 0.16469
vn 0.024808 -0.971434 0.236008
vn 0.032891 -0.971671 0.234037
vn 0.010982 -0.932944 0.359854
vn 0.001219 -0.949525 0.31369
vn 0.03964 -0.951748 0.304309
vn 0.016053 -0.999415 0.03019
vn 0.038342 -0.994748 0.094898
vn 0.041552 -0.994767 0.093334
vn 0.05245 -0.98549 0.161425
vn 0.046925 -0.985403 0.163645
vn 0.041208 -0.971434 0.233704
vn 0.049133 -0.971671 0.231174
vn 0.021165 -0.952866 0.302651
vn 0.031553 -0.953361 0.30018
vn 0.018119 -0.999415 0.028997
vn 0.044867 -0.994748 0.091993
vn 0.047966 -0.994767 0.090205
vn 0.063584 -0.98549 0.157374
vn 0.058229 -0.985402 0.159973
vn 0.065145 -0.971671 0.227182
vn 0.05741 -0.971434 0.230261
vn 0.052412 -0.953361 0.297248
vn 0.042223 -0.952867 0.300437
vn 0.020099 -0.999415 0.027662
vn 0.030377 -0.930974 0.363821
vn 0.004337 -0.914176 0.405295
vn 0.025522 -0.930678 0.364948
vn 0.051174 -0.994748 0.088639
vn 0.054138 -0.994768 0.086641
vn 0.074406 -0.98549 0.152555
vn 0.069242 -0.985403 0.155523
vn 0.073333 -0.971434 0.225695
vn 0.080836 -0.971671 0.222083
vn 0.073019 -0.953361 0.292868
vn 0.063077 -0.952867 0.29676
vn 0.021978 -0.999415 0.026194
vn 0.050914 -0.930678 0.362279
vn 0.038473 -0.929797 0.366057
vn 0.060053 -0.994767 0.082652
vn 0.057236 -0.994748 0.084851
vn -0.006593 -0.893221 0.44957
vn 0.038493 -0.90143 0.431211
vn 0.084864 -0.98549 0.146995
vn 0.079924 -0.985403 0.150313
vn 0.088896 -0.971434 0.220029
vn 0.096125 -0.971671 0.215905
vn 0.093272 -0.953361 0.287061
vn 0.083627 -0.952867 0.291637
vn 0.023752 -0.999415 0.024596
vn 0.076061 -0.930678 0.357846
vn 0.063918 -0.929797 0.362481
vn 0.065668 -0.994767 0.078265
vn 0.063012 -0.994748 0.080655
vn 0.044749 -0.903723 0.425772
vn 0.030071 -0.902309 0.430039
vn 0.094917 -0.98549 0.140712
vn 0.090212 -0.985402 0.144373
vn 0.104031 -0.971434 0.213291
vn 0.110955 -0.971671 0.208673
vn 0.103764 -0.952867 0.285094
vn 0.113067 -0.953361 0.279855
vn 0.025411 -0.999415 0.022878
vn 0.089045 -0.929796 0.357141
vn 0.100841 -0.930678 0.351668
vn 0.068487 -0.994748 0.076061
vn 0.070969 -0.994767 0.073493
vn 0.074344 -0.903723 0.421612
vn 0.059995 -0.902309 0.426894
vn 0.100065 -0.985403 0.137727
vn 0.104495 -0.98549 0.133753
vn 0.014855 -0.844778 0.534911
vn 0.022044 -0.869868 0.492791
vn 0.034063 -0.872658 0.487142
vn 0.029365 -0.872101 0.488444
vn 0.125237 -0.971671 0.200426
vn 0.118653 -0.971434 0.205516
vn 0.123402 -0.952866 0.27716
vn 0.132317 -0.953361 0.271286
vn 0.026943 -0.999415 0.021052
vn 0.113739 -0.929797 0.350059
vn 0.125122 -0.930678 0.343778
vn 0.075928 -0.994767 0.068357
vn 0.073624 -0.994748 0.0711
vn 0.08963 -0.90231 0.421668
vn 0.10357 -0.903723 0.4154
vn 0.109429 -0.985403 0.130412
vn 0.113574 -0.98549 0.126135
vn 0.051437 -0.870557 0.489372
vn 0.067961 -0.872657 0.483581
vn 0.132704 -0.971434 0.196737
vn 0.138916 -0.971671 0.191201
vn 0.035425 -0.835098 0.54896
vn -0.004906 -0.817565 0.575815
vn 0.14243 -0.952867 0.267878
vn 0.150915 -0.953361 0.261396
vn 0.028347 -0.999415 0.01912
vn 0.137883 -0.929797 0.341272
vn 0.148803 -0.930678 0.33421
vn 0.080505 -0.994767 0.062902
vn 0.078404 -0.994748 0.06579
vn 0.118821 -0.90231 0.41439
vn 0.132293 -0.903724 0.407163
vn 0.122094 -0.98549 0.117909
vn 0.11826 -0.985402 0.12246
vn 0.101533 -0.872657 0.477661
vn 0.085448 -0.870556 0.484593
vn 0.151915 -0.971671 0.181045
vn 0.146102 -0.971434 0.187003
vn 0.038421 -0.83462 0.549484
vn 0.05711 -0.837565 0.543345
vn 0.168786 -0.953361 0.25023
vn 0.160775 -0.952866 0.257288
vn 0.029611 -0.999415 0.017097
vn 0.171748 -0.930678 0.323019
vn 0.161354 -0.929797 0.330821
vn 0.082805 -0.994748 0.060158
vn 0.084699 -0.994767 0.057131
vn 0.160375 -0.903723 0.396943
vn 0.147442 -0.90231 0.405091
vn 0.130022 -0.98549 0.109104
vn 0.126513 -0.985402 0.113914
vn 0.119037 -0.870557 0.477451
vn 0.134599 -0.872658 0.469415
vn 0.164175 -0.971671 0.170005
vn 0.158789 -0.971434 0.176356
vn 0.094872 -0.837565 0.538037
vn 0.076661 -0.834621 0.545464
vn 0.185826 -0.953361 0.237848
vn 0.178327 -0.952867 0.245448
vn 0.030732 -0.999415 0.014988
vn 0.041976 -0.798659 0.600318
vn 0.02541 -0.756964 0.652962
vn 0.019331 -0.788205 0.615109
vn 0.034676 -0.797321 0.602558
vn 0.184036 -0.929796 0.318762
vn 0.193869 -0.930678 0.310247
vn 0.086797 -0.994748 0.054239
vn 0.088477 -0.994767 0.051084
vn 0.187676 -0.903723 0.384789
vn 0.175341 -0.902309 0.393819
vn 0.13732 -0.98549 0.099764
vn 0.134153 -0.985402 0.10481
vn 0.152058 -0.870557 0.467984
vn 0.16702 -0.872658 0.458882
vn 0.175632 -0.971671 0.15814
vn 0.170704 -0.971434 0.164849
vn 0.132167 -0.837563 0.530113
vn 0.114526 -0.834621 0.538788
vn 0.201964 -0.953361 0.224307
vn 0.195015 -0.952867 0.23241
vn 0.031703 -0.999415 0.012809
vn 0.083753 -0.798659 0.595927
vn 0.063445 -0.794722 0.603648
vn 0.205825 -0.929797 0.305145
vn 0.215034 -0.930678 0.295971
vn 0.091826 -0.994767 0.044784
vn 0.09037 -0.994748 0.048051
vn 0.029433 -0.754753 0.655348
vn 0.001298 -0.724248 0.689538
vn 0.202383 -0.902309 0.380629
vn 0.214057 -0.903723 0.370761
vn 0.14394 -0.98549 0.089947
vn 0.141134 -0.985403 0.0952
vn 0.198624 -0.872658 0.446113
vn 0.184332 -0.870557 0.456237
vn 0.186237 -0.971671 0.145502
vn 0.18179 -0.971434 0.152538
vn 0.168829 -0.837564 0.5196
vn 0.151826 -0.834619 0.52949
vn 0.21712 -0.953361 0.209672
vn 0.210752 -0.952866 0.218241
vn 0.032519 -0.999415 0.010566
vn 0.125121 -0.79866 0.588631
vn 0.105399 -0.794723 0.597751
vn 0.235158 -0.930678 0.28025
vn 0.226609 -0.929797 0.290046
vn 0.093502 -0.994748 0.041629
vn 0.094726 -0.994767 0.038272
vn 0.046054 -0.751082 0.658601
vn 0.068403 -0.756146 0.650818
vn 0.239401 -0.903724 0.354924
vn 0.228441 -0.902309 0.365585
vn 0.147435 -0.985402 0.085118
vn 0.149865 -0.98549 0.079686
vn 0.229257 -0.872658 0.431173
vn 0.21571 -0.870557 0.442266
vn 0.19593 -0.971671 0.132162
vn 0.191988 -0.971434 0.139485
vn 0.204663 -0.837563 0.506558
vn 0.188395 -0.83462 0.517608
vn 0.23122 -0.95336 0.194014
vn 0.225465 -0.952866 0.203006
vn 0.033177 -0.999415 0.008272
vn 0.146843 -0.794724 0.588941
vn 0.165871 -0.798659 0.578472
vn 0.254134 -0.930677 0.263164
vn 0.246291 -0.929797 0.273531
vn 0.097165 -0.994767 0.031571
vn 0.096179 -0.994748 0.035005
vn 0.091882 -0.751082 0.653784
vn 0.113635 -0.756146 0.644461
vn 0.263575 -0.903724 0.337361
vn 0.253388 -0.90231 0.348757
vn 0.15506 -0.98549 0.069036
vn 0.153012 -0.985402 0.07463
vn 0.02026 -0.689379 0.724118
vn 0.049114 -0.710129 0.702357
vn 0.036304 -0.706866 0.706415
vn 0.258775 -0.872658 0.41413
vn 0.246031 -0.870557 0.426144
vn 0.201249 -0.971434 0.125756
vn 0.204676 -0.971671 0.118165
vn 0.239502 -0.837563 0.491047
vn 0.224044 -0.834619 0.503205
vn 0.239074 -0.952866 0.186787
vn 0.24419 -0.953361 0.177411
vn 0.033673 -0.999415 0.005937
vn 0.205823 -0.798659 0.565491
vn 0.187564 -0.794722 0.577266
vn 0.271875 -0.930678 0.244793
vn 0.264771 -0.929796 0.255686
vn 0.098386 -0.994748 0.028211
vn 0.09913 -0.994767 0.024717
vn 0.158318 -0.756146 0.634964
vn 0.137267 -0.751081 0.645782
vn 0.277099 -0.90231 0.330233
vn 0.286467 -0.903724 0.318151
vn 0.159497 -0.98549 0.05805
vn 0.157844 -0.985402 0.063775
vn 0.097987 -0.710127 0.697222
vn 0.074257 -0.70382 0.706486
vn 0.287036 -0.872658 0.395068
vn 0.275161 -0.870557 0.407943
vn 0.212418 -0.971671 0.103605
vn 0.209532 -0.971434 0.111407
vn 0.010259 -0.615211 0.788296
vn 0.017456 -0.653096 0.757074
vn 0.033219 -0.658909 0.751489
vn 0.273168 -0.837563 0.473146
vn 0.258596 -0.83462 0.486352
vn 0.251523 -0.952867 0.169652
vn 0.255969 -0.95336 0.159949
vn 0.034005 -0.999415 0.003575
vn 0.227374 -0.794723 0.562775
vn 0.244769 -0.798661 0.549754
vn 0.281959 -0.929797 0.236594
vn 0.288284 -0.930678 0.225235
vn 0.100613 -0.994767 0.017739
vn 0.100114 -0.994748 0.021279
vn 0.20222 -0.756147 0.622373
vn 0.181976 -0.751083 0.634633
vn 0.307961 -0.903724 0.297394
vn 0.299458 -0.90231 0.310099
vn 0.161908 -0.985403 0.052607
vn 0.163158 -0.98549 0.046784
vn 0.146387 -0.710128 0.688687
vn 0.123355 -0.703819 0.699587
vn 0.313895 -0.872658 0.374084
vn 0.302949 -0.870557 0.387753
vn 0.216791 -0.971434 0.096525
vn 0.219127 -0.971671 0.088536
vn 0.078451 -0.660875 0.746384
vn 0.052814 -0.653235 0.755311
vn 0.291893 -0.834619 0.467129
vn 0.30551 -0.837563 0.452936
vn 0.262742 -0.952866 0.151697
vn 0.266504 -0.953361 0.141699
vn 0.034172 -0.999415 0.001192
vn 0.266079 -0.794725 0.545541
vn 0.282518 -0.798661 0.531342
vn 0.297777 -0.929797 0.216349
vn 0.303296 -0.930678 0.204573
vn 0.101605 -0.994767 0.010681
vn 0.101355 -0.994748 0.014244
vn 0.225805 -0.751083 0.620393
vn 0.245142 -0.756147 0.606752
vn 0.320362 -0.90231 0.288452
vn 0.327955 -0.903723 0.27519
vn 0.165184 -0.985403 0.041183
vn 0.166024 -0.98549 0.035289
vn 0.194067 -0.710129 0.676798
vn 0.171854 -0.703821 0.689277
vn 0.339224 -0.872657 0.351279
vn 0.329259 -0.870557 0.365676
vn 0.224771 -0.971671 0.073032
vn 0.222999 -0.971434 0.081163
vn 0.13032 -0.660876 0.739093
vn 0.105374 -0.653238 0.749784
vn 0.323767 -0.83462 0.445629
vn 0.336362 -0.837564 0.43052
vn 0.275738 -0.95336 0.12277
vn 0.272686 -0.952867 0.132994
vn 0.055347 -0.608605 0.791541
vn 0.023284 -0.575637 0.817374
vn 0.036354 -0.60241 0.797359
vn 0.034172 -0.999415 -0.001192
vn 0.318895 -0.79866 0.510342
vn 0.303487 -0.794724 0.525652
vn 0.312142 -0.929797 0.19505
vn 0.316824 -0.930678 0.182922
vn 0.102102 -0.994748 0.00714
vn 0.102103 -0.994767 0.00356
vn 0.286872 -0.756146 0.588174
vn 0.268533 -0.751081 0.603131
vn 0.346353 -0.903723 0.251642
vn 0.339701 -0.902309 0.265406
vn 0.168081 -0.98549 0.023621
vn 0.167654 -0.985403 0.029562
vn 0.240808 -0.710127 0.661613
vn 0.219522 -0.70382 0.67561
vn 0.353961 -0.870557 0.341823
vn 0.362903 -0.872658 0.326755
vn 0.228117 -0.971434 0.065412
vn 0.229318 -0.971671 0.057173
vn 0.157424 -0.653237 0.740608
vn 0.18156 -0.660874 0.728204
vn 0.354064 -0.83462 0.421957
vn 0.365573 -0.837565 0.406007
vn 0.281297 -0.952866 0.113655
vn 0.283631 -0.953361 0.103231
vn 0.110429 -0.608606 0.785751
vn 0.083652 -0.599581 0.795931
vn 0.034005 -0.999415 -0.003575
vn 0.353718 -0.79866 0.486853
vn 0.339413 -0.794723 0.503203
vn 0.328816 -0.930678 0.16037
vn 0.32499 -0.929797 0.172799
vn 0.02115 -0.492788 0.869892
vn 0.010174 -0.534979 0.844804
vn 0.037313 -0.550666 0.833891
vn 0.102351 -0.994748 0.0
vn 0.102103 -0.994767 -0.00356
vn 0.327202 -0.756146 0.566729
vn 0.309949 -0.751081 0.582931
vn 0.363064 -0.903723 0.226869
vn 0.35739 -0.902309 0.241061
vn 0.169308 -0.985403 0.017794
vn 0.16932 -0.98549 0.01184
vn 0.286373 -0.71013 0.6432
vn 0.266108 -0.70382 0.658653
vn 0.384811 -0.872657 0.30065
vn 0.376949 -0.870557 0.31629
vn 0.232123 -0.971434 0.04934
vn 0.232747 -0.971671 0.04104
vn 0.208699 -0.653235 0.727824
vn 0.231919 -0.660875 0.713763
vn 0.393 -0.837564 0.379523
vn 0.382636 -0.834621 0.396229
vn 0.290141 -0.953361 0.083197
vn 0.288541 -0.952867 0.093752
vn 0.138972 -0.599582 0.788155
vn 0.164975 -0.608607 0.776132
vn 0.033673 -0.999415 -0.005937
vn 0.373691 -0.794723 0.4783
vn 0.386819 -0.798659 0.460993
vn 0.336253 -0.929797 0.149706
vn 0.3392 -0.930678 0.13705
vn 0.058571 -0.543095 0.837626
vn 0.087051 -0.553523 0.828272
vn 0.102102 -0.994748 -0.00714
vn 0.101605 -0.994767 -0.010681
vn 0.365935 -0.756147 0.542524
vn 0.349855 -0.751082 0.55989
vn 0.378006 -0.903723 0.200989
vn 0.373335 -0.902309 0.215544
vn 0.170137 -0.985402 0.005942
vn 0.169733 -0.98549 0.0
vn 0.330541 -0.71013 0.621658
vn 0.311409 -0.703822 0.638481
vn 0.404847 -0.872657 0.273071
vn 0.398091 -0.870556 0.289233
vn 0.235042 -0.971671 0.024702
vn 0.234999 -0.971434 0.033029
vn 0.258962 -0.653237 0.711491
vn 0.281137 -0.660874 0.695851
vn 0.418523 -0.837565 0.351174
vn 0.409343 -0.83462 0.368577
vn 0.294378 -0.952867 0.073396
vn 0.295238 -0.953361 0.062755
vn 0.193614 -0.599583 0.77654
vn 0.218709 -0.608607 0.762734
vn 0.033177 -0.999415 -0.008272
vn 0.418035 -0.798659 0.432886
vn 0.406144 -0.794722 0.451069
vn 0.345876 -0.929796 0.12589
vn 0.347935 -0.930678 0.11305
vn 0.116861 -0.543093 0.831501
vn 0.14462 -0.553521 0.820183
vn 0.100613 -0.994767 -0.017739
vn 0.101355 -0.994748 -0.014244
vn 0.388062 -0.751082 0.534119
vn 0.402892 -0.756147 0.515675
vn 0.391106 -0.903723 0.174128
vn 0.387461 -0.902309 0.188978
vn 0.035335 -0.485969 0.873261
vn 0.027443 -0.449425 0.892897
vn 0.060575 -0.49586 0.866287
vn 0.16932 -0.98549 -0.01184
vn 0.170137 -0.985403 -0.005942
vn 0.355191 -0.703821 0.615204
vn 0.3731 -0.710127 0.597089
vn 0.417297 -0.870557 0.260757
vn 0.422909 -0.872658 0.244165
vn 0.236731 -0.971434 0.01655
vn 0.236193 -0.971671 0.008249
vn 0.328998 -0.660873 0.674543
vn 0.307963 -0.653234 0.691697
vn 0.441995 -0.837565 0.321131
vn 0.434055 -0.834622 0.339121
vn 0.29878 -0.952867 0.052685
vn 0.298896 -0.953361 0.04201
vn 0.271384 -0.608607 0.745619
vn 0.24731 -0.599582 0.761143
vn 0.032519 -0.999415 -0.010566
vn 0.436621 -0.794723 0.421637
vn 0.447211 -0.798659 0.402674
vn 0.354973 -0.930678 0.088504
vn 0.353815 -0.929797 0.101456
vn 0.201482 -0.553518 0.808098
vn 0.174582 -0.54309 0.821325
vn 0.100114 -0.994748 -0.021279
vn 0.09913 -0.994767 -0.024717
vn 0.437879 -0.756148 0.486315
vn 0.424372 -0.751083 0.50575
vn 0.402298 -0.903723 0.146426
vn 0.399698 -0.90231 0.161488
vn 0.091466 -0.484047 0.870249
vn 0.120859 -0.49586 0.859951
vn 0.168081 -0.98549 -0.023621
vn 0.169308 -0.985403 -0.017794
vn 0.413845 -0.710128 0.569606
vn 0.397238 -0.703819 0.588932
vn 0.43891 -0.872658 0.214071
vn 0.43447 -0.870557 0.231011
vn 0.038239 -0.433138 0.900516
vn 0.007433 -0.405247 0.914177
vn 0.237309 -0.971434 0.0
vn 0.236193 -0.971671 -0.008249
vn 0.375251 -0.660873 0.649948
vn 0.355464 -0.653234 0.668528
vn 0.456657 -0.834621 0.308015
vn 0.463322 -0.837564 0.289516
vn 0.301728 -0.952866 0.031713
vn 0.301098 -0.953361 0.02105
vn 0.299806 -0.599582 0.742037
vn 0.322734 -0.608605 0.724874
vn 0.031703 -0.999415 -0.012809
vn 0.474213 -0.798658 0.370496
vn 0.464969 -0.794722 0.390156
vn 0.360281 -0.930678 0.063529
vn 0.360029 -0.929797 0.076528
vn 0.25736 -0.553522 0.792073
vn 0.231441 -0.543092 0.807147
vn 0.097165 -0.994767 -0.031571
vn 0.098386 -0.994748 -0.028211
vn 0.470739 -0.756147 0.454585
vn 0.458621 -0.751083 0.474912
vn 0.40999 -0.90231 0.133214
vn 0.411532 -0.903723 0.118007
vn 0.180555 -0.49586 0.849425
vn 0.151951 -0.484047 0.861748
vn 0.167654 -0.985403 -0.029562
vn 0.166024 -0.98549 -0.035289
vn 0.452567 -0.710129 0.539352
vn 0.43735 -0.703821 0.559786
vn 0.449525 -0.870557 0.200143
vn 0.452773 -0.872658 0.182932
vn 0.063218 -0.422776 0.904026
vn 0.094074 -0.435911 0.89506
vn 0.236731 -0.971434 -0.01655
vn 0.235042 -0.971671 -0.024702
vn 0.401232 -0.653235 0.642103
vn 0.419672 -0.660873 0.622191
vn 0.482388 -0.837564 0.25649
vn 0.477028 -0.83462 0.275415
vn 0.301833 -0.953361 0.0
vn 0.303204 -0.952867 0.010587
vn 0.350831 -0.599581 0.719319
vn 0.372513 -0.608607 0.700593
vn 0.030732 -0.999415 -0.014988
vn 0.491051 -0.794722 0.356772
vn 0.498903 -0.798659 0.33651
vn 0.363836 -0.930678 0.038241
vn 0.364492 -0.929797 0.051225
vn 0.287186 -0.543093 0.789034
vn 0.311988 -0.553522 0.772189
vn 0.096179 -0.994748 -0.035005
vn 0.094726 -0.994767 -0.038272
vn 0.501301 -0.756147 0.420642
vn 0.490631 -0.751082 0.441765
vn 0.418761 -0.903723 0.089012
vn 0.418283 -0.90231 0.104292
vn 0.239359 -0.495861 0.834763
vn 0.21169 -0.48405 0.849049
vn 0.163158 -0.98549 -0.046784
vn 0.165184 -0.985402 -0.041183
vn 0.489092 -0.710127 0.506466
vn 0.475338 -0.70382 0.527912
vn 0.462393 -0.870557 0.168295
vn 0.464432 -0.872658 0.150904
vn 0.156283 -0.43591 0.886317
vn 0.126125 -0.422774 0.897415
vn 0.234999 -0.971434 -0.033029
vn 0.232747 -0.971671 -0.04104
vn 0.46205 -0.660874 0.591401
vn 0.445042 -0.653235 0.612553
vn 0.499106 -0.837563 0.222218
vn 0.49508 -0.83462 0.241464
vn 0.032375 -0.313513 0.949032
vn 0.033389 -0.359686 0.932476
vn 0.064699 -0.373912 0.925205
vn 0.033708 -0.360071 0.932316
vn 0.303204 -0.952867 -0.010587
vn 0.301098 -0.953361 -0.02105
vn 0.420478 -0.608606 0.672902
vn 0.40016 -0.599582 0.69309
vn 0.029611 -0.999415 -0.017097
vn 0.514741 -0.794723 0.321646
vn 0.521158 -0.79866 0.300893
vn 0.367178 -0.929796 0.025674
vn 0.365618 -0.930677 0.012766
vn 0.341527 -0.543094 0.767078
vn 0.365088 -0.553521 0.748549
vn 0.091826 -0.994767 -0.044784
vn 0.093502 -0.994748 -0.041629
vn 0.520249 -0.751083 0.406467
vn 0.529421 -0.756148 0.384649
vn 0.423952 -0.903723 0.059581
vn 0.424541 -0.902309 0.074855
vn 0.270401 -0.484047 0.832215
vn 0.297012 -0.495861 0.81603
vn 0.161908 -0.985403 -0.052607
vn 0.159497 -0.98549 -0.05805
vn 0.523228 -0.710129 0.471115
vn 0.511003 -0.70382 0.493471
vn 0.473005 -0.870557 0.135635
vn 0.473826 -0.872658 0.11814
vn 0.188413 -0.422777 0.886431
vn 0.217725 -0.435913 0.873256
vn 0.232123 -0.971434 -0.04934
vn 0.229318 -0.971671 -0.057173
vn 0.502182 -0.660875 0.557725
vn 0.48669 -0.653235 0.580015
vn 0.510717 -0.83462 0.206345
vn 0.513391 -0.837564 0.186857
vn 0.12908 -0.373914 0.918437
vn 0.097537 -0.359555 0.928012
vn 0.301728 -0.952866 -0.031713
vn 0.298896 -0.953361 -0.04201
vn 0.447525 -0.599583 0.663492
vn 0.466388 -0.608608 0.641934
vn 0.028347 -0.999415 -0.01912
vn 0.535924 -0.794723 0.284957
vn 0.54088 -0.79866 0.263801
vn 0.00801 -0.266711 0.963743
vn 0.035865 -0.308897 0.950419
vn 0.368074 -0.929796 0.0
vn 0.365618 -0.930677 -0.012766
vn 0.394203 -0.543091 0.741388
vn 0.416421 -0.553521 0.721254
vn 0.09037 -0.994748 -0.048051
vn 0.088477 -0.994767 -0.051084
vn 0.547339 -0.751082 0.369182
vn 0.554965 -0.756146 0.346781
vn 0.428728 -0.902309 0.045062
vn 0.427074 -0.903723 0.029862
vn 0.353212 -0.495864 0.793323
vn 0.327794 -0.48405 0.811324
vn 0.15506 -0.98549 -0.069036
vn 0.157844 -0.985402 -0.063775
vn 0.544179 -0.703822 0.456623
vn 0.554814 -0.710129 0.433472
vn 0.481316 -0.870557 0.102304
vn 0.480915 -0.872657 0.084795
vn 0.249795 -0.422776 0.871127
vn 0.278111 -0.435909 0.855943
vn 0.224771 -0.971671 -0.073032
vn 0.228117 -0.971434 -0.065412
vn 0.539862 -0.660874 0.52134
vn 0.525965 -0.653236 0.544649
vn 0.523867 -0.83462 0.170212
vn 0.525175 -0.837563 0.150595
vn 0.162035 -0.359557 0.918947
vn 0.192826 -0.373913 0.907197
vn 0.29878 -0.952867 -0.052685
vn 0.295238 -0.953361 -0.062755
vn 0.510034 -0.608606 0.607835
vn 0.492722 -0.599582 0.630655
vn 0.026943 -0.999415 -0.021052
vn 0.557962 -0.79866 0.225434
vn 0.554496 -0.794724 0.246876
vn 0.099374 -0.31012 0.94549
vn 0.066658 -0.294678 0.953269
vn 0.367178 -0.929796 -0.025674
vn 0.363836 -0.930678 -0.038241
vn 0.465712 -0.55352 0.690455
vn 0.444961 -0.543093 0.712081
vn 0.084699 -0.994767 -0.057131
vn 0.086797 -0.994748 -0.054239
vn 0.577803 -0.756146 0.307224
vn 0.571758 -0.751082 0.330105
vn 0.430826 -0.90231 0.015044
vn 0.428117 -0.903723 0.0
vn 0.383597 -0.48405 0.786479
vn 0.40769 -0.495861 0.766754
vn 0.149865 -0.98549 -0.079686
vn 0.153012 -0.985402 -0.07463
vn 0.583703 -0.710129 0.39371
vn 0.574707 -0.703821 0.41755
vn 0.487278 -0.870557 0.068483
vn 0.485657 -0.872658 0.051046
vn 0.337141 -0.435906 0.834459
vn 0.309953 -0.422772 0.851583
vn 0.222999 -0.971434 -0.081163
vn 0.219127 -0.971671 -0.088536
vn 0.574913 -0.660873 0.482412
vn 0.562676 -0.653235 0.506636
vn 0.534464 -0.83462 0.133261
vn 0.5344 -0.837565 0.113587
vn 0.255647 -0.373912 0.891535
vn 0.225744 -0.359553 0.905407
vn 0.294378 -0.952867 -0.073396
vn 0.290141 -0.953361 -0.083197
vn 0.551195 -0.608606 0.570775
vn 0.535516 -0.599581 0.594748
vn 0.025411 -0.999415 -0.022878
vn 0.570368 -0.794723 0.207596
vn 0.57233 -0.79866 0.185959
vn 0.165087 -0.310119 0.936254
vn 0.132994 -0.294677 0.946297
vn 0.360281 -0.930678 -0.063529
vn 0.364492 -0.929797 -0.051225
vn 0.512745 -0.553521 0.656283
vn 0.493546 -0.54309 0.679313
vn 0.082805 -0.994748 -0.060158
vn 0.080505 -0.994767 -0.062902
vn 0.597827 -0.756146 0.266169
vn 0.593393 -0.751081 0.289416
vn 0.038632 -0.230777 0.97224
vn 0.037979 -0.170841 0.984566
vn 0.031521 -0.21899 0.975218
vn 0.067633 -0.24485 0.967199
vn 0.427074 -0.903723 -0.029862
vn 0.430826 -0.90231 -0.015044
vn 0.460184 -0.495863 0.736444
vn 0.437519 -0.484049 0.757809
vn 0.14394 -0.98549 -0.089947
vn 0.147435 -0.985402 -0.085118
vn 0.609743 -0.710129 0.352036
vn 0.602434 -0.703822 0.376441
vn 0.490868 -0.870557 0.034328
vn 0.488034 -0.872658 0.017042
vn 0.394534 -0.435909 0.808904
vn 0.368598 -0.42277 0.827889
vn 0.212418 -0.971671 -0.103605
vn 0.216791 -0.971434 -0.096525
vn 0.596647 -0.653234 0.466152
vn 0.607165 -0.660872 0.441133
vn 0.542458 -0.83462 0.095645
vn 0.541023 -0.837564 0.076036
vn 0.317213 -0.373915 0.87153
vn 0.28835 -0.359555 0.887454
vn 0.283631 -0.953361 -0.103231
vn 0.288541 -0.952867 -0.093752
vn 0.589664 -0.608607 0.530937
vn 0.575696 -0.599582 0.555945
vn 0.023752 -0.999415 -0.024596
vn 0.583459 -0.794724 0.167304
vn 0.583907 -0.798659 0.145589
vn 0.229996 -0.310118 0.922458
vn 0.198682 -0.294676 0.934715
vn 0.354973 -0.930678 -0.088504
vn 0.360029 -0.929797 -0.076528
vn 0.557278 -0.553521 0.618916
vn 0.539733 -0.543091 0.643227
vn 0.075928 -0.994767 -0.068357
vn 0.078404 -0.994748 -0.06579
vn 0.612134 -0.751082 0.247321
vn 0.614936 -0.756147 0.223818
vn 0.134937 -0.244851 0.960125
vn 0.101763 -0.228496 0.968212
vn 0.428728 -0.902309 -0.045062
vn 0.423952 -0.903723 -0.059581
vn 0.489315 -0.484052 0.725441
vn 0.51043 -0.495864 0.702553
vn 0.13732 -0.98549 -0.099764
vn 0.141134 -0.985403 -0.0952
vn 0.627227 -0.703821 0.3335
vn 0.632816 -0.710128 0.308645
vn 0.0114 -0.122397 0.992416
vn 0.029474 -0.180755 0.983086
vn 0.488034 -0.872658 -0.017042
vn 0.492066 -0.870558 0.0
vn 0.42545 -0.422776 0.800158
vn 0.449993 -0.435911 0.779415
vn 0.204676 -0.971671 -0.118165
vn 0.209532 -0.971434 -0.111407
vn 0.636458 -0.660873 0.397702
vn 0.62771 -0.653234 0.423398
vn 0.545008 -0.837564 0.038114
vn 0.547808 -0.83462 0.057581
vn 0.377231 -0.373916 0.84728
vn 0.349553 -0.359558 0.865177
vn 0.281297 -0.952866 -0.113655
vn 0.275738 -0.95336 -0.12277
vn 0.613076 -0.599582 0.514431
vn 0.625265 -0.608606 0.488511
vn 0.021978 -0.999415 -0.026194
vn 0.59371 -0.794722 0.126197
vn 0.592642 -0.79866 0.104494
vn 0.293781 -0.31012 0.904167
vn 0.263397 -0.294677 0.918579
vn 0.353815 -0.929797 -0.101456
vn 0.347935 -0.930678 -0.11305
vn 0.599091 -0.553522 0.578536
vn 0.583285 -0.543093 0.604011
vn 0.070969 -0.994767 -0.073493
vn 0.073624 -0.994748 -0.0711
vn 0.629052 -0.756147 0.180377
vn 0.627896 -0.751083 0.204014
vn 0.169056 -0.228496 0.958754
vn 0.201585 -0.24485 0.948373
vn 0.418761 -0.903723 -0.089012
vn 0.424541 -0.902309 -0.074855
vn 0.558199 -0.495862 0.665233
vn 0.538729 -0.484049 0.689541
vn 0.134153 -0.985402 -0.10481
vn 0.130022 -0.98549 -0.109104
vn 0.652804 -0.710128 0.263753
vn 0.648962 -0.703821 0.288937
vn 0.102852 -0.178374 0.978573
vn 0.06884 -0.161307 0.9845
vn 0.485657 -0.872658 -0.051046
vn 0.490868 -0.870557 -0.034328
vn 0.480232 -0.422774 0.76853
vn 0.503267 -0.435909 0.746127
vn 0.201249 -0.971434 -0.125756
vn 0.19593 -0.971671 -0.132162
vn 0.655718 -0.653234 0.378575
vn 0.662652 -0.660872 0.352336
vn 0.550491 -0.83462 0.019222
vn 0.54634 -0.837563 0.0
vn 0.435416 -0.373912 0.818903
vn 0.409056 -0.359556 0.838685
vn 0.272686 -0.952867 -0.132994
vn 0.266504 -0.953361 -0.141699
vn 0.657819 -0.608604 0.443706
vn 0.647469 -0.599581 0.470411
vn 0.020099 -0.999415 -0.027662
vn 0.601063 -0.794724 0.084476
vn 0.598485 -0.79866 0.062907
vn 0.326832 -0.294678 0.897968
vn 0.356136 -0.31012 0.881472
vn 0.3392 -0.930678 -0.13705
vn 0.345876 -0.929796 -0.12589
vn 0.623998 -0.543093 0.561851
vn 0.637989 -0.553522 0.535335
vn 0.065668 -0.994767 -0.078265
vn 0.068487 -0.994748 -0.076061
vn 0.640103 -0.756146 0.136058
vn 0.640598 -0.751082 0.159717
vn 0.267246 -0.244852 0.932002
vn 0.23552 -0.228497 0.944627
vn 0.418283 -0.90231 -0.104292
vn 0.411532 -0.903723 -0.118007
vn 0.585515 -0.48405 0.650282
vn 0.603241 -0.495863 0.624676
vn 0.122094 -0.98549 -0.117909
vn 0.126513 -0.985402 -0.113914
vn 0.669614 -0.710128 0.217568
vn 0.667538 -0.703819 0.242963
vn 0.170865 -0.178376 0.969014
vn 0.13735 -0.161309 0.9773
vn 0.480915 -0.872657 -0.084795
vn 0.487278 -0.870557 -0.068483
vn 0.55409 -0.435909 0.709202
vn 0.532672 -0.422773 0.73316
vn 0.186237 -0.971671 -0.145502
vn 0.191988 -0.971434 -0.139485
vn 0.680524 -0.653235 0.331919
vn 0.685612 -0.660875 0.305255
vn 0.0747 -0.029779 0.996761
vn 0.030692 -0.073528 0.996821
vn 0.069323 -0.11099 0.991401
vn 0.040039 -0.039894 0.998401
vn 0.040457 -0.096346 0.994525
vn 0.545008 -0.837564 -0.038114
vn 0.550491 -0.83462 -0.019222
vn 0.46656 -0.359554 0.80811
vn 0.491481 -0.373914 0.786533
vn 0.262742 -0.952866 -0.151697
vn 0.255969 -0.95336 -0.159949
vn 0.687169 -0.608606 0.396732
vn 0.678704 -0.59958 0.424104
vn 0.018119 -0.999415 -0.028997
vn 0.605494 -0.794723 0.042339
vn 0.601417 -0.79866 0.021001
vn 0.41676 -0.310121 0.85448
vn 0.388676 -0.294678 0.872981
vn 0.336252 -0.929797 -0.149706
vn 0.328816 -0.930678 -0.16037
vn 0.673778 -0.553523 0.489526
vn 0.661672 -0.543093 0.516953
vn 0.063012 -0.994748 -0.080655
vn 0.060053 -0.994767 -0.082652
vn 0.648034 -0.756146 0.091077
vn 0.650179 -0.751082 0.114646
vn 0.331608 -0.24485 0.91109
vn 0.300843 -0.228496 0.925896
vn 0.402298 -0.903723 -0.146426
vn 0.40999 -0.90231 -0.133214
vn 0.645349 -0.495859 0.581075
vn 0.629455 -0.484048 0.607852
vn 0.113574 -0.98549 -0.126135
vn 0.11826 -0.985402 -0.12246
vn 0.683159 -0.710129 0.170329
vn 0.682859 -0.70382 0.195807
vn 0.238041 -0.178373 0.954735
vn 0.205192 -0.16131 0.965337
vn 0.473826 -0.872658 -0.11814
vn 0.481316 -0.870557 -0.102304
vn 0.60221 -0.435912 0.668823
vn 0.582514 -0.422775 0.694219
vn 0.18179 -0.971434 -0.152538
vn 0.175632 -0.971671 -0.15814
vn 0.705236 -0.660875 0.256684
vn 0.702021 -0.653236 0.283635
vn 0.124284 -0.031223 0.991755
vn 0.104066 -0.093439 0.990171
vn 0.104427 -0.042846 0.993609
vn 0.138312 -0.110994 0.98415
vn 0.547808 -0.83462 -0.057581
vn 0.541023 -0.837564 -0.076036
vn 0.54515 -0.373914 0.750334
vn 0.521797 -0.359555 0.773594
vn 0.251523 -0.952867 -0.169652
vn 0.24419 -0.953361 -0.177411
vn 0.713166 -0.608606 0.34784
vn 0.706634 -0.599583 0.375723
vn 0.016053 -0.999415 -0.03019
vn 0.601417 -0.79866 -0.021001
vn 0.606972 -0.794723 0.0
vn 0.475346 -0.310122 0.823329
vn 0.448624 -0.294681 0.843742
vn 0.316824 -0.930678 -0.182922
vn 0.32499 -0.929797 -0.172799
vn 0.706283 -0.553521 0.441338
vn 0.696121 -0.543094 0.469537
vn 0.054138 -0.994768 -0.086641
vn 0.057236 -0.994748 -0.084851
vn 0.656592 -0.751082 0.069012
vn 0.652808 -0.756147 0.045648
vn 0.394356 -0.244847 0.885739
vn 0.364699 -0.228494 0.902655
vn 0.399698 -0.90231 -0.161488
vn 0.391106 -0.903723 -0.174128
vn 0.68431 -0.495862 0.53464
vn 0.670319 -0.484048 0.562468
vn 0.104495 -0.98549 -0.133753
vn 0.109429 -0.985403 -0.130412
vn 0.693375 -0.710129 0.122262
vn 0.694853 -0.703822 0.147697
vn 0.304062 -0.178374 0.935804
vn 0.272027 -0.161307 0.948674
vn 0.473005 -0.870557 -0.135635
vn 0.464432 -0.872658 -0.150904
vn 0.629527 -0.422774 0.651888
vn 0.647402 -0.435909 0.625183
vn 0.164175 -0.971671 -0.170005
vn 0.170704 -0.971434 -0.164849
vn 0.720097 -0.653236 0.233973
vn 0.721423 -0.660875 0.206865
vn 0.173519 -0.038483 0.984078
vn 0.222409 -0.031226 0.974453
vn 0.20663 -0.110992 0.972103
vn 0.17289 -0.09344 0.980499
vn 0.173521 -0.03848 0.984078
vn 0.542458 -0.83462 -0.095645
vn 0.5344 -0.837565 -0.113587
vn 0.59616 -0.37391 0.710482
vn 0.57449 -0.359555 0.735311
vn 0.239074 -0.952866 -0.186787
vn 0.23122 -0.95336 -0.194014
vn 0.735696 -0.608605 0.29724
vn 0.731123 -0.59958 0.325518
vn 0.013906 -0.999415 -0.031237
vn 0.598485 -0.79866 -0.062907
vn 0.605494 -0.794723 -0.042339
vn 0.506389 -0.294678 0.810391
vn 0.531624 -0.310121 0.788163
vn 0.303296 -0.930678 -0.204573
vn 0.312142 -0.929797 -0.19505
vn 0.727177 -0.543092 0.419839
vn 0.73535 -0.553522 0.390992
vn 0.051174 -0.994748 -0.088639
vn 0.047966 -0.994767 -0.090205
vn 0.659806 -0.751083 0.023041
vn 0.654402 -0.756147 0.0
vn 0.42677 -0.228494 0.875019
vn 0.45518 -0.244851 0.856072
vn 0.378006 -0.903723 -0.200989
vn 0.387461 -0.902309 -0.188978
vn 0.707924 -0.48405 0.514335
vn 0.719938 -0.495863 0.485602
vn 0.094917 -0.98549 -0.140712
vn 0.100065 -0.985403 -0.137727
vn 0.703465 -0.703821 0.098864
vn 0.700216 -0.710128 0.073597
vn 0.337541 -0.161308 0.927386
vn 0.368601 -0.178375 0.912313
vn 0.462393 -0.870557 -0.168295
vn 0.452773 -0.872658 -0.182932
vn 0.68943 -0.43591 0.578505
vn 0.673463 -0.422775 0.60639
vn 0.158789 -0.971434 -0.176356
vn 0.151915 -0.971671 -0.181045
vn 0.734663 -0.653236 0.183173
vn 0.734096 -0.660875 0.156039
vn 0.270717 -0.029779 0.962198
vn 0.241701 -0.042847 0.969404
vn 0.273933 -0.110992 0.955323
vn 0.240864 -0.093441 0.96605
vn 0.525175 -0.837563 -0.150595
vn 0.534464 -0.83462 -0.133261
vn 0.644274 -0.373912 0.667159
vn 0.624382 -0.359551 0.693448
vn 0.21712 -0.953361 -0.209672
vn 0.225465 -0.952866 -0.203006
vn 0.752049 -0.599581 0.273724
vn 0.754638 -0.608606 0.245196
vn 0.011694 -0.999415 -0.03213
vn 0.592642 -0.79866 -0.104494
vn 0.601063 -0.794724 -0.084476
vn 0.58531 -0.310118 0.749159
vn 0.56169 -0.294677 0.773091
vn 0.297777 -0.929797 -0.216349
vn 0.288284 -0.930678 -0.225235
vn 0.754694 -0.543093 0.368087
vn 0.760833 -0.553521 0.338746
vn 0.044867 -0.994748 -0.091993
vn 0.041552 -0.994767 -0.093334
vn 0.652808 -0.756147 -0.045648
vn 0.659806 -0.751083 -0.023041
vn 0.51379 -0.244849 0.822234
vn 0.486775 -0.228495 0.843114
vn 0.363064 -0.903723 -0.226869
vn 0.373335 -0.902309 -0.215544
vn 0.742075 -0.484051 0.463702
vn 0.752055 -0.495864 0.434203
vn 0.090212 -0.985402 -0.144373
vn 0.084864 -0.98549 -0.146995
vn 0.703645 -0.710127 0.024572
vn 0.708649 -0.703819 0.049552
vn 0.431336 -0.178374 0.884382
vn 0.40141 -0.161311 0.901582
vn 0.449525 -0.870557 -0.200143
vn 0.43891 -0.872658 -0.214071
vn 0.728108 -0.435911 0.529
vn 0.714122 -0.422774 0.557936
vn 0.146102 -0.971434 -0.187003
vn 0.138916 -0.971671 -0.191201
vn 0.745652 -0.653236 0.131479
vn 0.743192 -0.660875 0.104447
vn 0.318304 -0.034132 0.947374
vn 0.307664 -0.09344 0.946896
vn 0.365126 -0.034132 0.930332
vn 0.339907 -0.110993 0.933886
vn 0.308751 -0.041396 0.950242
vn 0.513391 -0.837564 -0.186857
vn 0.523867 -0.83462 -0.170212
vn 0.671233 -0.359556 0.648202
vn 0.689239 -0.373913 0.620595
vn 0.210752 -0.952866 -0.218241
vn 0.201964 -0.953361 -0.224307
vn 0.769312 -0.599581 0.220594
vn 0.769904 -0.608604 0.191959
vn 0.009425 -0.999415 -0.032868
vn 0.583907 -0.798659 -0.145589
vn 0.59371 -0.794722 -0.126197
vn 0.63614 -0.31012 0.706507
vn 0.614244 -0.294677 0.732031
vn 0.271875 -0.930678 -0.244793
vn 0.281959 -0.929797 -0.236594
vn 0.782609 -0.553521 0.284847
vn 0.778531 -0.543092 0.314548
vn 0.038342 -0.994748 -0.094898
vn 0.034942 -0.994767 -0.096004
vn 0.656592 -0.751082 -0.069012
vn 0.648034 -0.756146 -0.091077
vn 0.569897 -0.244852 0.784388
vn 0.544399 -0.228495 0.807106
vn 0.346353 -0.903723 -0.251642
vn 0.35739 -0.902309 -0.241061
vn 0.780514 -0.495862 0.38068
vn 0.772615 -0.48405 0.410806
vn 0.079924 -0.985403 -0.150313
vn 0.074406 -0.98549 -0.152555
vn 0.703645 -0.710127 -0.024572
vn 0.71038 -0.703819 0.0
vn 0.491984 -0.178373 0.852136
vn 0.463323 -0.161306 0.871385
vn 0.43447 -0.870557 -0.231011
vn 0.422909 -0.872658 -0.244165
vn 0.751303 -0.422775 0.50676
vn 0.763234 -0.43591 0.476924
vn 0.125237 -0.971671 -0.200426
vn 0.132704 -0.971434 -0.196737
vn 0.748669 -0.660874 0.052351
vn 0.753007 -0.653236 0.079141
vn 0.411107 -0.029779 0.911101
vn 0.374287 -0.041396 0.926389
vn 0.404223 -0.110992 0.907901
vn 0.372969 -0.09344 0.923127
vn 0.510717 -0.83462 -0.206345
vn 0.499106 -0.837563 -0.222218
vn 0.73085 -0.373914 0.571005
vn 0.714813 -0.359555 0.599802
vn 0.195015 -0.952867 -0.23241
vn 0.185826 -0.953361 -0.237848
vn 0.781419 -0.608605 0.137786
vn 0.782826 -0.59958 0.166396
vn 0.007109 -0.999415 -0.033445
vn 0.583459 -0.794724 -0.167304
vn 0.57233 -0.79866 -0.185959
vn 0.683874 -0.31012 0.66041
vn 0.663812 -0.294678 0.6874
vn 0.254134 -0.930677 -0.263164
vn 0.264771 -0.929796 -0.255686
vn 0.800573 -0.553521 0.229558
vn 0.798577 -0.543091 0.259473
vn 0.031628 -0.994748 -0.097342
vn 0.02816 -0.994767 -0.098208
vn 0.640103 -0.756146 -0.136058
vn 0.650179 -0.751082 -0.114646
vn 0.599372 -0.2285 0.767164
vn 0.62322 -0.244855 0.742727
vn 0.339701 -0.902309 -0.265406
vn 0.327955 -0.903723 -0.27519
vn 0.799389 -0.484051 0.355911
vn 0.805167 -0.495863 0.325309
vn 0.063584 -0.98549 -0.157374
vn 0.069242 -0.985403 -0.155523
vn 0.700216 -0.710128 -0.073597
vn 0.708649 -0.703819 -0.049552
vn 0.522979 -0.161309 0.836942
vn 0.550225 -0.178374 0.815742
vn 0.417297 -0.870557 -0.260757
vn 0.404847 -0.872657 -0.273071
vn 0.794644 -0.435911 0.422519
vn 0.784822 -0.422774 0.453119
vn 0.110955 -0.971671 -0.208673
vn 0.118653 -0.971434 -0.205516
vn 0.756693 -0.653236 0.026425
vn 0.750496 -0.660875 0.0
vn 0.455988 -0.031227 0.889438
vn 0.499628 -0.038484 0.865385
vn 0.46657 -0.110994 0.877492
vn 0.436451 -0.093441 0.894863
vn 0.437966 -0.042847 0.89797
vn 0.482388 -0.837564 -0.25649
vn 0.49508 -0.83462 -0.241464
vn 0.768903 -0.373911 0.518631
vn 0.754915 -0.359554 0.548475
vn 0.178327 -0.952867 -0.245448
vn 0.168786 -0.953361 -0.25023
vn 0.789125 -0.608608 0.082937
vn 0.792525 -0.599581 0.111386
vn 0.004759 -0.999415 -0.03386
vn 0.570368 -0.794723 -0.207596
vn 0.557962 -0.79866 -0.225434
vn 0.710145 -0.294679 0.63942
vn 0.728275 -0.310122 0.611097
vn 0.235158 -0.930678 -0.28025
vn 0.246291 -0.929797 -0.273531
vn 0.814635 -0.553521 0.173157
vn 0.814731 -0.543093 0.203135
vn 0.021242 -0.994767 -0.099933
vn 0.024761 -0.994748 -0.099311
vn 0.629052 -0.756147 -0.180377
vn 0.640598 -0.751082 -0.159717
vn 0.673513 -0.24485 0.697445
vn 0.651432 -0.228498 0.723482
vn 0.320362 -0.90231 -0.288452
vn 0.307961 -0.903724 -0.297394
vn 0.825899 -0.495861 0.26835
vn 0.82227 -0.484049 0.299279
vn 0.05245 -0.98549 -0.161425
vn 0.058229 -0.985402 -0.159973
vn 0.693375 -0.710129 -0.122262
vn 0.703465 -0.703821 -0.098864
vn 0.605787 -0.178374 0.775374
vn 0.580087 -0.161309 0.798423
vn 0.384811 -0.872657 -0.30065
vn 0.398091 -0.870556 -0.289233
vn 0.822182 -0.43591 0.36606
vn 0.814519 -0.422775 0.397266
vn 0.096125 -0.971671 -0.215905
vn 0.104031 -0.971434 -0.213291
vn 0.756693 -0.653236 -0.026425
vn 0.748669 -0.660874 -0.052351
vn 0.497815 -0.09344 0.862235
vn 0.542288 -0.031231 0.839612
vn 0.499632 -0.038488 0.865382
vn 0.526645 -0.110991 0.842809
vn 0.477028 -0.83462 -0.275415
vn 0.463322 -0.837564 -0.289516
vn 0.791334 -0.359553 0.494481
vn 0.803207 -0.373911 0.463733
vn 0.160775 -0.952866 -0.257288
vn 0.150915 -0.953361 -0.261396
vn 0.798363 -0.599584 0.055825
vn 0.792988 -0.608607 0.027692
vn 0.002386 -0.999415 -0.034109
vn 0.554496 -0.794724 -0.246876
vn 0.54088 -0.79866 -0.263801
vn 0.75302 -0.294679 0.588325
vn 0.769131 -0.310123 0.558803
vn 0.215034 -0.930678 -0.295971
vn 0.226609 -0.929797 -0.290046
vn 0.82473 -0.553521 0.115912
vn 0.826916 -0.543092 0.145809
vn 0.01422 -0.994767 -0.101171
vn 0.017772 -0.994748 -0.100796
vn 0.627896 -0.751083 -0.204014
vn 0.614936 -0.756147 -0.223818
vn 0.720523 -0.244849 0.648765
vn 0.700309 -0.228495 0.676282
vn 0.299458 -0.90231 -0.310099
vn 0.286467 -0.903724 -0.318151
vn 0.842605 -0.495863 0.210085
vn 0.841142 -0.48405 0.241196
vn 0.041062 -0.98549 -0.16469
vn 0.046925 -0.985403 -0.163645
vn 0.683159 -0.710129 -0.170329
vn 0.694853 -0.703822 -0.147697
vn 0.658403 -0.178371 0.731224
vn 0.634374 -0.161305 0.75601
vn 0.362903 -0.872658 -0.326755
vn 0.376949 -0.870557 -0.31629
vn 0.845715 -0.43591 0.307812
vn 0.840247 -0.422773 0.339481
vn 0.088896 -0.971434 -0.220029
vn 0.080836 -0.971671 -0.222083
vn 0.753007 -0.653236 -0.079141
vn 0.743192 -0.660875 -0.104447
vn 0.583486 -0.029774 0.811577
vn 0.558679 -0.042845 0.828276
vn 0.584153 -0.11099 0.804019
vn 0.556746 -0.093438 0.825411
vn 0.456657 -0.83462 -0.308015
vn 0.441995 -0.837565 -0.321131
vn 0.8239 -0.359553 0.438076
vn 0.8336 -0.373913 0.406572
vn 0.132317 -0.953361 -0.271286
vn 0.14243 -0.952867 -0.267878
vn 0.792988 -0.608607 -0.027692
vn 0.800313 -0.599582 0.0
vn 0.0 -0.999415 -0.034192
vn 0.521158 -0.79866 -0.300893
vn 0.535924 -0.794723 -0.284957
vn 0.806236 -0.310122 0.503793
vn 0.792226 -0.294681 0.534361
vn 0.205825 -0.929797 -0.305145
vn 0.193869 -0.930678 -0.310247
vn 0.835074 -0.543091 0.087772
vn 0.830806 -0.553522 0.058094
vn 0.007128 -0.994767 -0.101916
vn 0.010701 -0.994748 -0.10179
vn 0.597827 -0.756146 -0.266169
vn 0.612134 -0.751082 -0.247321
vn 0.764024 -0.24485 0.596922
vn 0.745777 -0.228494 0.625785
vn 0.277099 -0.90231 -0.330233
vn 0.263575 -0.903724 -0.337361
vn 0.855208 -0.495863 0.150798
vn 0.855918 -0.484051 0.181931
vn 0.035392 -0.985403 -0.166521
vn 0.029472 -0.98549 -0.167155
vn 0.682859 -0.70382 -0.195807
vn 0.669614 -0.710128 -0.217568
vn 0.685559 -0.161309 0.709921
vn 0.707803 -0.178375 0.683518
vn 0.353961 -0.870557 -0.341823
vn 0.339224 -0.872657 -0.351279
vn 0.865124 -0.435913 0.248073
vn 0.861878 -0.422777 0.280045
vn 0.073333 -0.971434 -0.225695
vn 0.065145 -0.971671 -0.227182
vn 0.745652 -0.653236 -0.131479
vn 0.734096 -0.660875 -0.156039
vn 0.623125 -0.034127 0.781377
vn 0.661299 -0.034127 0.749346
vn 0.63882 -0.110995 0.761308
vn 0.615132 -0.041389 0.787337
vn 0.612966 -0.093439 0.784565
vn 0.434055 -0.834622 -0.339121
vn 0.418523 -0.837565 -0.351174
vn 0.85993 -0.373914 0.347433
vn 0.852451 -0.359555 0.379535
vn 0.113067 -0.953361 -0.279855
vn 0.123402 -0.952866 -0.27716
vn 0.789125 -0.608608 -0.082937
vn 0.798363 -0.599583 -0.055825
vn -0.002386 -0.999415 -0.034109
vn 0.514741 -0.794724 -0.321646
vn 0.498903 -0.798659 -0.33651
vn 0.82757 -0.29468 0.477799
vn 0.839415 -0.310122 0.446326
vn 0.184036 -0.929796 -0.318762
vn 0.171748 -0.930678 -0.323019
vn 0.832836 -0.553519 0.0
vn 0.839162 -0.543092 0.0293
vn 0.0 -0.994767 -0.102165
vn 0.003572 -0.994748 -0.102289
vn 0.593393 -0.751081 -0.289416
vn 0.577803 -0.756146 -0.307224
vn 0.803803 -0.244851 0.54217
vn 0.787614 -0.228495 0.572236
vn 0.253388 -0.90231 -0.348757
vn 0.239401 -0.903724 -0.354924
vn 0.866525 -0.484049 0.121781
vn 0.863645 -0.49586 0.090775
vn 0.017746 -0.98549 -0.168803
vn 0.023692 -0.985403 -0.168584
vn 0.652804 -0.710128 -0.263753
vn 0.667538 -0.703819 -0.242963
vn 0.733412 -0.16131 0.660368
vn 0.753758 -0.178374 0.632481
vn 0.329259 -0.870557 -0.365676
vn 0.313895 -0.872658 -0.374084
vn 0.880324 -0.435909 0.187118
vn 0.879317 -0.422775 0.219235
vn 0.05741 -0.971434 -0.230261
vn 0.049133 -0.971671 -0.231174
vn 0.734663 -0.653236 -0.183173
vn 0.721423 -0.660875 -0.206865
vn 0.697927 -0.029775 0.715549
vn 0.668558 -0.041392 0.742507
vn 0.690364 -0.110994 0.714897
vn 0.666204 -0.093445 0.739892
vn 0.409343 -0.83462 -0.368577
vn 0.393 -0.837564 -0.379523
vn 0.882071 -0.37391 0.286606
vn 0.876851 -0.359555 0.319145
vn 0.103764 -0.952867 -0.285094
vn 0.093272 -0.953361 -0.287061
vn 0.781419 -0.608605 -0.137786
vn 0.792525 -0.599581 -0.111386
vn -0.004759 -0.999415 -0.03386
vn 0.474213 -0.798658 -0.370496
vn 0.491051 -0.794722 -0.356772
vn 0.868506 -0.310118 0.386683
vn 0.858886 -0.294677 0.418903
vn 0.161354 -0.929797 -0.330821
vn 0.148803 -0.930678 -0.33421
vn 0.839162 -0.543092 -0.0293
vn 0.830806 -0.553522 -0.058094
vn -0.007128 -0.994767 -0.101916
vn -0.003572 -0.994748 -0.102289
vn 0.554965 -0.756146 -0.346781
vn 0.571758 -0.751082 -0.330105
vn 0.839664 -0.244849 0.484782
vn 0.825615 -0.228496 0.515898
vn 0.228441 -0.902309 -0.365585
vn 0.214057 -0.903723 -0.370761
vn 0.867873 -0.495861 0.030302
vn 0.872911 -0.484046 0.061039
vn 0.011876 -0.985402 -0.169826
vn 0.005923 -0.98549 -0.16963
vn 0.632816 -0.710128 -0.308645
vn 0.648962 -0.703821 -0.288937
vn 0.796043 -0.178369 0.57836
vn 0.777693 -0.161306 0.607597
vn 0.287036 -0.872658 -0.395068
vn 0.302949 -0.870557 -0.387753
vn 0.891231 -0.435913 0.125253
vn 0.892466 -0.422775 0.157369
vn 0.041208 -0.971434 -0.233704
vn 0.032891 -0.971671 -0.234037
vn 0.720097 -0.653236 -0.233973
vn 0.705236 -0.660875 -0.256684
vn 0.732695 -0.031229 0.67984
vn 0.738553 -0.11099 0.664997
vn 0.716194 -0.093439 0.691618
vn 0.718681 -0.042847 0.694019
vn 0.365573 -0.837565 -0.406007
vn 0.382636 -0.834621 -0.396229
vn 0.896976 -0.359552 0.257209
vn 0.899914 -0.373914 0.22437
vn 0.083627 -0.952867 -0.291637
vn 0.073019 -0.953361 -0.292868
vn 0.782826 -0.59958 -0.166396
vn 0.769904 -0.608604 -0.191959
vn -0.007109 -0.999415 -0.033445
vn 0.464969 -0.794722 -0.390156
vn 0.447211 -0.798659 -0.402674
vn 0.886014 -0.294676 0.357974
vn 0.893364 -0.31012 0.325155
vn 0.137883 -0.929797 -0.341272
vn 0.125122 -0.930678 -0.343778
vn 0.82473 -0.553521 -0.115912
vn 0.835074 -0.543091 -0.087772
vn -0.010701 -0.994748 -0.10179
vn -0.014221 -0.994767 -0.101171
vn 0.547339 -0.751082 -0.369182
vn 0.529421 -0.756148 -0.384649
vn 0.859589 -0.228494 0.457053
vn 0.871437 -0.244851 0.425024
vn 0.187676 -0.903723 -0.384789
vn 0.202383 -0.902309 -0.380629
vn 0.875041 -0.48405 0.0
vn 0.867873 -0.495861 -0.030302
vn -0.005923 -0.98549 -0.16963
vn 0.0 -0.985402 -0.170241
vn 0.627227 -0.703821 -0.3335
vn 0.609743 -0.710129 -0.352036
vn 0.81818 -0.161304 0.551871
vn 0.83445 -0.178372 0.521418
vn 0.258775 -0.872658 -0.41413
vn 0.275161 -0.870557 -0.407943
vn 0.897798 -0.435911 0.062779
vn 0.90127 -0.422776 0.094724
vn 0.024808 -0.971434 -0.236008
vn 0.016487 -0.971671 -0.235761
vn 0.702021 -0.653236 -0.283635
vn 0.685612 -0.660875 -0.305255
vn 0.783143 -0.110993 0.611855
vn 0.765476 -0.038486 0.642313
vn 0.796745 -0.031228 0.603508
vn 0.765476 -0.038485 0.642313
vn 0.762692 -0.093439 0.639977
vn 0.336362 -0.837564 -0.43052
vn 0.354064 -0.83462 -0.421957
vn 0.912733 -0.359557 0.194005
vn 0.913373 -0.373912 0.161056
vn 0.052412 -0.953361 -0.297248
vn 0.063077 -0.952867 -0.29676
vn 0.754638 -0.608606 -0.245196
vn 0.769312 -0.599581 -0.220594
vn -0.009425 -0.999415 -0.032868
vn 0.436621 -0.794723 -0.421637
vn 0.418035 -0.798659 -0.432886
vn 0.913867 -0.310121 0.262053
vn 0.908825 -0.29468 0.295298
vn 0.113739 -0.929797 -0.350059
vn 0.100841 -0.930678 -0.351668
vn 0.814635 -0.553521 -0.173157
vn 0.826916 -0.543092 -0.145809
vn -0.021241 -0.994767 -0.099933
vn -0.017772 -0.994748 -0.100796
vn 0.520249 -0.751083 -0.406467
vn 0.501301 -0.756147 -0.420642
vn 0.889377 -0.228498 0.395976
vn 0.89896 -0.244852 0.363205
vn 0.160375 -0.903723 -0.396943
vn 0.175341 -0.902309 -0.393819
vn 0.863645 -0.49586 -0.090775
vn 0.872911 -0.484046 -0.061039
vn -0.011876 -0.985402 -0.169826
vn -0.017745 -0.98549 -0.168803
vn 0.583703 -0.710129 -0.39371
vn 0.602434 -0.703822 -0.376441
vn 0.854682 -0.161309 0.493455
vn 0.868787 -0.178376 0.461943
vn 0.246031 -0.870557 -0.426144
vn 0.229257 -0.872658 -0.431173
vn 0.89999 -0.435911 0.0
vn 0.905682 -0.422775 0.031627
vn 0.0 -0.971671 -0.236337
vn 0.008279 -0.971434 -0.237164
vn 0.662652 -0.660872 -0.352336
vn 0.680524 -0.653235 -0.331919
vn 0.805477 -0.093443 0.585214
vn 0.825871 -0.029775 0.563073
vn 0.808274 -0.042845 0.587246
vn 0.823914 -0.110994 0.555739
vn 0.30551 -0.837563 -0.452936
vn 0.323767 -0.83462 -0.445629
vn 0.922383 -0.373913 0.096943
vn 0.924043 -0.359553 0.129867
vn 0.031553 -0.953361 -0.30018
vn 0.042223 -0.952867 -0.300437
vn 0.735696 -0.608605 -0.29724
vn 0.752049 -0.599581 -0.273724
vn -0.011694 -0.999415 -0.032131
vn 0.406144 -0.794722 -0.451069
vn 0.386819 -0.798659 -0.460993
vn 0.927212 -0.294676 0.231179
vn 0.929923 -0.310119 0.197659
vn 0.089045 -0.929796 -0.357141
vn 0.076061 -0.930678 -0.357846
vn 0.800573 -0.553521 -0.229558
vn 0.814731 -0.543093 -0.203135
vn -0.024761 -0.994748 -0.099311
vn -0.028162 -0.994767 -0.098207
vn 0.470739 -0.756147 -0.454585
vn 0.490631 -0.751082 -0.441765
vn 0.922106 -0.244851 0.299613
vn 0.914832 -0.228497 0.332972
vn 0.147442 -0.90231 -0.405091
vn 0.132293 -0.903724 -0.407163
vn 0.855208 -0.495863 -0.150798
vn 0.866525 -0.484049 -0.121781
vn -0.029472 -0.98549 -0.167155
vn -0.023692 -0.985403 -0.168584
vn 0.574707 -0.703821 -0.41755
vn 0.554814 -0.710129 -0.433472
vn 0.898895 -0.178372 0.400213
vn 0.887025 -0.161308 0.432627
vn 0.21571 -0.870557 -0.442266
vn 0.198624 -0.872658 -0.446113
vn 0.897798 -0.435911 -0.062779
vn 0.905682 -0.422775 -0.031627
vn -0.008279 -0.971434 -0.237164
vn -0.016487 -0.971671 -0.235761
vn 0.636458 -0.660873 -0.397702
vn 0.655718 -0.653234 -0.378575
vn 0.852796 -0.03413 0.521128
vn 0.877707 -0.034129 0.47798
vn 0.860673 -0.110992 0.496913
vn 0.844338 -0.093441 0.5276
vn 0.847322 -0.041393 0.529465
vn 0.291893 -0.834619 -0.467129
vn 0.273168 -0.837563 -0.473146
vn 0.926899 -0.373913 0.032368
vn 0.930851 -0.359556 0.065089
vn 0.010531 -0.953361 -0.301649
vn 0.021165 -0.952866 -0.302651
vn 0.731123 -0.59958 -0.325518
vn 0.713166 -0.608606 -0.34784
vn -0.013907 -0.999415 -0.031236
vn 0.373691 -0.794723 -0.4783
vn 0.353718 -0.79866 -0.486853
vn 0.941079 -0.294678 0.165937
vn 0.941445 -0.310119 0.132313
vn 0.050914 -0.930678 -0.362279
vn 0.063918 -0.929797 -0.362481
vn 0.798577 -0.543091 -0.259473
vn 0.782609 -0.553521 -0.284847
vn -0.031629 -0.994748 -0.097341
vn -0.03494 -0.994767 -0.096005
vn 0.437879 -0.756148 -0.486315
vn 0.458621 -0.751083 -0.474912
vn 0.935831 -0.228496 0.268348
vn 0.94076 -0.244853 0.234557
vn 0.10357 -0.903723 -0.4154
vn 0.118821 -0.90231 -0.41439
vn 0.842605 -0.495863 -0.210085
vn 0.855918 -0.484051 -0.181931
vn -0.041063 -0.98549 -0.164691
vn -0.035393 -0.985403 -0.166521
vn 0.523228 -0.710129 -0.471115
vn 0.544179 -0.703822 -0.456623
vn 0.924623 -0.178373 0.336536
vn 0.915041 -0.161307 0.369702
vn 0.16702 -0.872658 -0.458882
vn 0.184332 -0.870557 -0.456237
vn 0.891231 -0.435913 -0.125253
vn 0.90127 -0.422776 -0.094724
vn -0.032891 -0.971671 -0.234038
vn -0.024808 -0.971434 -0.236008
vn 0.62771 -0.653234 -0.423398
vn 0.607165 -0.660872 -0.441133
vn 0.893242 -0.110991 0.435659
vn 0.882191 -0.041396 0.469068
vn 0.900571 -0.029778 0.433689
vn 0.879086 -0.093437 0.467416
vn 0.258596 -0.83462 -0.486352
vn 0.239502 -0.837563 -0.491047
vn 0.933124 -0.359554 0.0
vn 0.926899 -0.373913 -0.032368
vn 0.0 -0.952867 -0.303389
vn -0.010531 -0.953361 -0.301649
vn 0.687169 -0.608606 -0.396732
vn 0.706634 -0.599583 -0.375723
vn -0.016053 -0.999415 -0.03019
vn 0.339413 -0.794723 -0.503203
vn 0.318895 -0.79866 -0.510342
vn 0.948382 -0.310119 0.066315
vn 0.950363 -0.294676 0.099886
vn 0.025522 -0.930678 -0.364948
vn 0.038473 -0.929797 -0.366057
vn 0.760833 -0.553521 -0.338746
vn 0.778531 -0.543092 -0.314548
vn -0.041554 -0.994767 -0.093333
vn -0.038341 -0.994748 -0.094898
vn 0.424372 -0.751083 -0.50575
vn 0.402892 -0.756147 -0.515675
vn 0.954831 -0.244851 0.168362
vn 0.952271 -0.228497 0.202409
vn 0.074344 -0.903723 -0.421612
vn 0.08963 -0.90231 -0.421668
vn 0.841142 -0.48405 -0.241196
vn 0.825899 -0.495861 -0.26835
vn -0.046924 -0.985403 -0.163645
vn -0.052451 -0.98549 -0.161425
vn 0.489092 -0.710127 -0.506466
vn 0.511003 -0.70382 -0.493471
vn 0.938601 -0.161308 0.304971
vn 0.945845 -0.178373 0.27122
vn 0.134599 -0.872658 -0.469415
vn 0.152058 -0.870557 -0.467984
vn 0.892466 -0.422775 -0.157369
vn 0.880324 -0.435909 -0.187118
vn -0.041208 -0.971434 -0.233704
vn -0.049134 -0.971671 -0.231174
vn 0.574913 -0.660873 -0.482412
vn 0.596647 -0.653234 -0.466152
vn 0.921028 -0.031228 0.388242
vn 0.909549 -0.09344 0.404957
vn 0.921455 -0.110992 0.372293
vn 0.912707 -0.042848 0.406363
vn 0.224044 -0.834619 -0.503205
vn 0.204663 -0.837563 -0.506558
vn 0.922383 -0.373913 -0.096943
vn 0.930851 -0.359556 -0.065089
vn -0.021165 -0.952866 -0.302651
vn -0.031554 -0.953361 -0.30018
vn 0.678704 -0.59958 -0.424104
vn 0.657819 -0.608604 -0.443706
vn -0.018118 -0.999415 -0.028998
vn 0.282518 -0.798661 -0.531342
vn 0.303487 -0.794724 -0.525652
vn 0.955014 -0.294678 0.033351
vn 0.950697 -0.310121 0.0
vn 0.012844 -0.929796 -0.36785
vn 0.0 -0.930677 -0.365841
vn 0.73535 -0.553522 -0.390992
vn 0.754694 -0.543093 -0.368087
vn -0.047966 -0.994767 -0.090205
vn -0.044867 -0.994748 -0.091992
vn 0.388062 -0.751082 -0.534119
vn 0.365935 -0.756147 -0.542524
vn 0.964249 -0.244852 0.101345
vn 0.96407 -0.228497 0.135492
vn 0.044749 -0.903723 -0.425772
vn 0.059995 -0.902309 -0.426894
vn 0.805167 -0.495863 -0.325309
vn 0.82227 -0.484049 -0.299279
vn -0.063582 -0.98549 -0.157374
vn -0.058229 -0.985403 -0.159972
vn 0.452567 -0.710129 -0.539352
vn 0.475338 -0.70382 -0.527912
vn 0.962462 -0.178369 0.204575
vn 0.95759 -0.161304 0.23875
vn 0.119037 -0.870557 -0.477451
vn 0.101533 -0.872657 -0.477661
vn 0.865124 -0.435913 -0.248073
vn 0.879317 -0.422775 -0.219235
vn -0.065143 -0.971671 -0.227182
vn -0.057409 -0.971434 -0.230261
vn 0.562676 -0.653235 -0.506636
vn 0.539862 -0.660874 -0.52134
vn 0.938997 -0.038484 0.341767
vn 0.938996 -0.038486 0.341769
vn 0.955106 -0.031229 0.294612
vn 0.94518 -0.11099 0.307109
vn 0.935582 -0.093439 0.340524
vn 0.188395 -0.83462 -0.517608
vn 0.168829 -0.837564 -0.5196
vn 0.913373 -0.373912 -0.161056
vn 0.924043 -0.359553 -0.129867
vn -0.042223 -0.952867 -0.300437
vn -0.052412 -0.953361 -0.297248
vn 0.625265 -0.608606 -0.488511
vn 0.647469 -0.599581 -0.470411
vn -0.0201 -0.999415 -0.027661
vn 0.244769 -0.798661 -0.549754
vn 0.266079 -0.794725 -0.545541
vn 0.955014 -0.294678 -0.033351
vn 0.948382 -0.310119 -0.066315
vn -0.012843 -0.929796 -0.36785
vn -0.025522 -0.930678 -0.364948
vn 0.727177 -0.543092 -0.419839
vn 0.706283 -0.553521 -0.441338
vn -0.054135 -0.994767 -0.086643
vn -0.051174 -0.994748 -0.088639
vn 0.327202 -0.756146 -0.566729
vn 0.349855 -0.751082 -0.55989
vn 0.971173 -0.228497 0.06791
vn 0.96897 -0.244851 0.033839
vn 0.014939 -0.903723 -0.427857
vn 0.030071 -0.902309 -0.430039
vn 0.799389 -0.484051 -0.355911
vn 0.780514 -0.495862 -0.38068
vn -0.074406 -0.98549 -0.152556
vn -0.069244 -0.985402 -0.155523
vn 0.413845 -0.710128 -0.569606
vn 0.43735 -0.703821 -0.559786
vn 0.974387 -0.178371 0.136942
vn 0.971911 -0.161305 0.171375
vn 0.085448 -0.870556 -0.484593
vn 0.067961 -0.872657 -0.483581
vn 0.861879 -0.422777 -0.280045
vn 0.845715 -0.43591 -0.307812
vn -0.073334 -0.971434 -0.225694
vn -0.080836 -0.971671 -0.222083
vn 0.502182 -0.660875 -0.557725
vn 0.525965 -0.653236 -0.544649
vn 0.964302 -0.110991 0.240424
vn 0.968647 -0.029778 0.246649
vn 0.960379 -0.042849 0.275384
vn 0.957056 -0.093437 0.274432
vn 0.151826 -0.834619 -0.52949
vn 0.132167 -0.837563 -0.530113
vn 0.899914 -0.373914 -0.22437
vn 0.912733 -0.359557 -0.194005
vn -0.063076 -0.952867 -0.29676
vn -0.073018 -0.953361 -0.292868
vn 0.613076 -0.599582 -0.514431
vn 0.589664 -0.608607 -0.530937
vn -0.021978 -0.999415 -0.026194
vn 0.205823 -0.798659 -0.565491
vn 0.227374 -0.794723 -0.562775
vn 0.950363 -0.294676 -0.099886
vn 0.941445 -0.310119 -0.132313
vn -0.050914 -0.930678 -0.362279
vn -0.038473 -0.929797 -0.366057
vn 0.673778 -0.553523 -0.489526
vn 0.696121 -0.543094 -0.469537
vn -0.060057 -0.994767 -0.082649
vn -0.057236 -0.994748 -0.084851
vn 0.286872 -0.756146 -0.588174
vn 0.309949 -0.751081 -0.582931
vn 0.96897 -0.244851 -0.033839
vn 0.973545 -0.228495 0.0
vn 0.0 -0.90231 -0.431089
vn -0.014939 -0.903723 -0.427857
vn 0.772615 -0.48405 -0.410806
vn 0.752055 -0.495864 -0.434203
vn -0.079922 -0.985403 -0.150314
vn -0.084864 -0.98549 -0.146995
vn 0.397238 -0.703819 -0.588932
vn 0.3731 -0.710127 -0.597089
vn 0.981498 -0.161305 0.10316
vn 0.981566 -0.178371 0.068637
vn 0.034063 -0.872658 -0.487142
vn 0.051437 -0.870557 -0.489372
vn 0.840247 -0.422773 -0.339481
vn 0.822182 -0.43591 -0.36606
vn -0.088896 -0.971434 -0.220029
vn -0.096127 -0.971671 -0.215904
vn 0.46205 -0.660874 -0.591401
vn 0.48669 -0.653235 -0.580015
vn 0.977309 -0.041395 0.207735
vn 0.979601 -0.034134 0.198032
vn 0.988255 -0.034134 0.148954
vn 0.978723 -0.110995 0.172576
vn 0.973867 -0.093442 0.207004
vn 0.094872 -0.837565 -0.538037
vn 0.114526 -0.834621 -0.538788
vn 0.896976 -0.359552 -0.257209
vn 0.882071 -0.37391 -0.286606
vn -0.093274 -0.953361 -0.28706
vn -0.083628 -0.952866 -0.291636
vn 0.551195 -0.608606 -0.570775
vn 0.575696 -0.599582 -0.555945
vn -0.023752 -0.999415 -0.024596
vn 0.165871 -0.798659 -0.578472
vn 0.187564 -0.794722 -0.577266
vn 0.941079 -0.294678 -0.165937
vn 0.929923 -0.310119 -0.197659
vn -0.07606 -0.930678 -0.357847
vn -0.063918 -0.929797 -0.362481
vn 0.637989 -0.553522 -0.535335
vn 0.661672 -0.543093 -0.516953
vn -0.065668 -0.994767 -0.078265
vn -0.063013 -0.994748 -0.080653
vn 0.245142 -0.756147 -0.606752
vn 0.268533 -0.751081 -0.603131
vn 0.964249 -0.244852 -0.101345
vn 0.971173 -0.228497 -0.06791
vn -0.044749 -0.903723 -0.425773
vn -0.030071 -0.902309 -0.430039
vn 0.719938 -0.495863 -0.485602
vn 0.742075 -0.484051 -0.463702
vn -0.090214 -0.985402 -0.144372
vn -0.094918 -0.98549 -0.140712
vn 0.330541 -0.71013 -0.621658
vn 0.355191 -0.703821 -0.615204
vn 0.983963 -0.178372 0.0
vn 0.986303 -0.161307 0.034443
vn 0.017172 -0.870557 -0.491767
vn 0.0 -0.872658 -0.488332
vn 0.794644 -0.435911 -0.422519
vn 0.814519 -0.422775 -0.397266
vn -0.110952 -0.971671 -0.208674
vn -0.104031 -0.971434 -0.213291
vn 0.419672 -0.660873 -0.622191
vn 0.445042 -0.653235 -0.612553
vn 0.994589 -0.029775 0.099525
vn 0.988376 -0.110996 0.103883
vn 0.989419 -0.041393 0.139056
vn 0.985935 -0.093443 0.138566
vn 0.076661 -0.834621 -0.545464
vn 0.05711 -0.837565 -0.543345
vn 0.876851 -0.359555 -0.319145
vn 0.85993 -0.373914 -0.347433
vn -0.113067 -0.953361 -0.279855
vn -0.103764 -0.952867 -0.285094
vn 0.535516 -0.599581 -0.594748
vn 0.510034 -0.608606 -0.607835
vn -0.02541 -0.999415 -0.022879
vn 0.146843 -0.794724 -0.588941
vn 0.125121 -0.79866 -0.588631
vn 0.913867 -0.310121 -0.262053
vn 0.927212 -0.294676 -0.231179
vn -0.089045 -0.929796 -0.357141
vn -0.100842 -0.930678 -0.351667
vn 0.623998 -0.543093 -0.561851
vn 0.599091 -0.553522 -0.578536
vn -0.070969 -0.994767 -0.073493
vn -0.068485 -0.994748 -0.076062
vn 0.20222 -0.756147 -0.622373
vn 0.225805 -0.751083 -0.620393
vn 0.954831 -0.244851 -0.168362
vn 0.96407 -0.228497 -0.135492
vn -0.074345 -0.903723 -0.421612
vn -0.059995 -0.902309 -0.426895
vn 0.707924 -0.48405 -0.514335
vn 0.68431 -0.495862 -0.53464
vn -0.104498 -0.98549 -0.133751
vn -0.100063 -0.985403 -0.137729
vn 0.311409 -0.703822 -0.638481
vn 0.286373 -0.71013 -0.6432
vn 0.986303 -0.161307 -0.034443
vn 0.981566 -0.178371 -0.068637
vn -0.017172 -0.870557 -0.491767
vn -0.034064 -0.872658 -0.487142
vn 0.763234 -0.43591 -0.476924
vn 0.784822 -0.422774 -0.453119
vn -0.118653 -0.971434 -0.205517
vn -0.12524 -0.971671 -0.200425
vn 0.375251 -0.660873 -0.649948
vn 0.401232 -0.653235 -0.642103
vn 0.993216 -0.110992 0.034684
vn 0.996648 -0.042849 0.069688
vn 0.99827 -0.031232 0.049821
vn 0.9932 -0.093442 0.069447
vn 0.038421 -0.83462 -0.549484
vn 0.019067 -0.837564 -0.546007
vn 0.852451 -0.359555 -0.379535
vn 0.8336 -0.373913 -0.406572
vn -0.132317 -0.95336 -0.271286
vn -0.123402 -0.952866 -0.27716
vn 0.492722 -0.599582 -0.630655
vn 0.466388 -0.608608 -0.641934
vn -0.026943 -0.999415 -0.021052
vn 0.105399 -0.794723 -0.597751
vn 0.083753 -0.798659 -0.595927
vn 0.893364 -0.31012 -0.325155
vn 0.908825 -0.29468 -0.295298
vn -0.113739 -0.929797 -0.350059
vn -0.125122 -0.930678 -0.343778
vn 0.583285 -0.543093 -0.604011
vn 0.557278 -0.553521 -0.618916
vn -0.073626 -0.994748 -0.071098
vn -0.075925 -0.994767 -0.068361
vn 0.158318 -0.756146 -0.634964
vn 0.181976 -0.751083 -0.634633
vn 0.952271 -0.228497 -0.202409
vn 0.94076 -0.244853 -0.234557
vn -0.08963 -0.90231 -0.421668
vn -0.10357 -0.903723 -0.4154
vn 0.670319 -0.484048 -0.562468
vn 0.645349 -0.495859 -0.581075
vn -0.113571 -0.98549 -0.126138
vn -0.109429 -0.985403 -0.130411
vn 0.240808 -0.710127 -0.661613
vn 0.266108 -0.70382 -0.658653
vn 0.974387 -0.178371 -0.136942
vn 0.981498 -0.161305 -0.10316
vn -0.067961 -0.872657 -0.483581
vn -0.051437 -0.870557 -0.489371
vn 0.728108 -0.435911 -0.529
vn 0.751303 -0.422775 -0.50676
vn -0.132704 -0.971434 -0.196737
vn -0.138913 -0.971671 -0.191204
vn 0.355464 -0.653234 -0.668528
vn 0.328998 -0.660873 -0.674543
vn 0.999259 -0.038489 0.0
vn 0.99827 -0.031232 -0.049821
vn 0.995625 -0.09344 0.0
vn 0.999259 -0.038489 0.0
vn 0.993216 -0.110992 -0.034684
vn -0.019067 -0.837564 -0.546007
vn 0.0 -0.83462 -0.550826
vn 0.803207 -0.373911 -0.463733
vn 0.8239 -0.359553 -0.438076
vn -0.14243 -0.952867 -0.267878
vn -0.150915 -0.953361 -0.261396
vn 0.420478 -0.608606 -0.672902
vn 0.447525 -0.599583 -0.663492
vn -0.028348 -0.999415 -0.019119
vn 0.063445 -0.794722 -0.603648
vn 0.041976 -0.798659 -0.600318
vn 0.886014 -0.294676 -0.357974
vn 0.868506 -0.310118 -0.386683
vn -0.137881 -0.929797 -0.341272
vn -0.148803 -0.930678 -0.334209
vn 0.539733 -0.543091 -0.643227
vn 0.512745 -0.553521 -0.656283
vn -0.080505 -0.994767 -0.062902
vn -0.078404 -0.994748 -0.065791
vn 0.137267 -0.751081 -0.645782
vn 0.113635 -0.756146 -0.644461
vn 0.922106 -0.244851 -0.299613
vn 0.935831 -0.228496 -0.268348
vn -0.132293 -0.903724 -0.407163
vn -0.118821 -0.90231 -0.41439
vn 0.603241 -0.495863 -0.624676
vn 0.629455 -0.484048 -0.607852
vn -0.11826 -0.985403 -0.12246
vn -0.122097 -0.98549 -0.117906
vn 0.219522 -0.70382 -0.67561
vn 0.194067 -0.710129 -0.676798
vn 0.971911 -0.161305 -0.171375
vn 0.962462 -0.178369 -0.204575
vn -0.101532 -0.872657 -0.477662
vn -0.085448 -0.870556 -0.484593
vn 0.714122 -0.422774 -0.557936
vn 0.68943 -0.43591 -0.578505
vn -0.151915 -0.971671 -0.181045
vn -0.1461 -0.971434 -0.187005
vn 0.281137 -0.660874 -0.695851
vn 0.307963 -0.653234 -0.691697
vn 0.988376 -0.110996 -0.103883
vn 0.994589 -0.029775 -0.099525
vn 0.996648 -0.042848 -0.069688
vn 0.9932 -0.093442 -0.069447
vn -0.038421 -0.83462 -0.549484
vn -0.05711 -0.837565 -0.543345
vn 0.791334 -0.359553 -0.494481
vn 0.768903 -0.373911 -0.518631
vn -0.160773 -0.952867 -0.257289
vn -0.168786 -0.953361 -0.250229
vn 0.372513 -0.608607 -0.700593
vn 0.40016 -0.599582 -0.69309
vn -0.029611 -0.999415 -0.017097
vn 0.021184 -0.794723 -0.606602
vn 0.0 -0.79866 -0.601783
vn 0.839415 -0.310122 -0.446326
vn 0.858886 -0.294677 -0.418903
vn -0.161353 -0.929797 -0.33082
vn -0.171748 -0.930678 -0.323019
vn 0.493546 -0.54309 -0.679313
vn 0.465712 -0.55352 -0.690455
vn -0.082803 -0.994748 -0.060161
vn -0.084702 -0.994767 -0.057126
vn 0.091882 -0.751082 -0.653784
vn 0.068403 -0.756146 -0.650818
vn 0.914832 -0.228497 -0.332972
vn 0.89896 -0.244852 -0.363205
vn -0.160373 -0.903723 -0.396944
vn -0.14744 -0.90231 -0.405091
vn 0.558199 -0.495862 -0.665233
vn 0.585515 -0.48405 -0.650282
vn -0.130022 -0.98549 -0.109104
vn -0.126513 -0.985403 -0.113914
vn 0.171854 -0.703821 -0.689277
vn 0.146387 -0.710128 -0.688687
vn 0.95759 -0.161304 -0.23875
vn 0.945845 -0.178373 -0.27122
vn -0.119037 -0.870557 -0.477452
vn -0.134599 -0.872658 -0.469415
vn 0.647402 -0.435909 -0.625183
vn 0.673463 -0.422775 -0.60639
vn -0.158789 -0.971434 -0.176356
vn -0.164175 -0.971671 -0.170005
vn 0.258962 -0.653237 -0.711491
vn 0.231919 -0.660875 -0.713763
vn 0.988255 -0.034134 -0.148954
vn 0.979601 -0.034134 -0.198032
vn 0.985935 -0.093443 -0.138566
vn 0.989419 -0.041393 -0.139056
vn 0.978723 -0.110995 -0.172576
vn -0.094872 -0.837565 -0.538037
vn -0.076661 -0.834621 -0.545464
vn 0.73085 -0.373914 -0.571005
vn 0.754915 -0.359554 -0.548475
vn -0.178328 -0.952867 -0.245446
vn -0.185824 -0.953361 -0.237851
vn 0.322734 -0.608605 -0.724874
vn 0.350831 -0.599581 -0.719319
vn -0.030733 -0.999415 -0.014988
vn -0.041976 -0.798659 -0.600318
vn -0.021184 -0.794723 -0.606602
vn 0.82757 -0.29468 -0.477799
vn 0.806236 -0.310122 -0.503793
vn -0.184038 -0.929797 -0.318761
vn -0.193867 -0.930678 -0.310249
vn 0.444961 -0.543093 -0.712082
vn 0.416421 -0.553521 -0.721254
vn -0.088477 -0.994767 -0.051084
vn -0.086799 -0.994748 -0.054237
vn 0.022839 -0.756146 -0.654004
vn 0.046054 -0.751082 -0.658601
vn 0.871437 -0.244851 -0.425024
vn 0.889377 -0.228498 -0.395976
vn -0.187676 -0.903723 -0.38479
vn -0.175343 -0.902309 -0.393819
vn 0.51043 -0.495864 -0.702553
vn 0.538729 -0.484049 -0.689541
vn -0.134152 -0.985402 -0.10481
vn -0.137317 -0.98549 -0.099767
vn 0.123355 -0.703819 -0.699587
vn 0.097987 -0.710127 -0.697222
vn 0.924623 -0.178373 -0.336536
vn 0.938601 -0.161308 -0.304971
vn -0.167019 -0.872658 -0.458883
vn -0.152058 -0.870557 -0.467984
vn 0.629527 -0.422774 -0.651888
vn 0.60221 -0.435912 -0.668823
vn -0.170707 -0.971434 -0.164847
vn -0.175632 -0.971671 -0.158141
vn 0.18156 -0.660874 -0.728204
vn 0.208699 -0.653235 -0.727824
vn 0.968647 -0.029778 -0.246649
vn 0.964302 -0.110991 -0.240424
vn 0.973867 -0.093442 -0.207004
vn 0.977309 -0.041395 -0.207735
vn -0.132166 -0.837564 -0.530112
vn -0.114525 -0.834621 -0.538787
vn 0.714813 -0.359555 -0.599802
vn 0.689239 -0.373913 -0.620595
vn -0.201965 -0.95336 -0.224308
vn -0.195016 -0.952866 -0.23241
vn 0.271384 -0.608607 -0.745619
vn 0.299806 -0.599582 -0.742037
vn -0.031703 -0.999415 -0.012809
vn -0.063445 -0.794722 -0.603648
vn -0.083753 -0.798659 -0.595927
vn 0.792226 -0.294681 -0.534361
vn 0.769131 -0.310123 -0.558803
vn -0.205823 -0.929797 -0.305147
vn -0.215036 -0.930678 -0.295969
vn 0.394203 -0.543091 -0.741388
vn 0.365088 -0.553521 -0.748549
vn -0.091827 -0.994767 -0.044784
vn -0.09037 -0.994748 -0.048051
vn 0.0 -0.751082 -0.660209
vn -0.022839 -0.756146 -0.654004
vn 0.859589 -0.228494 -0.457053
vn 0.839664 -0.244849 -0.484782
vn -0.21406 -0.903723 -0.37076
vn -0.202383 -0.902309 -0.38063
vn 0.460184 -0.495863 -0.736444
vn 0.489315 -0.484052 -0.725441
vn -0.143943 -0.98549 -0.089943
vn -0.141136 -0.985402 -0.095198
vn 0.074257 -0.70382 -0.706486
vn 0.049114 -0.710129 -0.702357
vn 0.898895 -0.178372 -0.400213
vn 0.915041 -0.161307 -0.369702
vn -0.184332 -0.870557 -0.456237
vn -0.198626 -0.872658 -0.446112
vn 0.55409 -0.435909 -0.709202
vn 0.582514 -0.422775 -0.694219
vn -0.186237 -0.971671 -0.145503
vn -0.181791 -0.971434 -0.152538
vn 0.13032 -0.660876 -0.739093
vn 0.157424 -0.653237 -0.740608
vn 0.94518 -0.11099 -0.307109
vn 0.960379 -0.042848 -0.275384
vn 0.955106 -0.031229 -0.294612
vn 0.957056 -0.093437 -0.274432
vn -0.151826 -0.83462 -0.52949
vn -0.168829 -0.837564 -0.519599
vn 0.644274 -0.373912 -0.667159
vn 0.671233 -0.359556 -0.648202
vn -0.217123 -0.95336 -0.20967
vn -0.210752 -0.952866 -0.218242
vn 0.24731 -0.599582 -0.761143
vn 0.218709 -0.608607 -0.762734
vn -0.032519 -0.999415 -0.010566
vn -0.105399 -0.794723 -0.597751
vn -0.12512 -0.79866 -0.588631
vn 0.728275 -0.310122 -0.611097
vn 0.75302 -0.294679 -0.588325
vn -0.226608 -0.929797 -0.290045
vn -0.235157 -0.930678 -0.280249
vn 0.311988 -0.553522 -0.772189
vn 0.341527 -0.543094 -0.767078
vn -0.093502 -0.994748 -0.041629
vn -0.094726 -0.994767 -0.038272
vn -0.068403 -0.756146 -0.650818
vn -0.046054 -0.751082 -0.658601
vn 0.825615 -0.228496 -0.515898
vn 0.803803 -0.244851 -0.54217
vn -0.239399 -0.903723 -0.354926
vn -0.228441 -0.90231 -0.365585
vn 0.437519 -0.484049 -0.757809
vn 0.40769 -0.495861 -0.766754
vn -0.147433 -0.985402 -0.085121
vn -0.149865 -0.98549 -0.079686
vn 0.0 -0.710129 -0.704072
vn 0.024793 -0.703821 -0.709945
vn 0.887025 -0.161308 -0.432627
vn 0.868787 -0.178376 -0.461943
vn -0.229257 -0.872658 -0.431173
vn -0.21571 -0.870557 -0.442266
vn 0.503267 -0.435909 -0.746127
vn 0.532672 -0.422773 -0.73316
vn -0.191986 -0.971434 -0.139488
vn -0.195932 -0.971671 -0.132158
vn 0.105374 -0.653238 -0.749784
vn 0.078451 -0.660875 -0.746384
vn 0.938996 -0.038486 -0.341767
vn 0.938996 -0.038484 -0.341769
vn 0.921028 -0.031228 -0.388242
vn 0.921455 -0.110992 -0.372293
vn 0.935582 -0.093439 -0.340524
vn -0.204663 -0.837564 -0.506557
vn -0.188394 -0.83462 -0.517607
vn 0.59616 -0.37391 -0.710482
vn 0.624382 -0.359551 -0.693448
vn -0.225462 -0.952866 -0.203008
vn -0.231219 -0.953361 -0.194013
vn 0.164975 -0.608607 -0.776132
vn 0.193614 -0.599583 -0.77654
vn -0.033177 -0.999415 -0.008272
vn -0.146842 -0.794724 -0.588941
vn -0.165871 -0.798659 -0.578472
vn 0.710145 -0.294679 -0.63942
vn 0.683874 -0.31012 -0.66041
vn -0.254133 -0.930678 -0.263164
vn -0.24629 -0.929797 -0.27353
vn 0.25736 -0.553522 -0.792073
vn 0.287186 -0.543093 -0.789034
vn -0.097165 -0.994767 -0.031571
vn -0.096178 -0.994748 -0.035005
vn -0.113635 -0.756146 -0.644461
vn -0.091882 -0.751082 -0.653784
vn 0.764024 -0.24485 -0.596922
vn 0.787614 -0.228495 -0.572236
vn -0.253386 -0.90231 -0.348759
vn -0.263575 -0.903723 -0.33736
vn 0.383597 -0.48405 -0.786479
vn 0.353212 -0.495864 -0.793323
vn -0.155059 -0.98549 -0.069035
vn -0.153011 -0.985402 -0.074629
vn -0.049114 -0.710129 -0.702357
vn -0.024793 -0.703821 -0.709945
vn 0.83445 -0.178372 -0.521418
vn 0.854682 -0.161309 -0.493455
vn -0.258775 -0.872658 -0.41413
vn -0.246031 -0.870557 -0.426144
vn 0.449993 -0.435911 -0.779415
vn 0.480232 -0.422774 -0.76853
vn -0.204674 -0.971671 -0.118169
vn -0.20125 -0.971434 -0.125753
vn 0.052814 -0.653235 -0.755311
vn 0.026193 -0.660873 -0.750041
vn 0.912707 -0.042848 -0.406363
vn 0.900571 -0.029778 -0.433689
vn 0.893242 -0.110991 -0.435659
vn 0.909549 -0.09344 -0.404957
vn -0.239502 -0.837564 -0.491046
vn -0.224044 -0.83462 -0.503204
vn 0.57449 -0.359555 -0.735311
vn 0.54515 -0.373914 -0.750334
vn -0.239073 -0.952867 -0.186786
vn -0.244187 -0.953361 -0.177414
vn 0.138972 -0.599582 -0.788155
vn 0.110429 -0.608606 -0.785751
vn -0.033673 -0.999415 -0.005939
vn -0.187565 -0.794722 -0.577266
vn -0.205823 -0.798659 -0.565492
vn 0.663812 -0.294678 -0.6874
vn 0.63614 -0.31012 -0.706507
vn -0.26477 -0.929797 -0.255685
vn -0.271872 -0.930678 -0.244795
vn 0.231441 -0.543092 -0.807147
vn 0.201482 -0.553518 -0.808098
vn -0.09913 -0.994767 -0.024717
vn -0.098386 -0.994748 -0.028211
vn -0.137267 -0.751081 -0.645782
vn -0.158316 -0.756146 -0.634964
vn 0.745777 -0.228494 -0.625785
vn 0.720523 -0.244849 -0.648765
vn -0.277102 -0.902309 -0.330231
vn -0.286468 -0.903723 -0.318152
vn 0.297012 -0.495861 -0.81603
vn 0.327794 -0.484049 -0.811324
vn -0.157845 -0.985403 -0.063772
vn -0.159497 -0.98549 -0.058051
vn -0.097987 -0.710127 -0.697221
vn -0.074257 -0.70382 -0.706486
vn 0.81818 -0.161304 -0.551871
vn 0.796043 -0.178369 -0.57836
vn -0.275161 -0.870557 -0.407943
vn -0.287034 -0.872657 -0.395071
vn 0.42545 -0.422776 -0.800158
vn 0.394534 -0.435909 -0.808904
vn -0.209531 -0.971434 -0.111411
vn -0.212418 -0.971671 -0.103604
vn 0.0 -0.653234 -0.757156
vn -0.026193 -0.660873 -0.75004
vn 0.860673 -0.110992 -0.496913
vn 0.877707 -0.034129 -0.47798
vn 0.852796 -0.03413 -0.521128
vn 0.879086 -0.093437 -0.467416
vn 0.882191 -0.041396 -0.469068
vn -0.273168 -0.837563 -0.473146
vn -0.258598 -0.83462 -0.48635
vn 0.491481 -0.373914 -0.786533
vn 0.521797 -0.359555 -0.773594
vn -0.25597 -0.953361 -0.159945
vn -0.251522 -0.952867 -0.169652
vn 0.055347 -0.608605 -0.791541
vn 0.083652 -0.599581 -0.795931
vn -0.034005 -0.999415 -0.003572
vn -0.244769 -0.798661 -0.549754
vn -0.227373 -0.794723 -0.562776
vn 0.614244 -0.294677 -0.732031
vn 0.58531 -0.310118 -0.749159
vn -0.28196 -0.929797 -0.236594
vn -0.288284 -0.930678 -0.225235
vn 0.174582 -0.54309 -0.821325
vn 0.14462 -0.553521 -0.820183
vn -0.100113 -0.994748 -0.021283
vn -0.100612 -0.994767 -0.017746
vn -0.181976 -0.751082 -0.634634
vn -0.202222 -0.756147 -0.622373
vn 0.673513 -0.24485 -0.697445
vn 0.700309 -0.228495 -0.676282
vn -0.299459 -0.902309 -0.3101
vn -0.307962 -0.903723 -0.297395
vn 0.239359 -0.495861 -0.834763
vn 0.270401 -0.484047 -0.832215
vn -0.163158 -0.98549 -0.046784
vn -0.161908 -0.985403 -0.052607
vn -0.123354 -0.70382 -0.699587
vn -0.146387 -0.710128 -0.688686
vn 0.777693 -0.161306 -0.607597
vn 0.753758 -0.178374 -0.632481
vn -0.313898 -0.872657 -0.374082
vn -0.302949 -0.870556 -0.387754
vn 0.368598 -0.42277 -0.827889
vn 0.337141 -0.435906 -0.834459
vn -0.216793 -0.971434 -0.096522
vn -0.219129 -0.971671 -0.088532
vn -0.07845 -0.660875 -0.746384
vn -0.052814 -0.653236 -0.75531
vn 0.847322 -0.041393 -0.529465
vn 0.823914 -0.110994 -0.555739
vn 0.825871 -0.029775 -0.563073
vn 0.844338 -0.093441 -0.5276
vn -0.291893 -0.834619 -0.467129
vn -0.30551 -0.837564 -0.452936
vn 0.46656 -0.359554 -0.80811
vn 0.435416 -0.373912 -0.818903
vn -0.262744 -0.952867 -0.151694
vn -0.266503 -0.953361 -0.141703
vn 0.027935 -0.599582 -0.799825
vn 0.0 -0.608608 -0.793471
vn -0.034172 -0.999415 -0.001194
vn -0.26608 -0.794724 -0.545541
vn -0.28252 -0.79866 -0.531342
vn 0.56169 -0.294677 -0.773091
vn 0.531624 -0.310121 -0.788163
vn -0.303297 -0.930678 -0.204574
vn -0.29778 -0.929796 -0.216346
vn 0.087051 -0.553523 -0.828272
vn 0.116861 -0.543093 -0.831501
vn -0.101606 -0.994767 -0.010674
vn -0.101355 -0.994748 -0.014244
vn -0.24514 -0.756146 -0.606753
vn -0.225805 -0.751083 -0.620393
vn 0.651432 -0.228498 -0.723482
vn 0.62322 -0.244855 -0.742727
vn -0.320361 -0.90231 -0.288455
vn -0.327955 -0.903723 -0.27519
vn 0.180555 -0.49586 -0.849425
vn 0.21169 -0.48405 -0.849049
vn -0.166023 -0.98549 -0.035294
vn -0.165183 -0.985403 -0.041187
vn -0.194067 -0.710129 -0.676797
vn -0.171854 -0.703822 -0.689276
vn 0.707803 -0.178375 -0.683518
vn 0.733412 -0.16131 -0.660368
vn -0.339223 -0.872658 -0.351278
vn -0.329257 -0.870557 -0.365678
vn 0.309953 -0.422772 -0.851583
vn 0.278111 -0.435909 -0.855943
vn -0.222997 -0.971434 -0.081166
vn -0.22477 -0.971671 -0.073032
vn -0.105375 -0.653238 -0.749784
vn -0.13032 -0.660876 -0.739094
vn 0.796745 -0.031228 -0.603508
vn 0.808274 -0.042845 -0.587246
vn 0.783143 -0.110993 -0.611855
vn 0.805477 -0.093443 -0.585214
vn -0.323767 -0.83462 -0.445628
vn -0.336362 -0.837564 -0.43052
vn 0.377231 -0.373916 -0.84728
vn 0.409056 -0.359556 -0.838685
vn -0.272685 -0.952866 -0.132998
vn -0.275739 -0.953361 -0.122766
vn -0.055347 -0.608604 -0.791541
vn -0.027935 -0.599582 -0.799825
vn -0.034172 -0.999415 0.001194
vn -0.318894 -0.798661 -0.510341
vn -0.303484 -0.794724 -0.525653
vn 0.475346 -0.310122 -0.823329
vn 0.506389 -0.294678 -0.810391
vn -0.316827 -0.930678 -0.182918
vn -0.312144 -0.929797 -0.19505
vn 0.058571 -0.543095 -0.837626
vn 0.02907 -0.553522 -0.832327
vn -0.102101 -0.994748 -0.00714
vn -0.102103 -0.994767 -0.003568
vn -0.286873 -0.756146 -0.588172
vn -0.268531 -0.751081 -0.603132
vn 0.569897 -0.244852 -0.784388
vn 0.599372 -0.2285 -0.767164
vn -0.346356 -0.903723 -0.251639
vn -0.339704 -0.902309 -0.265404
vn 0.120859 -0.49586 -0.859951
vn 0.151951 -0.484047 -0.861748
vn -0.168081 -0.98549 -0.023621
vn -0.167654 -0.985403 -0.029562
vn -0.240807 -0.710128 -0.661612
vn -0.219521 -0.70382 -0.675609
vn 0.685559 -0.161309 -0.709921
vn 0.658403 -0.178371 -0.731224
vn -0.353963 -0.870557 -0.34182
vn -0.362901 -0.872658 -0.326759
vn 0.217725 -0.435913 -0.873256
vn 0.249795 -0.422776 -0.871127
vn -0.228116 -0.971434 -0.065411
vn -0.229316 -0.971671 -0.057178
vn -0.157424 -0.653236 -0.740608
vn -0.18156 -0.660873 -0.728205
vn 0.738553 -0.11099 -0.664997
vn 0.765476 -0.038485 -0.642313
vn 0.732695 -0.031229 -0.67984
vn 0.765476 -0.038486 -0.642313
vn 0.762692 -0.093439 -0.639977
vn -0.354064 -0.83462 -0.421957
vn -0.365571 -0.837564 -0.40601
vn 0.317213 -0.373915 -0.87153
vn 0.349553 -0.359558 -0.865177
vn -0.28363 -0.953361 -0.103236
vn -0.281298 -0.952867 -0.113651
vn -0.083651 -0.599581 -0.795931
vn -0.11043 -0.608606 -0.78575
vn -0.034005 -0.999415 0.003572
vn -0.339415 -0.794724 -0.503202
vn -0.353718 -0.79866 -0.486853
vn 0.41676 -0.310121 -0.85448
vn 0.448624 -0.294681 -0.843742
vn -0.32499 -0.929797 -0.172799
vn -0.328814 -0.930678 -0.160374
vn 0.0 -0.543092 -0.839673
vn -0.02907 -0.553522 -0.832327
vn -0.102351 -0.994748 -0.0
vn -0.102103 -0.994767 0.003568
vn -0.309949 -0.751082 -0.58293
vn -0.3272 -0.756147 -0.566729
vn 0.544399 -0.228495 -0.807106
vn 0.51379 -0.244849 -0.822234
vn -0.363062 -0.903724 -0.226868
vn -0.357387 -0.90231 -0.241064
vn 0.091466 -0.484046 -0.870249
vn 0.060575 -0.49586 -0.866287
vn -0.169308 -0.985402 -0.017794
vn -0.16932 -0.98549 -0.01184
vn -0.286371 -0.710129 -0.643201
vn -0.26611 -0.703821 -0.658652
vn 0.605787 -0.178374 -0.775374
vn 0.634374 -0.161305 -0.75601
vn -0.384813 -0.872657 -0.300646
vn -0.376947 -0.870557 -0.316294
vn 0.156283 -0.43591 -0.886317
vn 0.188413 -0.422777 -0.886431
vn -0.232123 -0.971434 -0.04934
vn -0.232747 -0.971671 -0.04104
vn -0.231919 -0.660875 -0.713763
vn -0.208698 -0.653235 -0.727825
vn 0.690364 -0.110994 -0.714897
vn 0.716194 -0.093439 -0.691618
vn 0.697927 -0.029775 -0.715549
vn 0.718681 -0.042847 -0.694019
vn -0.393003 -0.837563 -0.379521
vn -0.382637 -0.83462 -0.39623
vn 0.255647 -0.373912 -0.891535
vn 0.28835 -0.359555 -0.887454
vn -0.290141 -0.953361 -0.083197
vn -0.28854 -0.952866 -0.093756
vn -0.164975 -0.608607 -0.776132
vn -0.138973 -0.599582 -0.788155
vn -0.033673 -0.999415 0.005939
vn -0.386819 -0.798659 -0.460993
vn -0.373691 -0.794723 -0.4783
vn 0.388676 -0.294678 -0.872981
vn 0.356136 -0.31012 -0.881472
vn -0.339201 -0.930678 -0.137045
vn -0.336252 -0.929797 -0.14971
vn -0.08705 -0.553523 -0.828272
vn -0.058571 -0.543095 -0.837626
vn -0.101606 -0.994767 0.010674
vn -0.102101 -0.994748 0.00714
vn -0.365938 -0.756146 -0.542524
vn -0.349858 -0.751082 -0.559889
vn 0.45518 -0.244851 -0.856072
vn 0.486775 -0.228495 -0.843114
vn -0.373334 -0.90231 -0.215543
vn -0.378005 -0.903723 -0.200988
vn 0.0 -0.495862 -0.868401
vn 0.030541 -0.484049 -0.874508
vn -0.169733 -0.98549 0.0
vn -0.170137 -0.985403 -0.005942
vn -0.330541 -0.71013 -0.621658
vn -0.311408 -0.703822 -0.638483
vn 0.580087 -0.161309 -0.798423
vn 0.550225 -0.178374 -0.815742
vn -0.398089 -0.870557 -0.289232
vn -0.404844 -0.872658 -0.273074
vn 0.126125 -0.422774 -0.897415
vn 0.094074 -0.435911 -0.89506
vn -0.235 -0.971434 -0.033025
vn -0.235043 -0.971671 -0.024703
vn -0.281139 -0.660873 -0.69585
vn -0.258964 -0.653236 -0.711491
vn 0.661299 -0.034127 -0.749346
vn 0.623125 -0.034127 -0.781377
vn 0.63882 -0.110995 -0.761308
vn 0.668558 -0.041392 -0.742507
vn 0.666204 -0.093445 -0.739892
vn -0.409343 -0.83462 -0.368576
vn -0.418522 -0.837564 -0.351178
vn 0.192826 -0.373913 -0.907197
vn 0.225744 -0.359553 -0.905407
vn -0.295238 -0.953361 -0.062755
vn -0.294378 -0.952867 -0.073396
vn -0.193613 -0.599584 -0.77654
vn -0.218708 -0.608607 -0.762734
vn -0.033177 -0.999415 0.008272
vn -0.418035 -0.798659 -0.432886
vn -0.406144 -0.794722 -0.451069
vn 0.293781 -0.31012 -0.904167
vn 0.326832 -0.294678 -0.897968
vn -0.345875 -0.929797 -0.12589
vn -0.347933 -0.930678 -0.113054
vn -0.14462 -0.553521 -0.820183
vn -0.11686 -0.543092 -0.831501
vn -0.100612 -0.994767 0.017746
vn -0.101355 -0.994748 0.014244
vn -0.38806 -0.751083 -0.53412
vn -0.402891 -0.756148 -0.515674
vn 0.42677 -0.228494 -0.875019
vn 0.394356 -0.244847 -0.885739
vn -0.387459 -0.90231 -0.188977
vn -0.391103 -0.903724 -0.174131
vn -0.060575 -0.49586 -0.866287
vn -0.030541 -0.484049 -0.874508
vn -0.16932 -0.98549 0.01184
vn -0.170137 -0.985403 0.005942
vn -0.355191 -0.703821 -0.615204
vn -0.373102 -0.710128 -0.597087
vn 0.522979 -0.161309 -0.836942
vn 0.491984 -0.178373 -0.852136
vn -0.422909 -0.872658 -0.244165
vn -0.417297 -0.870557 -0.260757
vn 0.063218 -0.422776 -0.904026
vn 0.031412 -0.435912 -0.899441
vn -0.236731 -0.971434 -0.016554
vn -0.236193 -0.971671 -0.008249
vn -0.328996 -0.660872 -0.674544
vn -0.307963 -0.653234 -0.691697
vn 0.584153 -0.11099 -0.804019
vn 0.612966 -0.093439 -0.784565
vn 0.583486 -0.029774 -0.811577
vn 0.615132 -0.041389 -0.787337
vn -0.441996 -0.837564 -0.321133
vn -0.434056 -0.834621 -0.339122
vn 0.162035 -0.359557 -0.918947
vn 0.12908 -0.373914 -0.918437
vn -0.298896 -0.953361 -0.042004
vn -0.29878 -0.952867 -0.052685
vn -0.271386 -0.608606 -0.745619
vn -0.247312 -0.599582 -0.761143
vn -0.032519 -0.999415 0.010566
vn -0.436617 -0.794723 -0.42164
vn -0.44721 -0.79866 -0.402672
vn 0.229996 -0.310118 -0.922458
vn 0.263397 -0.294677 -0.918579
vn -0.353817 -0.929796 -0.101452
vn -0.354974 -0.930677 -0.088504
vn -0.201481 -0.553518 -0.808098
vn -0.174582 -0.543091 -0.821324
vn -0.09913 -0.994767 0.024717
vn -0.100113 -0.994748 0.021283
vn -0.43788 -0.756148 -0.486315
vn -0.424374 -0.751084 -0.505747
vn 0.364699 -0.228494 -0.902655
vn 0.331608 -0.24485 -0.91109
vn -0.399698 -0.90231 -0.161488
vn -0.402298 -0.903723 -0.146426
vn -0.091467 -0.484047 -0.870249
vn -0.120859 -0.49586 -0.859951
vn -0.169308 -0.985402 0.017794
vn -0.168081 -0.98549 0.023621
vn -0.397237 -0.703821 -0.58893
vn -0.413842 -0.710128 -0.569607
vn 0.431336 -0.178374 -0.884382
vn 0.463323 -0.161306 -0.871385
vn -0.434469 -0.870557 -0.231011
vn -0.43891 -0.872658 -0.214072
vn -0.031412 -0.435912 -0.899441
vn 0.0 -0.422775 -0.906235
vn -0.236193 -0.971671 0.008249
vn -0.237309 -0.971434 -0.0
vn -0.355463 -0.653234 -0.66853
vn -0.375251 -0.660873 -0.649948
vn 0.526645 -0.110991 -0.842809
vn 0.542288 -0.031231 -0.839612
vn 0.556746 -0.093438 -0.825411
vn 0.558679 -0.042845 -0.828276
vn -0.463322 -0.837564 -0.289516
vn -0.456655 -0.83462 -0.308019
vn 0.064699 -0.373912 -0.925205
vn 0.097537 -0.359555 -0.928012
vn -0.301728 -0.952867 -0.031709
vn -0.301098 -0.953361 -0.021056
vn -0.322734 -0.608606 -0.724873
vn -0.299804 -0.599582 -0.742037
vn -0.031703 -0.999415 0.012809
vn -0.474211 -0.79866 -0.370495
vn -0.464968 -0.794723 -0.390154
vn 0.165087 -0.310119 -0.936254
vn 0.198682 -0.294676 -0.934715
vn -0.360283 -0.930677 -0.06353
vn -0.360031 -0.929796 -0.076528
vn -0.257361 -0.553522 -0.792073
vn -0.231441 -0.543091 -0.807148
vn -0.097165 -0.994767 0.031571
vn -0.098386 -0.994748 0.028211
vn -0.458618 -0.751083 -0.474914
vn -0.470735 -0.756148 -0.454587
vn 0.300843 -0.228496 -0.925896
vn 0.267246 -0.244852 -0.932002
vn -0.409992 -0.902309 -0.133211
vn -0.411534 -0.903723 -0.118002
vn -0.180556 -0.495861 -0.849424
vn -0.15195 -0.484047 -0.861748
vn -0.166023 -0.98549 0.035294
vn -0.167654 -0.985403 0.029562
vn -0.437351 -0.703821 -0.559786
vn -0.452569 -0.710129 -0.539349
vn 0.368601 -0.178375 -0.912313
vn 0.40141 -0.161311 -0.901582
vn -0.449528 -0.870557 -0.20014
vn -0.452775 -0.872657 -0.182933
vn -0.063217 -0.422776 -0.904027
vn -0.094074 -0.435911 -0.895059
vn -0.236731 -0.971434 0.016554
vn -0.235043 -0.971671 0.024703
vn -0.419673 -0.660872 -0.622192
vn -0.401234 -0.653235 -0.642102
vn 0.46657 -0.110994 -0.877492
vn 0.497815 -0.09344 -0.862235
vn 0.499632 -0.038488 -0.865382
vn 0.499628 -0.038484 -0.865385
vn 0.455988 -0.031227 -0.889438
vn -0.48239 -0.837563 -0.256491
vn -0.477031 -0.834619 -0.275412
vn 0.032566 -0.359553 -0.932556
vn 0.0 -0.373912 -0.927464
vn -0.303205 -0.952867 -0.010591
vn -0.301833 -0.953361 0.0
vn -0.350833 -0.599582 -0.719317
vn -0.372512 -0.608607 -0.700595
vn -0.030733 -0.999415 0.014988
vn -0.49105 -0.794723 -0.35677
vn -0.4989 -0.79866 -0.336513
vn 0.099374 -0.31012 -0.94549
vn 0.132994 -0.294677 -0.946297
vn -0.363836 -0.930678 -0.038236
vn -0.364492 -0.929796 -0.051229
vn -0.311987 -0.553522 -0.77219
vn -0.287186 -0.543093 -0.789034
vn -0.094726 -0.994767 0.038272
vn -0.096178 -0.994748 0.035005
vn -0.490632 -0.751082 -0.441765
vn -0.501301 -0.756146 -0.420642
vn 0.201585 -0.24485 -0.948373
vn 0.23552 -0.228497 -0.944627
vn -0.418283 -0.902309 -0.104291
vn -0.418761 -0.903723 -0.089011
vn -0.239359 -0.495862 -0.834762
vn -0.21169 -0.484051 -0.849048
vn -0.165183 -0.985403 0.041187
vn -0.163158 -0.98549 0.046784
vn -0.489089 -0.710128 -0.506468
vn -0.475337 -0.703821 -0.527911
vn 0.304062 -0.178374 -0.935804
vn 0.337541 -0.161308 -0.927386
vn -0.464432 -0.872658 -0.150899
vn -0.462392 -0.870557 -0.168299
vn -0.156283 -0.43591 -0.886317
vn -0.126125 -0.422775 -0.897415
vn -0.232747 -0.971671 0.04104
vn -0.235 -0.971434 0.033025
vn -0.462051 -0.660873 -0.591402
vn -0.445042 -0.653234 -0.612554
vn 0.437966 -0.042847 -0.89797
vn 0.411107 -0.029779 -0.911101
vn 0.436451 -0.093441 -0.894863
vn 0.404223 -0.110992 -0.907901
vn -0.495079 -0.83462 -0.241468
vn -0.499107 -0.837564 -0.222213
vn -0.064698 -0.373912 -0.925205
vn -0.032566 -0.359553 -0.932556
vn -0.301098 -0.953361 0.021056
vn -0.303205 -0.952867 0.010591
vn -0.420479 -0.608606 -0.672901
vn -0.400158 -0.599581 -0.693091
vn -0.029611 -0.999415 0.017097
vn -0.521161 -0.798659 -0.30089
vn -0.514744 -0.794723 -0.321644
vn 0.033179 -0.31012 -0.950118
vn 0.066658 -0.294678 -0.953269
vn -0.367176 -0.929797 -0.025674
vn -0.365617 -0.930678 -0.012771
vn -0.341527 -0.543093 -0.767078
vn -0.36509 -0.55352 -0.748548
vn -0.093502 -0.994748 0.041629
vn -0.091827 -0.994767 0.044784
vn -0.520252 -0.751082 -0.406465
vn -0.529422 -0.756146 -0.38465
vn 0.169056 -0.228496 -0.958754
vn 0.134937 -0.244851 -0.960125
vn -0.424539 -0.90231 -0.074859
vn -0.42395 -0.903723 -0.059586
vn -0.270401 -0.484048 -0.832214
vn -0.297012 -0.495862 -0.81603
vn -0.161908 -0.985403 0.052607
vn -0.159497 -0.98549 0.058051
vn -0.511003 -0.70382 -0.49347
vn -0.523229 -0.710129 -0.471115
vn 0.272027 -0.161307 -0.948674
vn 0.238041 -0.178373 -0.954735
vn -0.473826 -0.872658 -0.118139
vn -0.473005 -0.870558 -0.135631
vn -0.217725 -0.435912 -0.873256
vn -0.188414 -0.422776 -0.886431
vn -0.229316 -0.971671 0.057178
vn -0.232123 -0.971434 0.04934
vn -0.502183 -0.660873 -0.557727
vn -0.48669 -0.653234 -0.580016
vn 0.339907 -0.110993 -0.933886
vn 0.372969 -0.09344 -0.923127
vn 0.365126 -0.034132 -0.930332
vn 0.318304 -0.034132 -0.947374
vn 0.374287 -0.041396 -0.926389
vn -0.510715 -0.834621 -0.206344
vn -0.513389 -0.837565 -0.18686
vn -0.097537 -0.359555 -0.928012
vn -0.129079 -0.373914 -0.918437
vn -0.298896 -0.953361 0.042004
vn -0.301728 -0.952867 0.031709
vn -0.466388 -0.608607 -0.641934
vn -0.447527 -0.599584 -0.66349
vn -0.028348 -0.999415 0.019119
vn -0.535925 -0.794723 -0.284957
vn -0.540879 -0.798659 -0.263806
vn 0.0 -0.294677 -0.955597
vn -0.033179 -0.31012 -0.950118
vn -0.368074 -0.929796 -0.0
vn -0.365617 -0.930678 0.012771
vn -0.394201 -0.543092 -0.741389
vn -0.416419 -0.553522 -0.721255
vn -0.088477 -0.994767 0.051084
vn -0.09037 -0.994748 0.048051
vn -0.54734 -0.751081 -0.369184
vn -0.554967 -0.756146 -0.346778
vn 0.067633 -0.24485 -0.967199
vn 0.101763 -0.228496 -0.968212
vn -0.427074 -0.903723 -0.029862
vn -0.428728 -0.902309 -0.045062
vn -0.327796 -0.48405 -0.811323
vn -0.353212 -0.495864 -0.793323
vn -0.157845 -0.985403 0.063772
vn -0.155059 -0.98549 0.069035
vn -0.554815 -0.71013 -0.433468
vn -0.544179 -0.703822 -0.456623
vn 0.205192 -0.16131 -0.965337
vn 0.170865 -0.178376 -0.969014
vn -0.481314 -0.870557 -0.102308
vn -0.480913 -0.872658 -0.0848
vn -0.249795 -0.422775 -0.871128
vn -0.278111 -0.435908 -0.855943
vn -0.228116 -0.971434 0.065411
vn -0.22477 -0.971671 0.073032
vn -0.539862 -0.660874 -0.52134
vn -0.525964 -0.653235 -0.544651
vn 0.307664 -0.09344 -0.946896
vn 0.308751 -0.041396 -0.950242
vn 0.270717 -0.029779 -0.962198
vn 0.273933 -0.110992 -0.955323
vn -0.523867 -0.83462 -0.170213
vn -0.525175 -0.837564 -0.15059
vn -0.192827 -0.373914 -0.907197
vn -0.162035 -0.359557 -0.918947
vn -0.295238 -0.953361 0.062755
vn -0.29878 -0.952867 0.052685
vn -0.492722 -0.599582 -0.630655
vn -0.510034 -0.608606 -0.607836
vn -0.026943 -0.999415 0.021052
vn -0.557965 -0.798658 -0.225435
vn -0.554499 -0.794722 -0.246877
vn -0.099374 -0.31012 -0.945489
vn -0.066658 -0.294678 -0.953269
vn -0.367176 -0.929797 0.025674
vn -0.363836 -0.930678 0.038236
vn -0.465715 -0.553519 -0.690454
vn -0.444963 -0.543092 -0.712081
vn -0.086799 -0.994748 0.054237
vn -0.084702 -0.994767 0.057126
vn -0.577801 -0.756148 -0.307223
vn -0.571755 -0.751083 -0.330107
vn 0.0 -0.24485 -0.969561
vn 0.033976 -0.228496 -0.972952
vn -0.428117 -0.903723 0.0
vn -0.430826 -0.90231 -0.015044
vn -0.383597 -0.48405 -0.786479
vn -0.407688 -0.49586 -0.766755
vn -0.153011 -0.985402 0.074629
vn -0.149865 -0.98549 0.079686
vn -0.574709 -0.703822 -0.417546
vn -0.583703 -0.710129 -0.39371
vn 0.13735 -0.161309 -0.9773
vn 0.102852 -0.178374 -0.978573
vn -0.487278 -0.870557 -0.068483
vn -0.485657 -0.872658 -0.051045
vn -0.337143 -0.435907 -0.834458
vn -0.309952 -0.422771 -0.851583
vn -0.222997 -0.971434 0.081166
vn -0.219129 -0.971671 0.088532
vn -0.562675 -0.653235 -0.506636
vn -0.574913 -0.660873 -0.482412
vn 0.241701 -0.042847 -0.969404
vn 0.20663 -0.110992 -0.972103
vn 0.222409 -0.031226 -0.974453
vn 0.240864 -0.093441 -0.96605
vn -0.5344 -0.837564 -0.113592
vn -0.534464 -0.83462 -0.133256
vn -0.255647 -0.373913 -0.891535
vn -0.225744 -0.359554 -0.905406
vn -0.290141 -0.953361 0.083197
vn -0.294378 -0.952867 0.073396
vn -0.551192 -0.608607 -0.570776
vn -0.535514 -0.599582 -0.594749
vn -0.02541 -0.999415 0.022879
vn -0.57233 -0.79866 -0.185959
vn -0.570367 -0.794722 -0.207601
vn -0.165087 -0.310119 -0.936255
vn -0.132994 -0.294677 -0.946297
vn -0.364492 -0.929796 0.051229
vn -0.360283 -0.930677 0.06353
vn -0.512745 -0.553521 -0.656283
vn -0.493546 -0.54309 -0.679312
vn -0.082803 -0.994748 0.060161
vn -0.080505 -0.994767 0.062902
vn -0.593391 -0.751083 -0.289416
vn -0.597826 -0.756148 -0.266167
vn -0.067633 -0.24485 -0.967199
vn -0.033976 -0.228496 -0.972952
vn -0.430826 -0.90231 0.015044
vn -0.427074 -0.903723 0.029862
vn -0.437519 -0.484047 -0.75781
vn -0.460186 -0.495862 -0.736444
vn -0.147433 -0.985402 0.085121
vn -0.143943 -0.98549 0.089943
vn -0.602434 -0.703822 -0.376442
vn -0.609743 -0.710128 -0.35204
vn 0.06884 -0.161307 -0.9845
vn 0.034339 -0.178372 -0.983364
vn -0.490869 -0.870557 -0.034323
vn -0.488036 -0.872657 -0.017042
vn -0.394534 -0.43591 -0.808904
vn -0.368598 -0.422772 -0.827889
vn -0.216793 -0.971434 0.096522
vn -0.212418 -0.971671 0.103604
vn -0.607167 -0.660874 -0.441128
vn -0.596647 -0.653234 -0.466152
vn 0.138312 -0.110994 -0.98415
vn 0.173519 -0.03848 -0.984079
vn 0.124284 -0.031223 -0.991755
vn 0.17289 -0.09344 -0.980499
vn 0.173521 -0.038482 -0.984078
vn -0.541023 -0.837563 -0.076037
vn -0.542458 -0.83462 -0.09565
vn -0.317212 -0.373914 -0.87153
vn -0.288352 -0.359556 -0.887453
vn -0.28854 -0.952866 0.093756
vn -0.28363 -0.953361 0.103236
vn -0.575696 -0.599583 -0.555945
vn -0.589664 -0.608607 -0.530937
vn -0.023752 -0.999415 0.024596
vn -0.583459 -0.794723 -0.167304
vn -0.583907 -0.79866 -0.145583
vn -0.229996 -0.310117 -0.922458
vn -0.198682 -0.294675 -0.934715
vn -0.360031 -0.929796 0.076528
vn -0.354974 -0.930677 0.088504
vn -0.539733 -0.543091 -0.643227
vn -0.557276 -0.553519 -0.618918
vn -0.078404 -0.994748 0.065791
vn -0.075925 -0.994767 0.068361
vn -0.614935 -0.756147 -0.223823
vn -0.612134 -0.751084 -0.247317
vn -0.134938 -0.244851 -0.960125
vn -0.101763 -0.228495 -0.968212
vn -0.42395 -0.903723 0.059586
vn -0.428728 -0.902309 0.045062
vn -0.510431 -0.495864 -0.702552
vn -0.489315 -0.484052 -0.725441
vn -0.141136 -0.985402 0.095198
vn -0.137317 -0.98549 0.099767
vn -0.627226 -0.70382 -0.333504
vn -0.632816 -0.710128 -0.308645
vn 0.0 -0.161306 -0.986904
vn -0.03434 -0.178372 -0.983364
vn -0.492068 -0.870557 -0.0
vn -0.488036 -0.872657 0.017042
vn -0.449993 -0.435913 -0.779414
vn -0.425449 -0.422778 -0.800158
vn -0.209531 -0.971434 0.111411
vn -0.204674 -0.971671 0.118169
vn -0.636458 -0.660874 -0.397702
vn -0.627711 -0.653235 -0.423394
vn 0.104066 -0.093439 -0.990171
vn 0.104427 -0.042846 -0.993609
vn 0.069323 -0.11099 -0.991401
vn 0.0747 -0.029779 -0.996761
vn -0.54501 -0.837563 -0.038109
vn -0.54781 -0.834619 -0.057576
vn -0.377231 -0.373916 -0.84728
vn -0.349551 -0.359557 -0.865178
vn -0.281298 -0.952867 0.113651
vn -0.275739 -0.953361 0.122766
vn -0.613076 -0.599582 -0.514431
vn -0.625265 -0.608606 -0.488511
vn -0.021978 -0.999415 0.026194
vn -0.59264 -0.79866 -0.104498
vn -0.593708 -0.794724 -0.126196
vn -0.263397 -0.294676 -0.918579
vn -0.293782 -0.310119 -0.904167
vn -0.353817 -0.929796 0.101452
vn -0.347933 -0.930678 0.113054
vn -0.599091 -0.553519 -0.578538
vn -0.583286 -0.543091 -0.604012
vn -0.070969 -0.994767 0.073493
vn -0.073626 -0.994748 0.071098
vn -0.629054 -0.756145 -0.180378
vn -0.627898 -0.751081 -0.204015
vn -0.201585 -0.244851 -0.948373
vn -0.169055 -0.228496 -0.958754
vn -0.424539 -0.90231 0.074859
vn -0.418761 -0.903723 0.089011
vn -0.558198 -0.495865 -0.665232
vn -0.538727 -0.484051 -0.689542
vn -0.130022 -0.98549 0.109104
vn -0.134152 -0.985402 0.10481
vn -0.652804 -0.710129 -0.263748
vn -0.648962 -0.703821 -0.288938
vn -0.06884 -0.161308 -0.9845
vn -0.102852 -0.178374 -0.978573
vn -0.490869 -0.870557 0.034323
vn -0.485657 -0.872658 0.051045
vn -0.503267 -0.435911 -0.746126
vn -0.480232 -0.422777 -0.768529
vn -0.195932 -0.971671 0.132158
vn -0.20125 -0.971434 0.125753
vn -0.655715 -0.653235 -0.378578
vn -0.662649 -0.660873 -0.352339
vn 0.034871 -0.041396 -0.998534
vn 0.0 -0.110993 -0.993821
vn 0.024915 -0.034133 -0.999107
vn -0.024915 -0.034133 -0.999107
vn 0.034748 -0.09344 -0.995018
vn -0.55049 -0.83462 -0.019226
vn -0.546338 -0.837564 0.0
vn -0.409056 -0.359556 -0.838685
vn -0.435416 -0.373912 -0.818903
vn -0.266503 -0.953361 0.141703
vn -0.272685 -0.952866 0.132998
vn -0.65782 -0.608606 -0.443702
vn -0.647469 -0.599581 -0.470411
vn -0.0201 -0.999415 0.027661
vn -0.598486 -0.79866 -0.062903
vn -0.601065 -0.794723 -0.084472
vn -0.356135 -0.310119 -0.881473
vn -0.326832 -0.294678 -0.897968
vn -0.345875 -0.929797 0.12589
vn -0.339201 -0.930678 0.137045
vn -0.624 -0.54309 -0.561852
vn -0.63799 -0.553519 -0.535336
vn -0.068485 -0.994748 0.076062
vn -0.065668 -0.994767 0.078265
vn -0.640103 -0.756146 -0.136058
vn -0.640599 -0.751081 -0.159721
vn -0.267246 -0.244852 -0.932002
vn -0.235521 -0.228498 -0.944626
vn -0.418283 -0.90231 0.104291
vn -0.411534 -0.903723 0.118002
vn -0.585514 -0.484053 -0.650281
vn -0.60324 -0.495865 -0.624675
vn -0.126513 -0.985403 0.113914
vn -0.122097 -0.98549 0.117906
vn -0.669612 -0.71013 -0.217568
vn -0.667536 -0.703822 -0.242963
vn -0.13735 -0.161309 -0.9773
vn -0.170864 -0.178375 -0.969014
vn -0.480913 -0.872658 0.0848
vn -0.487278 -0.870557 0.068483
vn -0.532671 -0.422775 -0.733159
vn -0.554088 -0.43591 -0.709203
vn -0.186237 -0.971671 0.145503
vn -0.191986 -0.971434 0.139488
vn -0.680527 -0.653234 -0.331915
vn -0.685614 -0.660873 -0.305256
vn -0.034748 -0.09344 -0.995018
vn -0.0747 -0.029779 -0.996761
vn -0.069323 -0.11099 -0.991401
vn -0.034871 -0.041396 -0.998534
vn -0.54501 -0.837563 0.038109
vn -0.55049 -0.83462 0.019226
vn -0.491482 -0.373911 -0.786534
vn -0.466563 -0.359553 -0.80811
vn -0.25597 -0.953361 0.159945
vn -0.262744 -0.952867 0.151694
vn -0.687166 -0.608608 -0.396736
vn -0.678703 -0.599583 -0.424103
vn -0.018118 -0.999415 0.028998
vn -0.605494 -0.794723 -0.042339
vn -0.601417 -0.798659 -0.021005
vn -0.41676 -0.31012 -0.854481
vn -0.388676 -0.294676 -0.872982
vn -0.336252 -0.929797 0.14971
vn -0.328814 -0.930678 0.160374
vn -0.661673 -0.54309 -0.516954
vn -0.67378 -0.55352 -0.489527
vn -0.060057 -0.994767 0.082649
vn -0.063013 -0.994748 0.080653
vn -0.650181 -0.751081 -0.114642
vn -0.648035 -0.756145 -0.091073
vn -0.300843 -0.228496 -0.925896
vn -0.331608 -0.24485 -0.91109
vn -0.409992 -0.902309 0.133211
vn -0.402298 -0.903723 0.146426
vn -0.645348 -0.495862 -0.581074
vn -0.629454 -0.484051 -0.607851
vn -0.11826 -0.985403 0.12246
vn -0.113571 -0.98549 0.126138
vn -0.683156 -0.71013 -0.170332
vn -0.682857 -0.703823 -0.195806
vn -0.238042 -0.178374 -0.954735
vn -0.205191 -0.161309 -0.965337
vn -0.473826 -0.872658 0.118139
vn -0.481314 -0.870557 0.102308
vn -0.602211 -0.435909 -0.668824
vn -0.582516 -0.422774 -0.694217
vn -0.181791 -0.971434 0.152538
vn -0.175632 -0.971671 0.158141
vn -0.702023 -0.653234 -0.283636
vn -0.705238 -0.660872 -0.256685
vn -0.104066 -0.09344 -0.990171
vn -0.104427 -0.042845 -0.993609
vn -0.124283 -0.031223 -0.991755
vn -0.138312 -0.110994 -0.984149
vn -0.541023 -0.837563 0.076037
vn -0.54781 -0.834619 0.057576
vn -0.54515 -0.373911 -0.750335
vn -0.521797 -0.359553 -0.773595
vn -0.251522 -0.952867 0.169652
vn -0.244187 -0.953361 0.177414
vn -0.713168 -0.608607 -0.347835
vn -0.706634 -0.599583 -0.375724
vn -0.016053 -0.999415 0.03019
vn -0.601417 -0.798659 0.021005
vn -0.606974 -0.794722 -0.0
vn -0.475348 -0.310123 -0.823327
vn -0.448622 -0.294679 -0.843743
vn -0.32499 -0.929797 0.172799
vn -0.316827 -0.930678 0.182918
vn -0.706283 -0.553521 -0.441337
vn -0.696119 -0.543092 -0.469541
vn -0.057236 -0.994748 0.084851
vn -0.054135 -0.994767 0.086643
vn -0.652808 -0.756147 -0.045648
vn -0.656593 -0.751082 -0.069012
vn -0.394356 -0.244849 -0.885739
vn -0.364697 -0.228494 -0.902655
vn -0.391103 -0.903724 0.174131
vn -0.399698 -0.90231 0.161488
vn -0.67032 -0.484049 -0.562465
vn -0.68431 -0.495862 -0.53464
vn -0.104498 -0.98549 0.133751
vn -0.109429 -0.985403 0.130411
vn -0.694853 -0.703822 -0.147697
vn -0.693374 -0.71013 -0.122258
vn -0.272028 -0.161308 -0.948673
vn -0.304062 -0.178374 -0.935804
vn -0.464432 -0.872658 0.150899
vn -0.473005 -0.870558 0.135631
vn -0.647402 -0.435909 -0.625183
vn -0.629525 -0.422772 -0.651891
vn -0.170707 -0.971434 0.164847
vn -0.164175 -0.971671 0.170005
vn -0.721426 -0.660872 -0.206866
vn -0.720099 -0.653234 -0.233973
vn -0.173522 -0.03848 -0.984078
vn -0.17289 -0.093441 -0.980499
vn -0.17352 -0.038482 -0.984078
vn -0.222408 -0.031226 -0.974454
vn -0.206629 -0.110993 -0.972103
vn -0.5344 -0.837564 0.113592
vn -0.542458 -0.83462 0.09565
vn -0.596162 -0.373912 -0.710479
vn -0.574488 -0.359553 -0.735313
vn -0.239073 -0.952867 0.186786
vn -0.231219 -0.953361 0.194013
vn -0.735694 -0.608608 -0.29724
vn -0.731121 -0.599583 -0.325517
vn -0.013907 -0.999415 0.031236
vn -0.598486 -0.79866 0.062903
vn -0.605494 -0.794723 0.042339
vn -0.506391 -0.29468 -0.81039
vn -0.531624 -0.310121 -0.788163
vn -0.312144 -0.929797 0.19505
vn -0.303297 -0.930678 0.204574
vn -0.735351 -0.553519 -0.390992
vn -0.72718 -0.543091 -0.419836
vn -0.051174 -0.994748 0.088639
vn -0.047966 -0.994767 0.090205
vn -0.654402 -0.756147 0.0
vn -0.659806 -0.751082 -0.023041
vn -0.455179 -0.24485 -0.856073
vn -0.426772 -0.228495 -0.875018
vn -0.387459 -0.90231 0.188977
vn -0.378005 -0.903723 0.200988
vn -0.707924 -0.48405 -0.514334
vn -0.719937 -0.495861 -0.485606
vn -0.094918 -0.98549 0.140712
vn -0.100063 -0.985403 0.137729
vn -0.703462 -0.703823 -0.098864
vn -0.700213 -0.71013 -0.073597
vn -0.337541 -0.161308 -0.927386
vn -0.368599 -0.178374 -0.912314
vn -0.462392 -0.870557 0.168299
vn -0.452775 -0.872657 0.182933
vn -0.673463 -0.422776 -0.606389
vn -0.689432 -0.435911 -0.578502
vn -0.158789 -0.971434 0.176356
vn -0.151915 -0.971671 0.181045
vn -0.734098 -0.660872 -0.156039
vn -0.734666 -0.653233 -0.183173
vn -0.270718 -0.029779 -0.962198
vn -0.241702 -0.042848 -0.969404
vn -0.240865 -0.093441 -0.96605
vn -0.273934 -0.110992 -0.955322
vn -0.525175 -0.837564 0.15059
vn -0.534464 -0.83462 0.133256
vn -0.644272 -0.373911 -0.667161
vn -0.624384 -0.359552 -0.693446
vn -0.225462 -0.952866 0.203008
vn -0.217123 -0.95336 0.20967
vn -0.752049 -0.599582 -0.27372
vn -0.754637 -0.608606 -0.245195
vn -0.011694 -0.999415 0.032131
vn -0.601065 -0.794723 0.084472
vn -0.59264 -0.79866 0.104498
vn -0.561688 -0.294678 -0.773092
vn -0.585307 -0.310119 -0.749161
vn -0.29778 -0.929796 0.216346
vn -0.288284 -0.930678 0.225235
vn -0.754692 -0.543092 -0.368091
vn -0.760832 -0.553521 -0.338746
vn -0.041554 -0.994767 0.093333
vn -0.044867 -0.994748 0.091992
vn -0.659806 -0.751082 0.023041
vn -0.652808 -0.756147 0.045648
vn -0.486775 -0.228493 -0.843114
vn -0.513792 -0.244848 -0.822233
vn -0.373334 -0.90231 0.215543
vn -0.363062 -0.903724 0.226868
vn -0.752058 -0.495862 -0.434199
vn -0.742076 -0.484048 -0.463703
vn -0.084864 -0.98549 0.146995
vn -0.090214 -0.985402 0.144372
vn -0.708646 -0.703822 -0.049553
vn -0.703642 -0.710129 -0.024572
vn -0.431338 -0.178373 -0.884381
vn -0.40141 -0.161309 -0.901582
vn -0.449528 -0.870557 0.20014
vn -0.43891 -0.872658 0.214072
vn -0.714123 -0.422775 -0.557933
vn -0.728108 -0.435911 -0.528999
vn -0.1461 -0.971434 0.187005
vn -0.138913 -0.971671 0.191204
vn -0.743195 -0.660872 -0.104448
vn -0.745654 -0.653233 -0.131479
vn -0.339907 -0.110993 -0.933886
vn -0.308751 -0.041396 -0.950242
vn -0.307664 -0.09344 -0.946896
vn -0.318304 -0.034132 -0.947374
vn -0.365126 -0.034132 -0.930332
vn -0.523867 -0.83462 0.170213
vn -0.513389 -0.837565 0.18686
vn -0.68924 -0.373913 -0.620595
vn -0.671232 -0.359554 -0.648205
vn -0.201965 -0.95336 0.224308
vn -0.210752 -0.952866 0.218242
vn -0.76931 -0.599583 -0.220598
vn -0.769902 -0.608608 -0.191958
vn -0.009425 -0.999415 0.032868
vn -0.593708 -0.794724 0.126196
vn -0.583907 -0.79866 0.145583
vn -0.636142 -0.310121 -0.706504
vn -0.614245 -0.294677 -0.732031
vn -0.281959 -0.929797 0.236594
vn -0.271872 -0.930678 0.244795
vn -0.78261 -0.553522 -0.284843
vn -0.778531 -0.543092 -0.314547
vn -0.038341 -0.994748 0.094898
vn -0.03494 -0.994767 0.096005
vn -0.648035 -0.756145 0.091073
vn -0.656593 -0.751082 0.069012
vn -0.544399 -0.228495 -0.807106
vn -0.569896 -0.244851 -0.78439
vn -0.346356 -0.903723 0.251639
vn -0.357387 -0.90231 0.241064
vn -0.780512 -0.495864 -0.380684
vn -0.772613 -0.484051 -0.410809
vn -0.079922 -0.985403 0.150314
vn -0.074406 -0.98549 0.152556
vn -0.703642 -0.710129 0.024572
vn -0.710377 -0.703821 -0.0
vn -0.463321 -0.161307 -0.871386
vn -0.491983 -0.178375 -0.852136
vn -0.434469 -0.870557 0.231011
vn -0.422909 -0.872658 0.244165
vn -0.7513 -0.422777 -0.506761
vn -0.763233 -0.435913 -0.476923
vn -0.12524 -0.971671 0.200425
vn -0.132704 -0.971434 0.196737
vn -0.748669 -0.660874 -0.052351
vn -0.753008 -0.653235 -0.079146
vn -0.374287 -0.041396 -0.926389
vn -0.372969 -0.09344 -0.923127
vn -0.404223 -0.110992 -0.907901
vn -0.411104 -0.02978 -0.911102
vn -0.499107 -0.837564 0.222213
vn -0.510715 -0.834621 0.206344
vn -0.730853 -0.373912 -0.571003
vn -0.714816 -0.359554 -0.599799
vn -0.195016 -0.952866 0.23241
vn -0.185824 -0.953361 0.237851
vn -0.781416 -0.608608 -0.137785
vn -0.782823 -0.599583 -0.166396
vn -0.007109 -0.999415 0.033445
vn -0.583459 -0.794723 0.167304
vn -0.57233 -0.79866 0.185959
vn -0.683872 -0.310122 -0.660411
vn -0.663811 -0.29468 -0.687399
vn -0.254133 -0.930678 0.263164
vn -0.26477 -0.929797 0.255685
vn -0.798575 -0.543094 -0.259473
vn -0.800571 -0.553523 -0.229562
vn -0.028162 -0.994767 0.098207
vn -0.031629 -0.994748 0.097341
vn -0.640103 -0.756146 0.136058
vn -0.650181 -0.751081 0.114642
vn -0.62322 -0.244853 -0.742727
vn -0.599372 -0.228498 -0.767165
vn -0.339704 -0.902309 0.265404
vn -0.327955 -0.903723 0.27519
vn -0.805169 -0.49586 -0.32531
vn -0.799391 -0.484049 -0.355908
vn -0.069244 -0.985402 0.155523
vn -0.063582 -0.98549 0.157374
vn -0.700213 -0.71013 0.073597
vn -0.708646 -0.703822 0.049553
vn -0.522981 -0.16131 -0.836941
vn -0.550225 -0.178374 -0.815742
vn -0.417297 -0.870557 0.260757
vn -0.404844 -0.872658 0.273074
vn -0.784823 -0.422776 -0.453115
vn -0.794643 -0.435909 -0.422523
vn -0.118653 -0.971434 0.205517
vn -0.110952 -0.971671 0.208674
vn -0.756693 -0.653236 -0.026425
vn -0.750496 -0.660875 0.0
vn -0.436451 -0.093441 -0.894863
vn -0.455988 -0.031229 -0.889438
vn -0.499631 -0.038486 -0.865383
vn -0.437966 -0.042849 -0.89797
vn -0.466568 -0.110993 -0.877493
vn -0.48239 -0.837563 0.256491
vn -0.495079 -0.83462 0.241468
vn -0.768901 -0.373913 -0.518633
vn -0.754912 -0.359555 -0.548478
vn -0.168786 -0.953361 0.250229
vn -0.178328 -0.952867 0.245446
vn -0.792524 -0.599583 -0.11138
vn -0.789126 -0.608606 -0.082943
vn -0.004759 -0.999415 0.03386
vn -0.092567 -0.995405 0.024493
vn -0.557965 -0.798658 0.225435
vn -0.570367 -0.794722 0.207601
vn -0.728278 -0.31012 -0.611095
vn -0.710148 -0.294678 -0.639418
vn -0.235157 -0.930678 0.280249
vn -0.24629 -0.929797 0.27353
vn -0.814731 -0.543093 -0.203135
vn -0.814635 -0.553521 -0.173157
vn -0.021241 -0.994767 0.099933
vn -0.024761 -0.994748 0.099311
vn -0.640599 -0.751081 0.159721
vn -0.629054 -0.756145 0.180378
vn -0.65143 -0.228496 -0.723484
vn -0.673512 -0.244849 -0.697445
vn -0.320361 -0.90231 0.288455
vn -0.307962 -0.903723 0.297395
vn -0.825899 -0.495861 -0.268351
vn -0.822269 -0.484048 -0.299284
vn -0.058229 -0.985403 0.159972
vn -0.052451 -0.98549 0.161425
vn -0.693374 -0.71013 0.122258
vn -0.703462 -0.703823 0.098864
vn -0.605787 -0.178374 -0.775374
vn -0.580087 -0.161308 -0.798423
vn -0.384813 -0.872657 0.300646
vn -0.398089 -0.870557 0.289232
vn -0.822184 -0.435908 -0.366056
vn -0.814521 -0.422771 -0.397266
vn -0.104031 -0.971434 0.213291
vn -0.096127 -0.971671 0.215904
vn -0.748669 -0.660874 0.052351
vn -0.756693 -0.653236 0.026425
vn -0.526647 -0.110989 -0.842807
vn -0.499632 -0.038488 -0.865382
vn -0.497815 -0.093438 -0.862235
vn -0.542284 -0.031231 -0.839614
vn -0.463322 -0.837564 0.289516
vn -0.477031 -0.834619 0.275412
vn -0.80321 -0.373909 -0.463731
vn -0.791337 -0.359552 -0.494478
vn -0.150915 -0.953361 0.261396
vn -0.160773 -0.952867 0.257289
vn -0.798365 -0.59958 -0.055826
vn -0.792991 -0.608604 -0.027693
vn -0.004073 -0.998294 0.058241
vn 0.118436 -0.990273 0.073019
vn -0.554499 -0.794722 0.246877
vn -0.540879 -0.798659 0.263806
vn -0.769129 -0.310121 -0.558807
vn -0.75302 -0.294679 -0.588324
vn -0.215036 -0.930678 0.295969
vn -0.226608 -0.929797 0.290045
vn -0.826918 -0.543091 -0.145804
vn -0.824732 -0.553519 -0.115906
vn -0.017772 -0.994748 0.100796
vn -0.014221 -0.994767 0.101171
vn -0.614935 -0.756147 0.223823
vn -0.627898 -0.751081 0.204015
vn -0.700309 -0.228494 -0.676282
vn -0.720525 -0.24485 -0.648762
vn -0.299459 -0.902309 0.3101
vn -0.286468 -0.903723 0.318152
vn -0.842608 -0.49586 -0.210085
vn -0.841145 -0.484048 -0.241192
vn -0.046924 -0.985403 0.163645
vn -0.041063 -0.98549 0.164691
vn -0.694853 -0.703822 0.147697
vn -0.683156 -0.71013 0.170332
vn -0.634371 -0.161306 -0.756012
vn -0.658401 -0.178372 -0.731226
vn -0.362901 -0.872658 0.326759
vn -0.376947 -0.870557 0.316294
vn -0.845713 -0.435911 -0.307817
vn -0.840245 -0.422775 -0.339484
vn -0.080836 -0.971671 0.222083
vn -0.088896 -0.971434 0.220029
vn -0.753008 -0.653235 0.079146
vn -0.743195 -0.660872 0.104448
vn -0.558677 -0.042846 -0.828278
vn -0.584153 -0.110993 -0.804019
vn -0.583486 -0.029774 -0.811577
vn -0.556744 -0.09344 -0.825412
vn -0.441996 -0.837564 0.321133
vn -0.456655 -0.83462 0.308019
vn -0.8336 -0.373913 -0.406572
vn -0.823899 -0.359553 -0.438077
vn -0.14243 -0.952867 0.267878
vn -0.132317 -0.95336 0.271286
vn -0.792991 -0.608604 0.027693
vn -0.800315 -0.599579 -0.0
vn -0.521161 -0.798659 0.30089
vn -0.535925 -0.794723 0.284957
vn -0.792227 -0.294677 -0.534361
vn -0.806239 -0.31012 -0.50379
vn -0.205823 -0.929797 0.305147
vn -0.193867 -0.930678 0.310249
vn -0.830806 -0.553522 -0.058094
vn -0.835073 -0.543092 -0.087772
vn -0.106537 -0.990138 0.090978
vn -0.007128 -0.994767 0.101916
vn 0.017392 -0.992333 0.122365
vn -0.010701 -0.994748 0.10179
vn -0.612134 -0.751084 0.247317
vn -0.597826 -0.756148 0.266167
vn -0.764024 -0.24485 -0.596922
vn -0.74578 -0.228496 -0.625782
vn -0.263575 -0.903723 0.33736
vn -0.277102 -0.902309 0.330231
vn -0.855208 -0.495864 -0.150793
vn -0.855919 -0.484049 -0.181935
vn -0.035393 -0.985403 0.166521
vn -0.029472 -0.98549 0.167155
vn -0.669612 -0.71013 0.217568
vn -0.682857 -0.703823 0.195806
vn -0.707803 -0.178372 -0.683519
vn -0.685562 -0.161307 -0.709919
vn -0.339223 -0.872658 0.351278
vn -0.353963 -0.870557 0.34182
vn -0.861881 -0.422774 -0.280041
vn -0.865127 -0.43591 -0.248069
vn -0.073334 -0.971434 0.225694
vn -0.065143 -0.971671 0.227182
vn -0.745654 -0.653233 0.131479
vn -0.734098 -0.660872 0.156039
vn -0.612968 -0.093441 -0.784563
vn -0.638817 -0.110994 -0.76131
vn -0.615134 -0.041391 -0.787336
vn -0.623125 -0.034131 -0.781377
vn -0.661299 -0.034131 -0.749346
vn -0.434056 -0.834621 0.339122
vn -0.418522 -0.837564 0.351178
vn -0.859929 -0.373912 -0.347437
vn -0.852451 -0.359555 -0.379536
vn -0.123402 -0.952866 0.27716
vn -0.113067 -0.953361 0.279855
vn -0.798365 -0.59958 0.055826
vn -0.789126 -0.608606 0.082943
vn -0.514744 -0.794723 0.321644
vn -0.4989 -0.79866 0.336513
vn -0.82757 -0.29468 -0.477799
vn -0.839415 -0.310122 -0.446326
vn -0.171748 -0.930678 0.323019
vn -0.184038 -0.929797 0.318761
vn -0.839161 -0.543094 -0.029304
vn -0.832834 -0.553523 0.0
vn -0.593391 -0.751083 0.289416
vn -0.577801 -0.756148 0.307223
vn -0.787614 -0.228495 -0.572236
vn -0.803803 -0.244851 -0.54217
vn -0.239399 -0.903723 0.354926
vn -0.253386 -0.90231 0.348759
vn -0.863643 -0.495864 -0.090775
vn -0.866523 -0.484053 -0.121781
vn -0.017745 -0.98549 0.168803
vn -0.023692 -0.985403 0.168584
vn -0.667536 -0.703822 0.242963
vn -0.652804 -0.710129 0.263748
vn -0.733413 -0.161306 -0.660368
vn -0.75376 -0.178372 -0.632478
vn -0.313898 -0.872657 0.374082
vn -0.329257 -0.870557 0.365678
vn -0.879315 -0.422776 -0.219239
vn -0.880322 -0.435911 -0.187122
vn -0.057409 -0.971434 0.230261
vn -0.049134 -0.971671 0.231174
vn -0.721426 -0.660872 0.206866
vn -0.734666 -0.653233 0.183173
vn -0.668556 -0.041393 -0.742509
vn -0.690366 -0.110996 -0.714895
vn -0.666202 -0.093443 -0.739894
vn -0.697931 -0.029774 -0.715546
vn -0.393003 -0.837563 0.379521
vn -0.409343 -0.83462 0.368576
vn -0.882071 -0.373913 -0.286601
vn -0.87685 -0.359553 -0.319149
vn -0.103764 -0.952867 0.285094
vn -0.093274 -0.953361 0.28706
vn -0.781416 -0.608608 0.137785
vn -0.792524 -0.599583 0.11138
vn -0.474211 -0.79866 0.370495
vn -0.49105 -0.794723 0.35677
vn -0.858884 -0.294679 -0.418906
vn -0.868505 -0.310122 -0.386683
vn -0.148803 -0.930678 0.334209
vn -0.161353 -0.929797 0.33082
vn -0.830806 -0.553522 0.058094
vn -0.839161 -0.543094 0.029304
vn -0.554967 -0.756146 0.346778
vn -0.571755 -0.751083 0.330107
vn -0.839664 -0.244852 -0.484781
vn -0.825612 -0.228498 -0.5159
vn -0.228441 -0.90231 0.365585
vn -0.21406 -0.903723 0.37076
vn -0.867872 -0.495863 -0.030307
vn -0.872909 -0.48405 -0.061039
vn -0.039233 -0.98455 0.170652
vn -0.011876 -0.985403 0.169826
vn 0.020674 -0.975498 0.219035
vn -0.037387 -0.984581 0.170889
vn -0.632816 -0.710128 0.308645
vn -0.648962 -0.703821 0.288938
vn -0.777691 -0.161308 -0.6076
vn -0.796042 -0.178373 -0.57836
vn -0.287034 -0.872657 0.395071
vn -0.302949 -0.870556 0.387754
vn -0.892468 -0.422773 -0.157366
vn -0.891232 -0.435909 -0.125254
vn -0.032891 -0.971671 0.234038
vn -0.041208 -0.971434 0.233704
vn -0.705238 -0.660872 0.256685
vn -0.720099 -0.653233 0.233973
vn -0.716194 -0.093443 -0.691617
vn -0.718681 -0.042843 -0.694019
vn -0.732695 -0.031225 -0.67984
vn -0.738553 -0.110994 -0.664996
vn -0.382637 -0.83462 0.39623
vn -0.365571 -0.837564 0.40601
vn -0.899914 -0.373912 -0.224375
vn -0.896976 -0.359555 -0.257204
vn -0.073018 -0.953361 0.292868
vn -0.083628 -0.952866 0.291636
vn -0.782823 -0.599583 0.166396
vn -0.769902 -0.608608 0.191958
vn -0.464968 -0.794723 0.390154
vn -0.44721 -0.79866 0.402672
vn -0.886015 -0.294678 -0.35797
vn -0.893363 -0.310118 -0.325159
vn -0.125122 -0.930678 0.343778
vn -0.137881 -0.929797 0.341272
vn -0.824732 -0.553519 0.115906
vn -0.835073 -0.543092 0.087772
vn -0.529422 -0.756146 0.38465
vn -0.54734 -0.751081 0.369184
vn -0.859588 -0.228498 -0.457053
vn -0.871435 -0.244853 -0.425028
vn -0.187676 -0.903723 0.38479
vn -0.202383 -0.902309 0.38063
vn -0.867872 -0.495863 0.030307
vn -0.87504 -0.48405 -0.0
vn -0.627226 -0.70382 0.333504
vn -0.609743 -0.710128 0.35204
vn -0.81818 -0.161308 -0.551871
vn -0.834448 -0.178374 -0.521421
vn -0.258775 -0.872658 0.41413
vn -0.275161 -0.870557 0.407943
vn -0.901271 -0.422774 -0.094727
vn -0.897798 -0.43591 -0.062779
vn -0.024808 -0.971434 0.236008
vn -0.016487 -0.971671 0.235761
vn -0.047143 -0.97196 0.230372
vn 0.00644 -0.96376 0.266692
vn -0.702023 -0.653234 0.283636
vn -0.685614 -0.660873 0.305256
vn -0.783141 -0.110995 -0.611858
vn -0.765476 -0.038482 -0.642313
vn -0.765476 -0.038481 -0.642312
vn -0.796741 -0.031225 -0.603513
vn -0.762692 -0.093442 -0.639976
vn -0.336362 -0.837564 0.43052
vn -0.354064 -0.83462 0.421957
vn -0.912734 -0.359553 -0.194006
vn -0.913374 -0.373911 -0.161053
vn -0.063076 -0.952867 0.29676
vn -0.052412 -0.953361 0.297248
vn -0.754637 -0.608606 0.245195
vn -0.76931 -0.599583 0.220598
vn -0.436617 -0.794723 0.42164
vn -0.418035 -0.798659 0.432886
vn -0.913869 -0.31012 -0.262048
vn -0.908826 -0.294676 -0.295298
vn -0.113739 -0.929797 0.350059
vn -0.100842 -0.930678 0.351667
vn -0.814635 -0.553521 0.173157
vn -0.826918 -0.543091 0.145804
vn -0.520252 -0.751082 0.406465
vn -0.501301 -0.756146 0.420642
vn -0.889377 -0.228498 -0.395976
vn -0.898962 -0.244854 -0.363201
vn -0.160373 -0.903723 0.396944
vn -0.175343 -0.902309 0.393819
vn -0.863643 -0.495864 0.090775
vn -0.872909 -0.48405 0.061039
vn -0.583703 -0.710129 0.39371
vn -0.602434 -0.703822 0.376442
vn -0.868787 -0.178372 -0.461945
vn -0.854685 -0.161308 -0.493451
vn -0.246031 -0.870557 0.426144
vn -0.229257 -0.872658 0.431173
vn -0.905683 -0.422775 -0.031629
vn -0.89999 -0.435911 0.0
vn -0.680527 -0.653234 0.331915
vn -0.662649 -0.660873 0.352339
vn -0.808276 -0.042848 -0.587243
vn -0.823914 -0.110991 -0.555739
vn -0.805479 -0.093441 -0.585211
vn -0.825871 -0.029779 -0.563072
vn -0.30551 -0.837564 0.452936
vn -0.323767 -0.83462 0.445628
vn -0.924043 -0.359553 -0.129867
vn -0.922384 -0.373912 -0.096946
vn -0.042223 -0.952867 0.300437
vn -0.031554 -0.953361 0.30018
vn -0.735694 -0.608608 0.29724
vn -0.752049 -0.599582 0.27372
vn -0.406144 -0.794722 0.451069
vn -0.386819 -0.798659 0.460993
vn -0.927212 -0.294677 -0.231179
vn -0.929923 -0.31012 -0.19766
vn -0.089045 -0.929796 0.357141
vn -0.07606 -0.930678 0.357847
vn -0.800571 -0.553523 0.229562
vn -0.814731 -0.543093 0.203135
vn -0.490632 -0.751082 0.441765
vn -0.470735 -0.756148 0.454587
vn -0.922106 -0.244854 -0.299613
vn -0.914832 -0.228501 -0.332971
vn -0.132293 -0.903724 0.407163
vn -0.14744 -0.90231 0.405091
vn -0.866523 -0.484053 0.121781
vn -0.855208 -0.495864 0.150793
vn -0.554815 -0.71013 0.433468
vn -0.574709 -0.703822 0.417546
vn -0.898895 -0.178372 -0.400213
vn -0.887024 -0.161306 -0.432631
vn -0.21571 -0.870557 0.442266
vn -0.198626 -0.872658 0.446112
vn -0.905683 -0.422775 0.031629
vn -0.897798 -0.43591 0.062779
vn -0.655715 -0.653235 0.378578
vn -0.636458 -0.660874 0.397702
vn -0.844338 -0.093438 -0.527601
vn -0.847321 -0.041397 -0.529465
vn -0.852795 -0.034133 -0.521129
vn -0.877711 -0.034133 -0.477974
vn -0.860675 -0.11099 -0.49691
vn -0.291893 -0.834619 0.467129
vn -0.273168 -0.837563 0.473146
vn -0.926899 -0.373913 -0.032369
vn -0.930851 -0.359555 -0.065094
vn -0.03964 -0.951748 0.304309
vn -0.021165 -0.952866 0.302651
vn -0.010982 -0.932944 0.359854
vn -0.001219 -0.949525 0.31369
vn -0.713168 -0.608607 0.347835
vn -0.731121 -0.599583 0.325517
vn -0.353718 -0.79866 0.486853
vn -0.373691 -0.794723 0.4783
vn -0.941078 -0.29468 -0.165941
vn -0.941444 -0.310123 -0.132313
vn -0.063918 -0.929797 0.362481
vn -0.050914 -0.930678 0.362279
vn -0.78261 -0.553522 0.284843
vn -0.798575 -0.543094 0.259473
vn -0.458618 -0.751083 0.474914
vn -0.43788 -0.756148 0.486315
vn -0.940761 -0.244852 -0.234557
vn -0.935832 -0.228497 -0.268344
vn -0.10357 -0.903723 0.4154
vn -0.118821 -0.90231 0.41439
vn -0.855919 -0.484049 0.181935
vn -0.842608 -0.49586 0.210085
vn -0.544179 -0.703822 0.456623
vn -0.523229 -0.710129 0.471115
vn -0.915041 -0.161307 -0.369702
vn -0.924623 -0.178373 -0.336535
vn -0.184332 -0.870557 0.456237
vn -0.167019 -0.872658 0.458883
vn -0.891232 -0.435909 0.125254
vn -0.901271 -0.422774 0.094727
vn -0.607167 -0.660874 0.441128
vn -0.627711 -0.653236 0.423394
vn -0.88219 -0.041392 -0.469071
vn -0.879084 -0.09344 -0.46742
vn -0.89324 -0.110993 -0.435663
vn -0.90057 -0.029774 -0.43369
vn -0.239502 -0.837564 0.491046
vn -0.258598 -0.83462 0.48635
vn -0.933124 -0.359554 -0.0
vn -0.926899 -0.373913 0.032369
vn -0.706634 -0.599583 0.375724
vn -0.687166 -0.608608 0.396736
vn -0.318894 -0.798661 0.510341
vn -0.339415 -0.794724 0.503202
vn -0.948381 -0.310121 -0.06632
vn -0.950361 -0.29468 -0.099886
vn -0.025522 -0.930678 0.364948
vn -0.030377 -0.930974 0.363821
vn -0.004337 -0.914176 0.405295
vn -0.038473 -0.929797 0.366057
vn -0.760832 -0.553521 0.338746
vn -0.778531 -0.543092 0.314547
vn -0.424374 -0.751084 0.505747
vn -0.402891 -0.756148 0.515674
vn -0.95483 -0.244853 -0.168366
vn -0.952269 -0.228499 -0.202414
vn -0.08963 -0.90231 0.421668
vn -0.074345 -0.903723 0.421612
vn -0.841145 -0.484048 0.241192
vn -0.825899 -0.495861 0.268351
vn -0.511003 -0.70382 0.49347
vn -0.489089 -0.710128 0.506468
vn -0.938603 -0.161306 -0.304966
vn -0.945847 -0.178371 -0.271215
vn -0.152058 -0.870557 0.467984
vn -0.134599 -0.872658 0.469415
vn -0.880322 -0.435911 0.187122
vn -0.892468 -0.422773 0.157366
vn -0.574913 -0.660873 0.482412
vn -0.596647 -0.653234 0.466152
vn -0.921455 -0.110992 -0.372293
vn -0.912707 -0.042844 -0.406363
vn -0.921026 -0.031227 -0.388248
vn -0.909549 -0.09344 -0.404957
vn -0.204663 -0.837564 0.506557
vn -0.224044 -0.83462 0.503204
vn -0.922384 -0.373912 0.096946
vn -0.930851 -0.359555 0.065094
vn -0.65782 -0.608606 0.443702
vn -0.678703 -0.599583 0.424103
vn -0.28252 -0.79866 0.531342
vn -0.303484 -0.794724 0.525653
vn -0.950697 -0.31012 0.0
vn -0.955015 -0.294677 -0.03335
vn -0.735351 -0.553519 0.390992
vn -0.754692 -0.543092 0.368091
vn -0.365938 -0.756146 0.542524
vn -0.38806 -0.751083 0.53412
vn -0.964071 -0.228495 -0.135487
vn -0.96425 -0.244848 -0.101345
vn -0.059995 -0.902309 0.426895
vn -0.044749 -0.903723 0.425773
vn -0.822269 -0.484048 0.299284
vn -0.805169 -0.49586 0.32531
vn -0.475337 -0.703821 0.527911
vn -0.452569 -0.710129 0.539349
vn -0.957588 -0.161307 -0.238756
vn -0.962461 -0.178372 -0.204581
vn -0.101532 -0.872657 0.477662
vn -0.119037 -0.870557 0.477452
vn -0.879315 -0.422776 0.219239
vn -0.865127 -0.43591 0.248069
vn -0.539862 -0.660874 0.52134
vn -0.562675 -0.653235 0.506636
vn -0.938997 -0.038484 -0.341767
vn -0.935582 -0.093439 -0.340524
vn -0.945181 -0.110993 -0.307104
vn -0.938996 -0.038486 -0.341769
vn -0.955109 -0.031228 -0.294605
vn -0.168829 -0.837564 0.519599
vn -0.188394 -0.83462 0.517607
vn -0.924043 -0.359553 0.129867
vn -0.913374 -0.373911 0.161053
vn -0.647469 -0.599581 0.470411
vn -0.625265 -0.608606 0.488511
vn -0.26608 -0.794724 0.545541
vn -0.244769 -0.798661 0.549754
vn -0.955015 -0.294677 0.03335
vn -0.948381 -0.310121 0.06632
vn -0.72718 -0.543091 0.419836
vn -0.706283 -0.553521 0.441337
vn -0.3272 -0.756147 0.566729
vn -0.349858 -0.751082 0.559889
vn -0.96897 -0.244851 -0.033838
vn -0.971173 -0.228495 -0.067914
vn -0.030071 -0.902309 0.430039
vn 0.006593 -0.893221 0.44957
vn -0.038493 -0.90143 0.431211
vn -0.780512 -0.495864 0.380684
vn -0.799391 -0.484049 0.355908
vn -0.437351 -0.703821 0.559786
vn -0.413842 -0.710128 0.569607
vn -0.974388 -0.178373 -0.136937
vn -0.971911 -0.161305 -0.171375
vn -0.067961 -0.872657 0.483581
vn -0.085448 -0.870556 0.484593
vn -0.845713 -0.435911 0.307817
vn -0.861881 -0.422774 0.280041
vn -0.525964 -0.653235 0.544651
vn -0.502183 -0.660873 0.557727
vn -0.9643 -0.110994 -0.240429
vn -0.957056 -0.093443 -0.274431
vn -0.960379 -0.042843 -0.275384
vn -0.968647 -0.029773 -0.246649
vn -0.151826 -0.83462 0.52949
vn -0.132166 -0.837564 0.530112
vn -0.899914 -0.373912 0.224375
vn -0.912734 -0.359553 0.194006
vn -0.589664 -0.608607 0.530937
vn -0.613076 -0.599582 0.514431
vn -0.205823 -0.798659 0.565492
vn -0.227373 -0.794723 0.562776
vn -0.950361 -0.29468 0.099886
vn -0.941444 -0.310123 0.132313
vn -0.696119 -0.543092 0.469541
vn -0.67378 -0.55352 0.489527
vn -0.309949 -0.751082 0.58293
vn -0.286873 -0.756146 0.588172
vn -0.96897 -0.244851 0.033838
vn -0.973545 -0.228496 -0.0
vn -0.752058 -0.495862 0.434199
vn -0.772613 -0.484051 0.410809
vn -0.397237 -0.703821 0.58893
vn -0.373102 -0.710128 0.597087
vn -0.981566 -0.178372 -0.068641
vn -0.981498 -0.161309 -0.103158
vn -0.034064 -0.872658 0.487142
vn -0.051437 -0.870557 0.489371
vn -0.014855 -0.844778 0.534911
vn -0.022044 -0.869868 0.492791
vn -0.029365 -0.872101 0.488444
vn -0.822184 -0.435908 0.366056
vn -0.840245 -0.422775 0.339484
vn -0.48669 -0.653234 0.580016
vn -0.462051 -0.660873 0.591402
vn -0.977309 -0.04139 -0.207734
vn -0.973868 -0.093441 -0.207003
vn -0.978723 -0.110994 -0.172576
vn -0.979601 -0.03413 -0.198034
vn -0.988255 -0.03413 -0.148952
vn -0.114525 -0.834621 0.538787
vn -0.094872 -0.837565 0.538037
vn -0.882071 -0.373913 0.286601
vn -0.896976 -0.359555 0.257204
vn -0.575696 -0.599583 0.555945
vn -0.551192 -0.608607 0.570776
vn -0.187565 -0.794722 0.577266
vn -0.165871 -0.798659 0.578472
vn -0.929923 -0.31012 0.19766
vn -0.941078 -0.29468 0.165941
vn -0.63799 -0.553519 0.535336
vn -0.661673 -0.54309 0.516954
vn -0.268531 -0.751081 0.603132
vn -0.24514 -0.756146 0.606753
vn -0.96425 -0.244848 0.101345
vn -0.971173 -0.228495 0.067914
vn -0.742076 -0.484048 0.463703
vn -0.719937 -0.495861 0.485606
vn -0.355191 -0.703821 0.615204
vn -0.330541 -0.71013 0.621658
vn -0.986304 -0.161304 -0.034439
vn -0.983964 -0.178368 0.0
vn -0.794643 -0.435909 0.422523
vn -0.814521 -0.422771 0.397266
vn -0.445042 -0.653234 0.612554
vn -0.419673 -0.660872 0.622192
vn -0.988377 -0.110992 -0.103882
vn -0.98942 -0.04139 -0.139052
vn -0.985936 -0.09344 -0.138563
vn -0.994589 -0.029774 -0.099525
vn -0.05711 -0.837565 0.543345
vn -0.076661 -0.834621 0.545464
vn -0.859929 -0.373912 0.347437
vn -0.87685 -0.359553 0.319149
vn -0.535514 -0.599582 0.594749
vn -0.510034 -0.608606 0.607836
vn -0.146842 -0.794724 0.588941
vn -0.12512 -0.79866 0.588631
vn -0.927212 -0.294677 0.231179
vn -0.913869 -0.31012 0.262048
vn -0.599091 -0.553519 0.578538
vn -0.624 -0.54309 0.561852
vn -0.202222 -0.756147 0.622373
vn -0.225805 -0.751083 0.620393
vn -0.964071 -0.228495 0.135487
vn -0.95483 -0.244853 0.168366
vn -0.68431 -0.495862 0.53464
vn -0.707924 -0.48405 0.514334
vn -0.286371 -0.710129 0.643201
vn -0.311408 -0.703822 0.638483
vn -0.986304 -0.161304 0.034439
vn -0.981566 -0.178372 0.068641
vn -0.763233 -0.435913 0.476923
vn -0.784823 -0.422776 0.453115
vn -0.401234 -0.653235 0.642102
vn -0.375251 -0.660873 0.649948
vn -0.996648 -0.042845 -0.069693
vn -0.993199 -0.093441 -0.069452
vn -0.993216 -0.110995 -0.034681
vn -0.99827 -0.031226 -0.049821
vn -0.035425 -0.835098 0.54896
vn -0.038421 -0.83462 0.549484
vn 0.004906 -0.817565 0.575815
vn -0.852451 -0.359555 0.379536
vn -0.8336 -0.373913 0.406572
vn -0.492722 -0.599582 0.630655
vn -0.466388 -0.608607 0.641934
vn -0.083753 -0.798659 0.595927
vn -0.105399 -0.794723 0.597751
vn -0.893363 -0.310118 0.325159
vn -0.908826 -0.294676 0.295298
vn -0.583286 -0.543091 0.604012
vn -0.557276 -0.553519 0.618918
vn -0.158316 -0.756146 0.634964
vn -0.181976 -0.751082 0.634634
vn -0.952269 -0.228499 0.202414
vn -0.940761 -0.244852 0.234557
vn -0.67032 -0.484049 0.562465
vn -0.645348 -0.495862 0.581074
vn -0.240807 -0.710128 0.661612
vn -0.26611 -0.703821 0.658652
vn -0.981498 -0.161309 0.103158
vn -0.974388 -0.178373 0.136937
vn -0.728108 -0.435911 0.528999
vn -0.7513 -0.422777 0.506761
vn -0.355463 -0.653234 0.66853
vn -0.328996 -0.660872 0.674544
vn -0.995624 -0.093445 -0.0
vn -0.993216 -0.110995 0.034681
vn -0.999259 -0.038483 -0.0
vn -0.999259 -0.038483 0.0
vn -0.99827 -0.031226 0.049821
vn -0.823899 -0.359553 0.438077
vn -0.80321 -0.373909 0.463731
vn -0.420479 -0.608606 0.672901
vn -0.447527 -0.599584 0.66349
vn -0.063445 -0.794722 0.603648
vn -0.034677 -0.797321 0.602558
vn -0.041976 -0.798659 0.600318
vn -0.025411 -0.756964 0.652962
vn -0.019331 -0.788205 0.615109
vn -0.886015 -0.294678 0.35797
vn -0.868505 -0.310122 0.386683
vn -0.512745 -0.553521 0.656283
vn -0.539733 -0.543091 0.643227
vn -0.137267 -0.751081 0.645782
vn -0.113635 -0.756146 0.644461
vn -0.922106 -0.244854 0.299613
vn -0.935832 -0.228497 0.268344
vn -0.60324 -0.495865 0.624675
vn -0.629454 -0.484051 0.607851
vn -0.219521 -0.70382 0.675609
vn -0.194067 -0.710129 0.676797
vn -0.971911 -0.161305 0.171375
vn -0.962461 -0.178372 0.204581
vn -0.689432 -0.435911 0.578502
vn -0.714123 -0.422775 0.557933
vn -0.307963 -0.653234 0.691697
vn -0.281139 -0.660873 0.69585
vn -0.988377 -0.110992 0.103882
vn -0.996648 -0.042845 0.069693
vn -0.993199 -0.093441 0.069452
vn -0.994589 -0.029774 0.099525
vn -0.768901 -0.373913 0.518633
vn -0.791337 -0.359552 0.494478
vn -0.372512 -0.608607 0.700595
vn -0.400158 -0.599581 0.693091
vn -0.839415 -0.310122 0.446326
vn -0.858884 -0.294679 0.418906
vn -0.465715 -0.553519 0.690454
vn -0.493546 -0.54309 0.679312
vn -0.068403 -0.756146 0.650818
vn -0.091882 -0.751082 0.653784
vn -0.914832 -0.228501 0.332971
vn -0.898962 -0.244854 0.363201
vn -0.585514 -0.484053 0.650281
vn -0.558198 -0.495865 0.665232
vn -0.146387 -0.710128 0.688686
vn -0.171854 -0.703822 0.689276
vn -0.945847 -0.178371 0.271215
vn -0.957588 -0.161307 0.238756
vn -0.673463 -0.422776 0.606389
vn -0.647402 -0.435909 0.625183
vn -0.258964 -0.653236 0.711491
vn -0.231919 -0.660875 0.713763
vn -0.98942 -0.04139 0.139052
vn -0.978723 -0.110994 0.172576
vn -0.985936 -0.09344 0.138563
vn -0.988255 -0.03413 0.148952
vn -0.979601 -0.03413 0.198034
vn -0.754912 -0.359555 0.548478
vn -0.730853 -0.373912 0.571003
vn -0.350833 -0.599582 0.719317
vn -0.322734 -0.608606 0.724873
vn -0.806239 -0.31012 0.50379
vn -0.82757 -0.29468 0.477799
vn -0.416419 -0.553522 0.721255
vn -0.444963 -0.543092 0.712081
vn -0.046054 -0.751082 0.658601
vn -0.001298 -0.724248 0.689538
vn -0.029433 -0.754753 0.655348
vn -0.871435 -0.244853 0.425028
vn -0.889377 -0.228498 0.395976
vn -0.538727 -0.484051 0.689542
vn -0.510431 -0.495864 0.702552
vn -0.097987 -0.710127 0.697221
vn -0.123354 -0.70382 0.699587
vn -0.924623 -0.178373 0.336535
vn -0.938603 -0.161306 0.304966
vn -0.602211 -0.435909 0.668824
vn -0.629525 -0.422772 0.651891
vn -0.18156 -0.660873 0.728205
vn -0.208698 -0.653235 0.727825
vn -0.9643 -0.110994 0.240429
vn -0.977309 -0.04139 0.207734
vn -0.973868 -0.093441 0.207003
vn -0.968647 -0.029773 0.246649
vn -0.714816 -0.359554 0.599799
vn -0.68924 -0.373913 0.620595
vn -0.271386 -0.608606 0.745619
vn -0.299804 -0.599582 0.742037
vn -0.769129 -0.310121 0.558807
vn -0.792227 -0.294677 0.534361
vn -0.36509 -0.55352 0.748548
vn -0.394201 -0.543092 0.741389
vn -0.859588 -0.228498 0.457053
vn -0.839664 -0.244852 0.484781
vn -0.460186 -0.495862 0.736444
vn -0.489315 -0.484052 0.725441
vn -0.049114 -0.710129 0.702357
vn -0.074256 -0.70382 0.706486
vn -0.02026 -0.689379 0.724118
vn -0.036305 -0.706866 0.706415
vn -0.898895 -0.178372 0.400213
vn -0.915041 -0.161307 0.369702
vn -0.582516 -0.422774 0.694217
vn -0.554088 -0.43591 0.709203
vn -0.157424 -0.653236 0.740608
vn -0.13032 -0.660876 0.739094
vn -0.955109 -0.031228 0.294605
vn -0.938996 -0.038486 0.341769
vn -0.957056 -0.093443 0.274431
vn -0.960379 -0.042843 0.275384
vn -0.945181 -0.110993 0.307104
vn -0.644272 -0.373911 0.667161
vn -0.671232 -0.359554 0.648205
vn -0.218708 -0.608607 0.762734
vn -0.247312 -0.599582 0.761143
vn -0.75302 -0.294679 0.588324
vn -0.728278 -0.31012 0.611095
vn -0.311987 -0.553522 0.77219
vn -0.341527 -0.543093 0.767078
vn -0.803803 -0.244851 0.54217
vn -0.825612 -0.228498 0.5159
vn -0.437519 -0.484047 0.75781
vn -0.407688 -0.49586 0.766755
vn -0.868787 -0.178372 0.461945
vn -0.887024 -0.161306 0.432631
vn -0.532671 -0.422775 0.733159
vn -0.503267 -0.435911 0.746126
vn -0.105375 -0.653238 0.749784
vn -0.07845 -0.660875 0.746384
vn -0.921026 -0.031227 0.388248
vn -0.921455 -0.110992 0.372293
vn -0.935582 -0.093439 0.340524
vn -0.938997 -0.038484 0.341767
vn -0.596162 -0.373912 0.710479
vn -0.624384 -0.359552 0.693446
vn -0.193613 -0.599584 0.77654
vn -0.164975 -0.608607 0.776132
vn -0.710148 -0.294678 0.639418
vn -0.683872 -0.310122 0.660411
vn -0.257361 -0.553522 0.792073
vn -0.287186 -0.543093 0.789034
vn -0.764024 -0.24485 0.596922
vn -0.787614 -0.228495 0.572236
vn -0.383597 -0.48405 0.786479
vn -0.353212 -0.495864 0.793323
vn -0.834448 -0.178374 0.521421
vn -0.854685 -0.161308 0.493451
vn -0.449993 -0.435913 0.779414
vn -0.480232 -0.422777 0.768529
vn -0.033219 -0.658909 0.751489
vn -0.010259 -0.615211 0.788296
vn -0.017456 -0.653096 0.757074
vn -0.052814 -0.653236 0.75531
vn -0.90057 -0.029774 0.43369
vn -0.89324 -0.110993 0.435663
vn -0.912707 -0.042844 0.406363
vn -0.909549 -0.09344 0.404957
vn -0.574488 -0.359553 0.735313
vn -0.54515 -0.373911 0.750335
vn -0.138973 -0.599582 0.788155
vn -0.11043 -0.608606 0.78575
vn -0.636142 -0.310121 0.706504
vn -0.663811 -0.29468 0.687399
vn -0.201481 -0.553518 0.808098
vn -0.231441 -0.543091 0.807148
vn -0.720525 -0.24485 0.648762
vn -0.74578 -0.228496 0.625782
vn -0.327796 -0.48405 0.811323
vn -0.297012 -0.495862 0.81603
vn -0.796042 -0.178373 0.57836
vn -0.81818 -0.161308 0.551871
vn -0.394534 -0.43591 0.808904
vn -0.425449 -0.422778 0.800158
vn -0.877711 -0.034133 0.477974
vn -0.852795 -0.034133 0.521129
vn -0.860675 -0.11099 0.49691
vn -0.88219 -0.041392 0.469071
vn -0.879084 -0.09344 0.46742
vn -0.491482 -0.373911 0.786534
vn -0.521797 -0.359553 0.773595
vn -0.083651 -0.599581 0.795931
vn -0.023284 -0.575637 0.817374
vn -0.036354 -0.60241 0.797359
vn -0.055347 -0.608604 0.791541
vn -0.585307 -0.310119 0.749161
vn -0.614245 -0.294677 0.732031
vn -0.14462 -0.553521 0.820183
vn -0.174582 -0.543091 0.821324
vn -0.700309 -0.228494 0.676282
vn -0.673512 -0.244849 0.697445
vn -0.270401 -0.484048 0.832214
vn -0.239359 -0.495862 0.834762
vn -0.777691 -0.161308 0.6076
vn -0.75376 -0.178372 0.632478
vn -0.337143 -0.435907 0.834458
vn -0.368598 -0.422772 0.827889
vn -0.825871 -0.029779 0.563072
vn -0.823914 -0.110991 0.555739
vn -0.844338 -0.093438 0.527601
vn -0.847321 -0.041397 0.529465
vn -0.466563 -0.359553 0.80811
vn -0.435416 -0.373912 0.818903
vn -0.531624 -0.310121 0.788163
vn -0.561688 -0.294678 0.773092
vn -0.11686 -0.543092 0.831501
vn -0.08705 -0.553523 0.828272
vn -0.65143 -0.228496 0.723484
vn -0.62322 -0.244853 0.742727
vn -0.180556 -0.495861 0.849424
vn -0.21169 -0.484051 0.849048
vn -0.733413 -0.161306 0.660368
vn -0.707803 -0.178372 0.683519
vn -0.309952 -0.422771 0.851583
vn -0.278111 -0.435908 0.855943
vn -0.796741 -0.031225 0.603513
vn -0.808276 -0.042848 0.587243
vn -0.783141 -0.110995 0.611858
vn -0.805479 -0.093441 0.585211
vn -0.409056 -0.359556 0.838685
vn -0.377231 -0.373916 0.84728
vn -0.475348 -0.310123 0.823327
vn -0.506391 -0.29468 0.81039
vn -0.058571 -0.543095 0.837626
vn -0.037313 -0.550666 0.833891
vn -0.02115 -0.492788 0.869893
vn -0.010174 -0.534979 0.844804
vn -0.569896 -0.244851 0.78439
vn -0.599372 -0.228498 0.767165
vn -0.15195 -0.484047 0.861748
vn -0.120859 -0.49586 0.859951
vn -0.658401 -0.178372 0.731226
vn -0.685562 -0.161307 0.709919
vn -0.217725 -0.435912 0.873256
vn -0.249795 -0.422775 0.871128
vn -0.765476 -0.038482 0.642312
vn -0.732695 -0.031225 0.67984
vn -0.765476 -0.038482 0.642313
vn -0.738553 -0.110994 0.664996
vn -0.762692 -0.093442 0.639976
vn -0.349551 -0.359557 0.865178
vn -0.317212 -0.373914 0.87153
vn -0.41676 -0.31012 0.854481
vn -0.448622 -0.294679 0.843743
vn -0.513792 -0.244848 0.822233
vn -0.544399 -0.228495 0.807106
vn -0.091467 -0.484047 0.870249
vn -0.060575 -0.49586 0.866287
vn -0.035335 -0.485969 0.873261
vn -0.027443 -0.449425 0.892897
vn -0.605787 -0.178374 0.775374
vn -0.634371 -0.161306 0.756012
vn -0.156283 -0.43591 0.886317
vn -0.188414 -0.422776 0.886431
vn -0.697931 -0.029774 0.715546
vn -0.716194 -0.093443 0.691617
vn -0.690366 -0.110996 0.714895
vn -0.718681 -0.042843 0.694019
vn -0.255647 -0.373913 0.891535
vn -0.288352 -0.359556 0.887453
vn -0.388676 -0.294676 0.872982
vn -0.356135 -0.310119 0.881473
vn -0.486775 -0.228493 0.843114
vn -0.455179 -0.24485 0.856073
vn -0.580087 -0.161308 0.798423
vn -0.550225 -0.178374 0.815742
vn -0.126125 -0.422775 0.897415
vn -0.094074 -0.435911 0.895059
vn -0.638817 -0.110994 0.76131
vn -0.661299 -0.034131 0.749346
vn -0.623125 -0.034131 0.781377
vn -0.666202 -0.093443 0.739894
vn -0.668556 -0.041393 0.742509
vn -0.192827 -0.373914 0.907197
vn -0.225744 -0.359554 0.905406
vn -0.293782 -0.310119 0.904167
vn -0.326832 -0.294678 0.897968
vn -0.426772 -0.228495 0.875018
vn -0.394356 -0.244849 0.885739
vn -0.522981 -0.16131 0.836941
vn -0.491983 -0.178375 0.852136
vn -0.038239 -0.433137 0.900516
vn -0.063217 -0.422776 0.904027
vn -0.007434 -0.405247 0.914177
vn -0.583486 -0.029774 0.811577
vn -0.584153 -0.110993 0.804019
vn -0.612968 -0.093441 0.784563
vn -0.615134 -0.041391 0.787336
vn -0.162035 -0.359557 0.918947
vn -0.129079 -0.373914 0.918437
vn -0.263397 -0.294676 0.918579
vn -0.229996 -0.310117 0.922458
vn -0.364697 -0.228494 0.902655
vn -0.331608 -0.24485 0.91109
vn -0.463321 -0.161307 0.871386
vn -0.431338 -0.178373 0.884381
vn -0.542284 -0.031231 0.839614
vn -0.558677 -0.042846 0.828278
vn -0.556744 -0.09344 0.825412
vn -0.526647 -0.110989 0.842807
vn -0.064698 -0.373912 0.925205
vn -0.033709 -0.360071 0.932316
vn -0.097537 -0.359555 0.928012
vn -0.032375 -0.313514 0.949032
vn -0.033389 -0.359686 0.932476
vn -0.198682 -0.294675 0.934715
vn -0.165087 -0.310119 0.936255
vn -0.267246 -0.244852 0.932002
vn -0.300843 -0.228496 0.925896
vn -0.40141 -0.161309 0.901582
vn -0.368599 -0.178374 0.912314
vn -0.499631 -0.038486 0.865383
vn -0.455988 -0.031229 0.889438
vn -0.499632 -0.038488 0.865382
vn -0.466568 -0.110993 0.877493
vn -0.497815 -0.093438 0.862235
vn -0.132994 -0.294677 0.946297
vn -0.099374 -0.31012 0.945489
vn -0.235521 -0.228498 0.944626
vn -0.201585 -0.244851 0.948373
vn -0.304062 -0.178374 0.935804
vn -0.337541 -0.161308 0.927386
vn -0.411104 -0.02978 0.911102
vn -0.437966 -0.042849 0.89797
vn -0.436451 -0.093441 0.894863
vn -0.404223 -0.110992 0.907901
vn -0.035865 -0.308897 0.950419
vn -0.00801 -0.266711 0.963743
vn -0.066658 -0.294678 0.953269
vn -0.169055 -0.228496 0.958754
vn -0.134938 -0.244851 0.960125
vn -0.238042 -0.178374 0.954735
vn -0.272028 -0.161308 0.948673
vn -0.365126 -0.034132 0.930332
vn -0.318304 -0.034132 0.947374
vn -0.339907 -0.110993 0.933886
vn -0.374287 -0.041396 0.926389
vn -0.372969 -0.09344 0.923127
vn -0.037979 -0.170841 0.984566
vn -0.031521 -0.21899 0.975218
vn -0.038632 -0.230776 0.97224
vn -0.067633 -0.24485 0.967199
vn -0.101763 -0.228495 0.968212
vn -0.170864 -0.178375 0.969014
vn -0.205191 -0.161309 0.965337
vn -0.270718 -0.029779 0.962198
vn -0.273934 -0.110992 0.955322
vn -0.308751 -0.041396 0.950242
vn -0.307664 -0.09344 0.946896
vn -0.13735 -0.161309 0.9773
vn -0.102852 -0.178374 0.978573
vn -0.241702 -0.042848 0.969404
vn -0.240865 -0.093441 0.96605
vn -0.222408 -0.031226 0.974454
vn -0.206629 -0.110993 0.972103
vn -0.06884 -0.161308 0.9845
vn -0.0114 -0.122397 0.992416
vn -0.029474 -0.180755 0.983086
vn -0.173522 -0.038481 0.984078
vn -0.17289 -0.093441 0.980499
vn -0.17352 -0.03848 0.984078
vn -0.124283 -0.031223 0.991755
vn -0.138312 -0.110994 0.984149
vn -0.104427 -0.042845 0.993609
vn -0.069323 -0.11099 0.991401
vn -0.040457 -0.096346 0.994525
vn -0.104066 -0.09344 0.990171
vn -0.0747 -0.029779 0.996761
vn -0.030692 -0.073528 0.996821
vn -0.040039 -0.039894 0.998401
vn 0.0 0.0 1.0
vn 0.0 0.0 1.0
vn -1.0 -0.0 0.0
vn -1.0 0.0 -0.0
vn 0.0 0.0 -1.0
vn 0.0 0.0 -1.0
vn 1.0 0.0 0.0
vn 1.0 0.0 -0.0
vn 0.0 1.0 0.0
vn 0.0 1.0 0.0
vn 0.0 -1.0 0.0
vn -0.0 -1.0 0.0
vn 0.0 -1.0 0.0
vn -0.0 -1.0 0.0
vn 0.0 -1.0 0.0
vn -0.0 -1.0 0.0
vn 0.0 -1.0 0.0
vn -0.0 -1.0 0.0
vn 0.0 -1.0 0.0
vn -0.0 -1.0 0.0
vn 0.0 -1.0 0.0
vn -0.0 -1.0 0.0
vn 0.0 -1.0 0.0
vn -0.0 -1.0 0.0
vn 0.0 -1.0 0.0
vn -0.0 -1.0 0.0
vn 0.0 -1.0 0.0
vn -0.0 -1.0 0.0
vn 0.0 -1.0 0.0
vn -0.0 -1.0 0.0
vn 0.0 -1.0 0.0
vn -0.0 -1.0 0.0
vn 0.0 -1.0 0.0
vn -0.0 -1.0 0.0
vn 0.0 -1.0 0.0
vn -0.0 -1.0 0.0
vn 0.0 -1.0 0.0
vn -0.0 -1.0 0.0
vn 0.0 -1.0 0.0
vn -0.0 -1.0 0.0
vn 0.0 -1.0 0.0
vn 0.0 -1.0 0.0
vn 0.0 -1.0 0.0
vn 0.0 -1.0 0.0
vn 0.0 -1.0 0.0
vn 0.0 -1.0 0.0
vn 0.0 -1.0 0.0
vn 0.0 -1.0 0.0
vn 0.0 -1.0 0.0
vn 0.0 -1.0 0.0
vn 0.0 -1.0 0.0
vn 0.0 -1.0 0.0
vn 0.0 -1.0 0.0
vn 0.0 -1.0 0.0
vn 0.0 -1.0 0.0
vn 0.0 -1.0 0.0
vn 0.0 -1.0 0.0
vn 0.0 -1.0 0.0
vn 0.0 -1.0 0.0
vn 0.0 -1.0 0.0
vn 0.0 -1.0 0.0
vn 0.0 -1.0 0.0
vn 0.0 -1.0 0.0
vn 0.0 -1.0 0.0
vn 0.0 -1.0 0.0
vn 0.0 -1.0 0.0
vn 0.0 -1.0 0.0
vn 0.0 -1.0 0.0
vn 0.0 -1.0 0.0
vn 0.0 -1.0 0.0
vn 0.0 -1.0 0.0
vn 0.0 -1.0 0.0
vn 0.0 -1.0 0.0
vn 0.0 -1.0 0.0
vn -0.0 -1.0 0.0
vn -0.0 -1.0 0.0
vn -0.0 -1.0 0.0
vn -0.0 -1.0 0.0
vn -0.0 -1.0 0.0
vn -0.0 -1.0 0.0
vn -0.0 -1.0 0.0
vn -0.0 -1.0 0.0
vn -0.0 -1.0 0.0
vn -0.0 -1.0 0.0
vn -0.0 -1.0 0.0
vn -0.0 -1.0 0.0
vn -0.0 -1.0 0.0
vn -0.0 -1.0 0.0
vn -0.0 -1.0 0.0
vn -0.0 -1.0 0.0
vn -0.0 -1.0 0.0
vn -0.0 -1.0 0.0
vn -0.0 -1.0 0.0
vn -0.0 -1.0 0.0
vn -0.0 -1.0 0.0
vn -0.0 -1.0 0.0
vn -0.0 -1.0 0.0
vn -0.0 -1.0 0.0
vn -0.0 -1.0 0.0
vn -0.0 -1.0 0.0
vn -0.0 -1.0 0.0
vn -0.0 -1.0 0.0
vn -0.0 -1.0 0.0
vn -0.0 -1.0 0.0
vn -0.0 -1.0 0.0
vn -0.0 -1.0 -0.0
vn -0.0 -1.0 0.0
vn 0.0 -1.0 0.0
vn 0.0 -1.0 0.0
vn 0.0 -1.0 0.0
vn 0.0 -1.0 0.0
vn 0.0 -1.0 0.0
vn 0.0 -1.0 0.0
vn 0.0 -1.0 0.0
vn 0.0 -1.0 0.0
vn 0.0 -1.0 0.0
vn 0.0 -1.0 0.0
vn 0.0 -1.0 0.0
vn 0.0 -1.0 0.0
vn 0.0 -1.0 0.0
vn 0.0 -1.0 0.0
vn 0.0 -1.0 0.0
vn 0.0 -1.0 0.0
vn 0.0 -1.0 0.0
vn 0.0 -1.0 0.0
vn 0.0 -1.0 0.0
vn 0.0 -1.0 0.0
vn 0.0 -1.0 0.0
vn 0.0 -1.0 0.0
vn 0.0 -1.0 0.0
vn 0.0 -1.0 0.0
vn 0.0 -1.0 0.0
vn 0.0 -1.0 0.0
vn 0.0 -1.0 0.0
vn 0.0 -1.0 0.0
vn 0.0 -1.0 0.0
vn 0.0 -1.0 0.0
vn 0.0 -1.0 0.0
vn 0.0 -1.0 0.0
vn 0.0 -1.0 0.0
vn 0.999453 0.0 -0.033057
vn 0.999453 0.0 -0.033057
vn 0.995082 0.0 -0.099054
vn 0.995082 0.0 -0.099054
vn 0.986362 0.0 -0.16459
vn 0.973326 0.0 -0.229427
vn 0.986362 0.0 -0.16459
vn 0.973326 0.0 -0.229427
vn 0.956035 0.0 -0.293254
vn 0.956035 0.0 -0.293254
vn 0.934566 0.0 -0.35579
vn 0.909015 0.0 -0.416764
vn 0.934566 0.0 -0.35579
vn 0.909015 0.0 -0.416764
vn 0.879463 0.0 -0.475968
vn 0.879463 0.0 -0.475968
vn 0.846109 0.0 -0.533009
vn 0.846109 0.0 -0.533009
vn 0.808998 0.0 -0.587812
vn 0.808998 0.0 -0.587812
vn 0.768415 0.0 -0.639952
vn 0.768415 0.0 -0.639952
vn 0.724437 0.0 -0.689341
vn 0.724437 0.0 -0.689341
vn 0.67729 0.0 -0.735717
vn 0.67729 0.0 -0.735717
vn 0.627173 0.0 -0.77888
vn 0.574286 0.0 -0.818655
vn 0.627173 0.0 -0.77888
vn 0.574286 0.0 -0.818655
vn 0.518989 0.0 -0.854781
vn 0.518989 0.0 -0.854781
vn 0.46133 0.0 -0.887229
vn 0.46133 0.0 -0.887229
vn 0.401664 0.0 -0.915787
vn 0.401664 0.0 -0.915787
vn 0.340351 0.0 -0.940298
vn 0.277346 0.0 -0.96077
vn 0.340351 0.0 -0.940298
vn 0.277346 0.0 -0.96077
vn 0.213329 0.0 -0.976981
vn 0.213329 0.0 -0.976981
vn 0.148304 0.0 -0.988942
vn 0.148304 0.0 -0.988942
vn 0.082571 0.0 -0.996585
vn 0.082571 0.0 -0.996585
vn 0.016527 0.0 -0.999863
vn 0.016527 0.0 -0.999863
vn -0.049592 0.0 -0.99877
vn -0.049592 -0.0 -0.99877
vn -0.115444 0.0 -0.993314
vn -0.115444 -0.0 -0.993314
vn -0.180954 -0.0 -0.983492
vn -0.245498 0.0 -0.969397
vn -0.180954 0.0 -0.983492
vn -0.245498 0.0 -0.969397
vn -0.308998 -0.0 -0.951063
vn -0.308998 0.0 -0.951063
vn -0.371206 -0.0 -0.92855
vn -0.371206 0.0 -0.92855
vn -0.431709 -0.0 -0.902013
vn -0.431709 0.0 -0.902013
vn -0.490458 -0.0 -0.871465
vn -0.490458 0.0 -0.871465
vn -0.546938 -0.0 -0.837173
vn -0.546938 0.0 -0.837173
vn -0.601069 -0.0 -0.799197
vn -0.601069 0.0 -0.799197
vn -0.652588 -0.0 -0.757713
vn -0.652588 0.0 -0.757713
vn -0.701256 -0.0 -0.71291
vn -0.701256 0.0 -0.71291
vn -0.746793 -0.0 -0.665057
vn -0.789165 0.0 -0.614182
vn -0.746793 0.0 -0.665057
vn -0.789165 0.0 -0.614182
vn -0.828 -0.0 -0.560728
vn -0.86327 0.0 -0.504742
vn -0.828 0.0 -0.560728
vn -0.86327 0.0 -0.504742
vn -0.894714 -0.0 -0.446639
vn -0.894714 0.0 -0.446639
vn -0.9223 0.0 -0.386476
vn -0.9223 -0.0 -0.386476
vn -0.965208 0.0 -0.261485
vn -0.945811 0.0 -0.324717
vn -0.945811 -0.0 -0.324717
vn -0.965208 0.0 -0.261485
vn -0.980379 0.0 -0.197123
vn -0.980379 -0.0 -0.197123
vn -0.991266 0.0 -0.131881
vn -0.991266 -0.0 -0.131881
vn -0.997813 0.0 -0.066095
vn -0.997813 -0.0 -0.066095
vn -1.0 0.0 0.0
vn -1.0 -0.0 -0.0
vn -0.997813 0.0 0.066094
vn -0.997813 0.0 0.066094
vn -0.991266 0.0 0.131881
vn -0.991266 0.0 0.131881
vn -0.980378 0.0 0.197125
vn -0.980378 0.0 0.197125
vn -0.965208 0.0 0.261485
vn -0.965208 0.0 0.261485
vn -0.945823 0.0 0.324682
vn -0.945823 0.0 0.324682
vn -0.922285 0.0 0.38651
vn -0.922285 0.0 0.38651
vn -0.894727 0.0 0.446613
vn -0.894727 0.0 0.446613
vn -0.863258 0.0 0.504763
vn -0.863258 0.0 0.504763
vn -0.828006 0.0 0.560719
vn -0.828006 0.0 0.560719
vn -0.789143 0.0 0.61421
vn -0.789143 0.0 0.61421
vn -0.746818 0.0 0.665028
vn -0.701241 0.0 0.712924
vn -0.746818 0.0 0.665028
vn -0.701241 0.0 0.712924
vn -0.652583 0.0 0.757717
vn -0.652583 0.0 0.757717
vn -0.601087 0.0 0.799183
vn -0.601087 0.0 0.799183
vn -0.546945 0.0 0.837169
vn -0.546945 0.0 0.837169
vn -0.490421 0.0 0.871486
vn -0.490421 0.0 0.871486
vn -0.371215 0.0 0.928547
vn -0.431748 0.0 0.901994
vn -0.431748 0.0 0.901994
vn -0.371215 0.0 0.928547
vn -0.245489 0.0 0.969399
vn -0.309007 0.0 0.95106
vn -0.309007 0.0 0.95106
vn -0.245489 0.0 0.969399
vn -0.180889 0.0 0.983504
vn -0.180889 0.0 0.983504
vn -0.115472 0.0 0.993311
vn -0.115472 0.0 0.993311
vn 0.016537 -0.0 0.999863
vn -0.049583 0.0 0.99877
vn -0.049583 0.0 0.99877
vn 0.016537 0.0 0.999863
vn 0.148276 -0.0 0.988946
vn 0.082571 0.0 0.996585
vn 0.082571 0.0 0.996585
vn 0.148276 0.0 0.988946
vn 0.213292 0.0 0.976989
vn 0.213292 0.0 0.976989
vn 0.277417 0.0 0.96075
vn 0.277417 0.0 0.96075
vn 0.340283 0.0 0.940323
vn 0.340283 0.0 0.940323
vn 0.401681 0.0 0.91578
vn 0.401681 0.0 0.91578
vn 0.46136 0.0 0.887213
vn 0.46136 0.0 0.887213
vn 0.518961 0.0 0.854798
vn 0.574331 -0.0 0.818623
vn 0.518961 0.0 0.854798
vn 0.574331 0.0 0.818623
vn 0.627173 0.0 0.77888
vn 0.627173 0.0 0.77888
vn 0.67729 0.0 0.735717
vn 0.67729 0.0 0.735717
vn 0.724419 0.0 0.68936
vn 0.724419 0.0 0.68936
vn 0.768403 0.0 0.639966
vn 0.768403 0.0 0.639966
vn 0.809021 0.0 0.58778
vn 0.809021 0.0 0.58778
vn 0.84609 0.0 0.53304
vn 0.84609 0.0 0.53304
vn 0.879476 0.0 0.475944
vn 0.879476 0.0 0.475944
vn 0.908996 0.0 0.416804
vn 0.908996 0.0 0.416804
vn 0.934567 0.0 0.355787
vn 0.934567 0.0 0.355787
vn 0.973331 -0.0 0.229406
vn 0.956034 0.0 0.293257
vn 0.956034 0.0 0.293257
vn 0.973331 0.0 0.229406
vn 0.986359 0.0 0.164605
vn 0.986359 0.0 0.164605
vn 0.995083 0.0 0.099044
vn 0.995083 0.0 0.099044
vn 0.999453 0.0 0.033059
vn 0.999453 0.0 0.033059
vn -0.85902 -0.0 -0.511942
vn -0.85902 0.0 -0.511942
vn 0.013844 0.0 -0.999904
vn 0.013844 0.0 -0.999904
vn 0.872865 0.0 -0.487962
vn 0.872865 0.0 -0.487962
vn 0.85902 0.0 0.511941
vn 0.85902 0.0 0.511941
vn -0.013846 0.0 0.999904
vn -0.013846 0.0 0.999904
vn -0.872864 0.0 0.487963
vn -0.872864 0.0 0.487963
vn 0.0 1.0 0.0
vn 0.0 1.0 0.0
vn 0.0 1.0 0.0
vn 0.0 1.0 0.0
vn 0.0 1.0 0.0
vn 0.0 1.0 0.0
vn 0.0 1.0 0.0
vn 0.0 1.0 0.0
vn 0.0 1.0 0.0
vn 0.0 1.0 0.0
vn 0.0 1.0 0.0
vn 0.0 1.0 0.0
vn 0.0 1.0 0.0
vn 0.0 1.0 0.0
vn 0.0 1.0 0.0
vn 0.0 1.0 0.0
vn 0.0 1.0 0.0
vn 0.0 1.0 0.0
vn 0.0 1.0 0.0
vn 0.0 1.0 0.0
vn 0.0 1.0 0.0
vn 0.0 1.0 0.0
vn 0.0 1.0 0.0
vn 0.0 1.0 0.0
vn 0.0 1.0 0.0
vn 0.0 1.0 0.0
vn 0.0 1.0 0.0
vn 0.0 1.0 0.0
vn 0.0 1.0 0.0
vn 0.0 1.0 0.0
vn 0.0 1.0 0.0
vn 0.0 1.0 0.0
vn 0.0 1.0 0.0
vn 0.0 1.0 0.0
vn 0.0 1.0 0.0
vn 0.0 1.0 0.0
vn 0.0 1.0 0.0
vn 0.0 1.0 0.0
vn 0.0 1.0 0.0
vn 0.0 1.0 0.0
vn 0.0 1.0 0.0
vn 0.0 1.0 0.0
vn 0.0 1.0 0.0
vn 0.0 1.0 0.0
vn 0.0 1.0 0.0
vn 0.0 1.0 0.0
vn 0.0 1.0 0.0
vn 0.0 1.0 0.0
vn 0.0 1.0 0.0
vn 0.0 1.0 0.0
vn 0.0 1.0 0.0
vn 0.0 1.0 0.0
vn 0.0 1.0 0.0
vn 0.0 1.0 0.0
vn 0.0 1.0 0.0
vn 0.0 1.0 0.0
vn 0.0 1.0 0.0
vn 0.0 1.0 0.0
vn 0.0 1.0 0.0
vn 0.0 1.0 0.0
vn 0.0 1.0 0.0
vn 0.0 1.0 0.0
vn 0.0 1.0 0.0
vn 0.0 1.0 0.0
vn 0.0 1.0 0.0
vn 0.0 1.0 0.0
vn 0.0 1.0 0.0
vn 0.0 1.0 0.0
vn 0.0 1.0 0.0
vn 0.0 1.0 0.0
vn 0.0 1.0 0.0
vn 0.0 1.0 0.0
vn 0.0 1.0 0.0
vn 0.0 1.0 0.0
vn 0.0 1.0 0.0
vn 0.0 1.0 0.0
vn 0.0 1.0 0.0
vn 0.0 1.0 0.0
vn 0.0 1.0 0.0
vn 0.0 1.0 0.0
vn 0.0 1.0 0.0
vn 0.0 1.0 0.0
vn 0.0 1.0 0.0
vn 0.0 1.0 0.0
vn 0.0 1.0 0.0
vn 0.0 1.0 0.0
vn 0.0 1.0 0.0
vn 0.0 1.0 0.0
vn 0.0 1.0 0.0
vn 0.0 1.0 0.0
vn 0.0 1.0 0.0
vn 0.0 1.0 0.0
vn 0.0 1.0 0.0
vn 0.0 1.0 0.0
vn 0.0 1.0 0.0
vn 0.0 1.0 0.0
vn 0.0 1.0 0.0
vn 0.0 1.0 0.0
vn 0.0 1.0 0.0
vn 0.0 1.0 0.0
vn 0.0 1.0 0.0
vn -0.0 -1.0 0.0
vn 0.0 -1.0 0.0
vn -0.0 -1.0 0.0
vn 0.0 -1.0 0.0
vn -0.0 -1.0 0.0
vn 0.0 -1.0 0.0
vn 0.0 -1.0 0.0
vn -0.0 -1.0 0.0
vn 0.0 -1.0 0.0
vn 0.0 -1.0 0.0
vn 0.0 -1.0 0.0
vn 0.0 -1.0 0.0
vn 0.0 -1.0 0.0
vn 0.0 -1.0 0.0
vn 0.0 -1.0 0.0
vn 0.0 -1.0 0.0
vn 0.0 -1.0 0.0
vn 0.0 -1.0 0.0
vn 0.0 -1.0 0.0
vn 0.0 -1.0 0.0
vn 0.0 -1.0 0.0
vn 0.0 -1.0 0.0
vn 0.0 -1.0 0.0
vn 0.0 -1.0 0.0
vn 0.0 -1.0 0.0
vn -0.0 -1.0 0.0
vn -0.0 -1.0 0.0
vn -0.0 -1.0 0.0
vn -0.0 -1.0 0.0
vn 0.0 -1.0 0.0
vn 0.0 -1.0 0.0
vn 0.0 -1.0 0.0
vn 0.0 -1.0 0.0
vn 0.0 -1.0 0.0
vn -0.0 -1.0 0.0
vn 0.0 -1.0 0.0
vn -0.0 -1.0 0.0
vn 0.0 -1.0 0.0
vn -0.0 -1.0 0.0
vn 0.0 -1.0 0.0
vn -0.0 -1.0 0.0
vn 0.0 -1.0 0.0
vn 0.0 -1.0 0.0
vn 0.0 -1.0 0.0
vn 0.0 -1.0 0.0
vn 0.0 -1.0 0.0
vn 0.0 -1.0 0.0
vn 0.0 -1.0 0.0
vn 0.0 -1.0 0.0
vn 0.0 -1.0 0.0
vn -0.0 -1.0 0.0
vn -0.0 -1.0 0.0
vn -0.0 -1.0 0.0
vn -0.0 -1.0 0.0
vn -0.0 -1.0 0.0
vn -0.0 -1.0 0.0
vn -0.0 -1.0 0.0
vn -0.0 -1.0 0.0
vn -0.0 -1.0 0.0
vn -0.0 -1.0 0.0
vn -0.0 -1.0 0.0
vn 0.0 -1.0 0.0
vn 0.0 -1.0 0.0
vn 0.0 -1.0 0.0
vn 0.0 -1.0 0.0
vn 0.0 -1.0 0.0
vn 0.0 -1.0 0.0
vn 0.0 -1.0 0.0
vn 0.0 -1.0 0.0
vn 0.0 -1.0 0.0
vn 0.0 -1.0 0.0
vn 0.0 -1.0 0.0
vn 0.0 -1.0 0.0
vn 0.0 -1.0 0.0
vn 0.0 -1.0 0.0
vn 0.0 -1.0 0.0
vn 0.0 -1.0 0.0
vn 0.0 -1.0 0.0
vn 0.0 -1.0 0.0
vn 0.0 -1.0 0.0
vn 0.0 -1.0 0.0
vn 0.0 -1.0 0.0
vn 0.0 -1.0 0.0
vn 0.0 -1.0 0.0
vn 0.0 -1.0 0.0
vn 0.0 -1.0 0.0
vn 0.0 -1.0 0.0
vn 0.0 -1.0 0.0
vn 0.0 -1.0 0.0
vn 0.0 -1.0 0.0
vn 0.0 -1.0 0.0
vn 0.0 -1.0 0.0
vn 0.0 -1.0 0.0
vn 0.0 -1.0 0.0
vn 0.0 -1.0 0.0
vn 0.0 -1.0 0.0
vn 0.0 -1.0 0.0
vn 0.0 -1.0 0.0
vn 0.0 -1.0 0.0
vn 0.0 -1.0 0.0
vn 0.0 -1.0 0.0
vn 0.999453 0.0 -0.033066
vn 0.999453 0.0 -0.033066
vn 0.995083 0.0 -0.099045
vn 0.995083 0.0 -0.099045
vn 0.986362 0.0 -0.164588
vn 0.973324 0.0 -0.229437
vn 0.986362 0.0 -0.164588
vn 0.973324 0.0 -0.229437
vn 0.956037 0.0 -0.293245
vn 0.956037 0.0 -0.293245
vn 0.934564 0.0 -0.355796
vn 0.909017 0.0 -0.416759
vn 0.934564 0.0 -0.355796
vn 0.909017 0.0 -0.416759
vn 0.87946 0.0 -0.475972
vn 0.87946 0.0 -0.475972
vn 0.846115 0.0 -0.533001
vn 0.846115 0.0 -0.533001
vn 0.808998 0.0 -0.587812
vn 0.808998 0.0 -0.587812
vn 0.768406 0.0 -0.639962
vn 0.768406 0.0 -0.639962
vn 0.724442 0.0 -0.689335
vn 0.724442 0.0 -0.689335
vn 0.677285 0.0 -0.735721
vn 0.677285 0.0 -0.735721
vn 0.627114 0.0 -0.778927
vn 0.57435 0.0 -0.81861
vn 0.627114 0.0 -0.778927
vn 0.57435 0.0 -0.81861
vn 0.518989 0.0 -0.854781
vn 0.518989 0.0 -0.854781
vn 0.461337 0.0 -0.887225
vn 0.461337 0.0 -0.887225
vn 0.4017 0.0 -0.915771
vn 0.4017 0.0 -0.915771
vn 0.340288 0.0 -0.940321
vn 0.277402 0.0 -0.960754
vn 0.340288 0.0 -0.940321
vn 0.277402 0.0 -0.960754
vn 0.213301 0.0 -0.976987
vn 0.213301 0.0 -0.976987
vn 0.148267 0.0 -0.988947
vn 0.148267 0.0 -0.988947
vn 0.082579 0.0 -0.996584
vn 0.082579 0.0 -0.996584
vn 0.016537 0.0 -0.999863
vn 0.016537 0.0 -0.999863
vn -0.049583 0.0 -0.99877
vn -0.049583 -0.0 -0.99877
vn -0.11549 0.0 -0.993309
vn -0.11549 -0.0 -0.993309
vn -0.18088 -0.0 -0.983505
vn -0.245498 0.0 -0.969397
vn -0.18088 0.0 -0.983505
vn -0.245498 0.0 -0.969397
vn -0.309007 -0.0 -0.95106
vn -0.309007 0.0 -0.95106
vn -0.371202 -0.0 -0.928552
vn -0.371202 0.0 -0.928552
vn -0.431752 -0.0 -0.901992
vn -0.431752 0.0 -0.901992
vn -0.490435 -0.0 -0.871478
vn -0.490435 0.0 -0.871478
vn -0.546943 -0.0 -0.83717
vn -0.546943 0.0 -0.83717
vn -0.601064 -0.0 -0.799201
vn -0.601064 0.0 -0.799201
vn -0.652588 -0.0 -0.757713
vn -0.652588 0.0 -0.757713
vn -0.701261 -0.0 -0.712904
vn -0.701261 0.0 -0.712904
vn -0.746788 -0.0 -0.665062
vn -0.78916 0.0 -0.614187
vn -0.746788 0.0 -0.665062
vn -0.78916 0.0 -0.614187
vn -0.828008 -0.0 -0.560716
vn -0.863265 0.0 -0.50475
vn -0.828008 0.0 -0.560716
vn -0.863265 0.0 -0.50475
vn -0.894713 -0.0 -0.446642
vn -0.894713 0.0 -0.446642
vn -0.9223 0.0 -0.386474
vn -0.9223 -0.0 -0.386474
vn -0.96521 0.0 -0.261476
vn -0.945812 0.0 -0.324715
vn -0.945812 -0.0 -0.324715
vn -0.96521 0.0 -0.261476
vn -0.980382 0.0 -0.197105
vn -0.980382 -0.0 -0.197105
vn -0.991262 0.0 -0.131904
vn -0.991262 -0.0 -0.131904
vn -0.997814 0.0 -0.066087
vn -0.997814 -0.0 -0.066087
vn -1.0 0.0 0.0
vn -1.0 -0.0 -0.0
vn -0.997814 0.0 0.066082
vn -0.997814 0.0 0.066082
vn -0.991262 0.0 0.131904
vn -0.991262 0.0 0.131904
vn -0.980379 0.0 0.197123
vn -0.980379 0.0 0.197123
vn -0.96521 0.0 0.261476
vn -0.96521 0.0 0.261476
vn -0.945823 0.0 0.324683
vn -0.945823 0.0 0.324683
vn -0.922284 0.0 0.386512
vn -0.922284 0.0 0.386512
vn -0.894734 0.0 0.4466
vn -0.894734 0.0 0.4466
vn -0.863238 0.0 0.504797
vn -0.863238 0.0 0.504797
vn -0.828011 0.0 0.560712
vn -0.828011 0.0 0.560712
vn -0.78916 0.0 0.614187
vn -0.78916 0.0 0.614187
vn -0.746831 0.0 0.665014
vn -0.701208 0.0 0.712957
vn -0.746831 0.0 0.665014
vn -0.701208 0.0 0.712957
vn -0.652588 0.0 0.757713
vn -0.652588 0.0 0.757713
vn -0.60107 0.0 0.799197
vn -0.60107 0.0 0.799197
vn -0.547004 0.0 0.83713
vn -0.547004 0.0 0.83713
vn -0.490384 0.0 0.871506
vn -0.490384 0.0 0.871506
vn -0.371218 0.0 0.928546
vn -0.431784 0.0 0.901977
vn -0.431784 0.0 0.901977
vn -0.371218 0.0 0.928546
vn -0.24548 0.0 0.969402
vn -0.308998 0.0 0.951063
vn -0.308998 0.0 0.951063
vn -0.24548 0.0 0.969402
vn -0.18087 0.0 0.983507
vn -0.18087 0.0 0.983507
vn -0.115443 0.0 0.993314
vn -0.115443 0.0 0.993314
vn 0.016537 -0.0 0.999863
vn -0.049602 0.0 0.998769
vn -0.049602 0.0 0.998769
vn 0.016537 0.0 0.999863
vn 0.148295 -0.0 0.988943
vn 0.08257 0.0 0.996585
vn 0.08257 0.0 0.996585
vn 0.148295 0.0 0.988943
vn 0.213237 0.0 0.977001
vn 0.213237 0.0 0.977001
vn 0.277446 0.0 0.960741
vn 0.277446 0.0 0.960741
vn 0.340254 0.0 0.940333
vn 0.340254 0.0 0.940333
vn 0.401749 0.0 0.91575
vn 0.401749 0.0 0.91575
vn 0.461337 0.0 0.887225
vn 0.461337 0.0 0.887225
vn 0.518912 0.0 0.854828
vn 0.57435 -0.0 0.81861
vn 0.518912 0.0 0.854828
vn 0.57435 0.0 0.81861
vn 0.627178 0.0 0.778876
vn 0.627178 0.0 0.778876
vn 0.677285 0.0 0.735721
vn 0.677285 0.0 0.735721
vn 0.724442 0.0 0.689335
vn 0.724442 0.0 0.689335
vn 0.768367 0.0 0.64001
vn 0.768367 0.0 0.64001
vn 0.809034 0.0 0.587762
vn 0.809034 0.0 0.587762
vn 0.846079 0.0 0.533057
vn 0.846079 0.0 0.533057
vn 0.879484 0.0 0.475928
vn 0.879484 0.0 0.475928
vn 0.909002 0.0 0.416792
vn 0.909002 0.0 0.416792
vn 0.934564 0.0 0.355796
vn 0.934564 0.0 0.355796
vn 0.973328 -0.0 0.229417
vn 0.956037 0.0 0.293245
vn 0.956037 0.0 0.293245
vn 0.973328 0.0 0.229417
vn 0.98636 0.0 0.164604
vn 0.98636 0.0 0.164604
vn 0.995084 0.0 0.099035
vn 0.995084 0.0 0.099035
vn 0.999453 0.0 0.03307
vn 0.999453 0.0 0.03307
vn -0.85902 -0.0 -0.511941
vn -0.85902 0.0 -0.511941
vn 0.013843 0.0 -0.999904
vn 0.013843 0.0 -0.999904
vn 0.872865 0.0 -0.487961
vn 0.872865 0.0 -0.487961
vn 0.85902 0.0 0.511942
vn 0.85902 0.0 0.511942
vn -0.013844 0.0 0.999904
vn -0.013844 0.0 0.999904
vn -0.872864 0.0 0.487963
vn -0.872864 0.0 0.487963
vn 0.0 1.0 0.0
vn 0.0 1.0 0.0
vn 0.0 1.0 0.0
vn 0.0 1.0 0.0
vn 0.0 1.0 0.0
vn 0.0 1.0 0.0
vn 0.0 1.0 0.0
vn 0.0 1.0 0.0
vn 0.0 1.0 0.0
vn 0.0 1.0 0.0
vn 0.0 1.0 0.0
vn 0.0 1.0 0.0
vn 0.0 1.0 0.0
vn 0.0 1.0 0.0
vn 0.0 1.0 0.0
vn 0.0 1.0 0.0
vn 0.0 1.0 0.0
vn 0.0 1.0 0.0
vn 0.0 1.0 0.0
vn 0.0 1.0 0.0
vn 0.0 1.0 0.0
vn 0.0 1.0 0.0
vn 0.0 1.0 0.0
vn 0.0 1.0 0.0
vn 0.0 1.0 0.0
vn 0.0 1.0 0.0
vn 0.0 1.0 0.0
vn 0.0 1.0 0.0
vn 0.0 1.0 0.0
vn 0.0 1.0 0.0
vn 0.0 1.0 0.0
vn 0.0 1.0 0.0
vn 0.0 1.0 0.0
vn 0.0 1.0 0.0
vn 0.0 1.0 0.0
vn 0.0 1.0 0.0
vn 0.0 1.0 0.0
vn 0.0 1.0 0.0
vn 0.0 1.0 0.0
vn 0.0 1.0 0.0
vn 0.0 1.0 0.0
vn 0.0 1.0 0.0
vn 0.0 1.0 0.0
vn 0.0 1.0 0.0
vn 0.0 1.0 0.0
vn 0.0 1.0 0.0
vn 0.0 1.0 0.0
vn 0.0 1.0 0.0
vn 0.0 1.0 0.0
vn 0.0 1.0 0.0
vn 0.0 1.0 0.0
vn 0.0 1.0 0.0
vn 0.0 1.0 0.0
vn 0.0 1.0 0.0
vn 0.0 1.0 0.0
vn 0.0 1.0 0.0
vn 0.0 1.0 0.0
vn 0.0 1.0 0.0
vn 0.0 1.0 0.0
vn 0.0 1.0 0.0
vn 0.0 1.0 0.0
vn 0.0 1.0 0.0
vn 0.0 1.0 0.0
vn 0.0 1.0 0.0
vn 0.0 1.0 0.0
vn 0.0 1.0 0.0
vn 0.0 1.0 0.0
vn 0.0 1.0 0.0
vn 0.0 1.0 0.0
vn 0.0 1.0 0.0
vn 0.0 1.0 0.0
vn 0.0 1.0 0.0
vn 0.0 1.0 0.0
vn 0.0 1.0 0.0
vn 0.0 1.0 0.0
vn 0.0 1.0 0.0
vn 0.0 1.0 0.0
vn 0.0 1.0 0.0
vn 0.0 1.0 0.0
vn 0.0 1.0 0.0
vn 0.0 1.0 0.0
vn 0.0 1.0 0.0
vn 0.0 1.0 0.0
vn 0.0 1.0 0.0
vn 0.0 1.0 0.0
vn 0.0 1.0 0.0
vn 0.0 1.0 0.0
vn 0.0 1.0 0.0
vn 0.0 1.0 0.0
vn 0.0 1.0 0.0
vn 0.0 1.0 0.0
vn 0.0 1.0 0.0
vn 0.0 1.0 0.0
vn 0.0 1.0 0.0
vn 0.0 1.0 0.0
vn 0.0 1.0 0.0
vn 0.0 1.0 0.0
vn 0.0 1.0 0.0
vn 0.0 1.0 0.0
vn 0.0 1.0 0.0
vn 0.0 1.0 0.0
vn -0.0 -1.0 0.0
vn 0.0 -1.0 0.0
vn -0.0 -1.0 0.0
vn 0.0 -1.0 0.0
vn -0.0 -1.0 0.0
vn 0.0 -1.0 0.0
vn 0.0 -1.0 0.0
vn -0.0 -1.0 0.0
vn 0.0 -1.0 0.0
vn 0.0 -1.0 0.0
vn 0.0 -1.0 0.0
vn 0.0 -1.0 0.0
vn 0.0 -1.0 0.0
vn 0.0 -1.0 0.0
vn 0.0 -1.0 0.0
vn 0.0 -1.0 0.0
vn 0.0 -1.0 0.0
vn 0.0 -1.0 0.0
vn 0.0 -1.0 0.0
vn 0.0 -1.0 0.0
vn 0.0 -1.0 0.0
vn 0.0 -1.0 0.0
vn 0.0 -1.0 0.0
vn 0.0 -1.0 0.0
vn 0.0 -1.0 0.0
vn -0.0 -1.0 0.0
vn -0.0 -1.0 0.0
vn -0.0 -1.0 0.0
vn -0.0 -1.0 0.0
vn 0.0 -1.0 0.0
vn 0.0 -1.0 0.0
vn 0.0 -1.0 0.0
vn 0.0 -1.0 0.0
vn 0.0 -1.0 0.0
vn -0.0 -1.0 0.0
vn 0.0 -1.0 0.0
vn -0.0 -1.0 0.0
vn 0.0 -1.0 0.0
vn -0.0 -1.0 0.0
vn 0.0 -1.0 0.0
vn -0.0 -1.0 0.0
vn 0.0 -1.0 0.0
vn 0.0 -1.0 0.0
vn 0.0 -1.0 0.0
vn 0.0 -1.0 0.0
vn 0.0 -1.0 0.0
vn 0.0 -1.0 0.0
vn 0.0 -1.0 0.0
vn 0.0 -1.0 0.0
vn 0.0 -1.0 0.0
vn -0.0 -1.0 0.0
vn -0.0 -1.0 0.0
vn -0.0 -1.0 0.0
vn -0.0 -1.0 0.0
vn -0.0 -1.0 0.0
vn -0.0 -1.0 0.0
vn -0.0 -1.0 0.0
vn -0.0 -1.0 0.0
vn -0.0 -1.0 0.0
vn -0.0 -1.0 0.0
vn -0.0 -1.0 0.0
vn 0.0 -1.0 0.0
vn 0.0 -1.0 0.0
vn 0.0 -1.0 0.0
vn 0.0 -1.0 0.0
vn 0.0 -1.0 0.0
vn 0.0 -1.0 0.0
vn 0.0 -1.0 0.0
vn 0.0 -1.0 0.0
vn 0.0 -1.0 0.0
vn 0.0 -1.0 0.0
vn 0.0 -1.0 0.0
vn 0.0 -1.0 0.0
vn 0.0 -1.0 0.0
vn 0.0 -1.0 0.0
vn 0.0 -1.0 0.0
vn 0.0 -1.0 0.0
vn 0.0 -1.0 0.0
vn 0.0 -1.0 0.0
vn 0.0 -1.0 0.0
vn 0.0 -1.0 0.0
vn 0.0 -1.0 0.0
vn 0.0 -1.0 0.0
vn 0.0 -1.0 0.0
vn 0.0 -1.0 0.0
vn 0.0 -1.0 0.0
vn 0.0 -1.0 0.0
vn 0.0 -1.0 0.0
vn 0.0 -1.0 0.0
vn 0.0 -1.0 0.0
vn 0.0 -1.0 0.0
vn 0.0 -1.0 0.0
vn 0.0 -1.0 0.0
vn 0.0 -1.0 0.0
vn 0.0 -1.0 0.0
vn 0.0 -1.0 0.0
vn 0.0 -1.0 0.0
vn 0.0 -1.0 0.0
vn 0.0 -1.0 0.0
vn 0.0 -1.0 0.0
vn 0.0 -1.0 0.0
f 1//1 2//1 3//1 
f 2//2 4//2 3//2 
f 5//3 6//3 7//3 
f 8//4 7//4 9//4 
f 8//5 5//5 7//5 
f 10//6 8//6 9//6 
f 11//7 12//7 6//7 
f 11//8 5//8 8//8 
f 11//9 6//9 5//9 
f 13//10 10//10 9//10 
f 14//11 11//11 8//11 
f 14//12 8//12 10//12 
f 15//13 12//13 11//13 
f 15//14 16//14 17//14 
f 15//15 17//15 12//15 
f 18//16 13//16 9//16 
f 19//17 10//17 13//17 
f 19//18 14//18 10//18 
f 20//19 15//19 11//19 
f 20//20 11//20 14//20 
f 21//21 18//21 9//21 
f 22//22 19//22 13//22 
f 22//23 13//23 18//23 
f 23//24 14//24 19//24 
f 23//25 20//25 14//25 
f 24//26 25//26 16//26 
f 24//27 16//27 15//27 
f 24//28 15//28 20//28 
f 26//29 21//29 9//29 
f 27//30 22//30 18//30 
f 27//31 18//31 21//31 
f 28//32 23//32 19//32 
f 28//33 19//33 22//33 
f 29//34 24//34 20//34 
f 29//35 20//35 23//35 
f 30//36 31//36 32//36 
f 30//37 32//37 25//37 
f 30//38 25//38 24//38 
f 33//39 26//39 9//39 
f 34//40 27//40 21//40 
f 34//41 21//41 26//41 
f 35//42 22//42 27//42 
f 35//43 28//43 22//43 
f 36//44 29//44 23//44 
f 36//45 23//45 28//45 
f 37//46 30//46 24//46 
f 37//47 24//47 29//47 
f 38//48 33//48 9//48 
f 39//49 34//49 26//49 
f 39//50 26//50 33//50 
f 40//51 27//51 34//51 
f 40//52 35//52 27//52 
f 41//53 28//53 35//53 
f 41//54 36//54 28//54 
f 42//55 29//55 36//55 
f 42//56 37//56 29//56 
f 43//57 38//57 9//57 
f 44//58 31//58 30//58 
f 44//59 45//59 31//59 
f 44//60 30//60 37//60 
f 46//61 39//61 33//61 
f 46//62 33//62 38//62 
f 47//63 34//63 39//63 
f 47//64 40//64 34//64 
f 48//65 41//65 35//65 
f 48//66 35//66 40//66 
f 49//67 36//67 41//67 
f 49//68 42//68 36//68 
f 50//69 43//69 9//69 
f 51//70 37//70 42//70 
f 51//71 44//71 37//71 
f 52//72 38//72 43//72 
f 52//73 46//73 38//73 
f 53//74 54//74 45//74 
f 53//75 45//75 44//75 
f 55//76 39//76 46//76 
f 55//77 47//77 39//77 
f 56//78 48//78 40//78 
f 56//79 40//79 47//79 
f 57//80 41//80 48//80 
f 57//81 49//81 41//81 
f 58//82 50//82 9//82 
f 59//83 42//83 49//83 
f 59//84 51//84 42//84 
f 60//85 43//85 50//85 
f 60//86 52//86 43//86 
f 61//87 44//87 51//87 
f 61//88 53//88 44//88 
f 62//89 46//89 52//89 
f 62//90 55//90 46//90 
f 63//91 56//91 47//91 
f 63//92 47//92 55//92 
f 64//93 57//93 48//93 
f 64//94 48//94 56//94 
f 65//95 58//95 9//95 
f 66//96 59//96 49//96 
f 66//97 49//97 57//97 
f 67//98 60//98 50//98 
f 67//99 50//99 58//99 
f 68//100 51//100 59//100 
f 68//101 61//101 51//101 
f 69//102 62//102 52//102 
f 69//103 52//103 60//103 
f 70//104 71//104 72//104 
f 70//105 72//105 54//105 
f 70//106 53//106 61//106 
f 70//107 54//107 53//107 
f 73//108 55//108 62//108 
f 73//109 63//109 55//109 
f 74//110 64//110 56//110 
f 74//111 56//111 63//111 
f 75//112 65//112 9//112 
f 76//113 66//113 57//113 
f 76//114 57//114 64//114 
f 77//115 58//115 65//115 
f 77//116 67//116 58//116 
f 78//117 68//117 59//117 
f 78//118 59//118 66//118 
f 79//119 69//119 60//119 
f 79//120 60//120 67//120 
f 80//121 70//121 61//121 
f 80//122 61//122 68//122 
f 81//123 73//123 62//123 
f 81//124 62//124 69//124 
f 82//125 71//125 70//125 
f 82//126 83//126 71//126 
f 84//127 74//127 63//127 
f 84//128 63//128 73//128 
f 85//129 75//129 9//129 
f 86//130 76//130 64//130 
f 86//131 64//131 74//131 
f 87//132 65//132 75//132 
f 87//133 77//133 65//133 
f 88//134 78//134 66//134 
f 88//135 66//135 76//135 
f 89//136 67//136 77//136 
f 89//137 79//137 67//137 
f 90//138 68//138 78//138 
f 90//139 80//139 68//139 
f 91//140 69//140 79//140 
f 91//141 81//141 69//141 
f 92//142 82//142 70//142 
f 92//143 70//143 80//143 
f 93//144 73//144 81//144 
f 93//145 84//145 73//145 
f 94//146 85//146 9//146 
f 95//147 74//147 84//147 
f 95//148 86//148 74//148 
f 96//149 87//149 75//149 
f 96//150 75//150 85//150 
f 97//151 76//151 86//151 
f 97//152 88//152 76//152 
f 98//153 77//153 87//153 
f 98//154 89//154 77//154 
f 99//155 90//155 78//155 
f 99//156 78//156 88//156 
f 100//157 79//157 89//157 
f 100//158 91//158 79//158 
f 101//159 80//159 90//159 
f 101//160 92//160 80//160 
f 102//161 81//161 91//161 
f 102//162 93//162 81//162 
f 103//163 94//163 9//163 
f 104//164 82//164 92//164 
f 104//165 105//165 106//165 
f 104//166 106//166 83//166 
f 104//167 83//167 82//167 
f 107//168 95//168 84//168 
f 107//169 84//169 93//169 
f 108//170 96//170 85//170 
f 108//171 85//171 94//171 
f 109//172 86//172 95//172 
f 109//173 97//173 86//173 
f 110//174 87//174 96//174 
f 110//175 98//175 87//175 
f 111//176 99//176 88//176 
f 111//177 88//177 97//177 
f 112//178 89//178 98//178 
f 112//179 100//179 89//179 
f 113//180 90//180 99//180 
f 113//181 101//181 90//181 
f 114//182 91//182 100//182 
f 114//183 102//183 91//183 
f 115//184 103//184 9//184 
f 116//185 92//185 101//185 
f 116//186 104//186 92//186 
f 117//187 107//187 93//187 
f 117//188 93//188 102//188 
f 118//189 94//189 103//189 
f 118//190 108//190 94//190 
f 119//191 105//191 104//191 
f 119//192 120//192 105//192 
f 121//193 109//193 95//193 
f 121//194 95//194 107//194 
f 122//195 96//195 108//195 
f 122//196 110//196 96//196 
f 123//197 97//197 109//197 
f 123//198 111//198 97//198 
f 124//199 98//199 110//199 
f 124//200 112//200 98//200 
f 125//201 99//201 111//201 
f 125//202 113//202 99//202 
f 126//203 100//203 112//203 
f 126//204 114//204 100//204 
f 127//205 115//205 9//205 
f 128//206 101//206 113//206 
f 128//207 116//207 101//207 
f 129//208 102//208 114//208 
f 129//209 117//209 102//209 
f 130//210 118//210 103//210 
f 130//211 103//211 115//211 
f 131//212 119//212 104//212 
f 131//213 104//213 116//213 
f 132//214 107//214 117//214 
f 132//215 121//215 107//215 
f 133//216 122//216 108//216 
f 133//217 108//217 118//217 
f 134//218 109//218 121//218 
f 134//219 123//219 109//219 
f 135//220 110//220 122//220 
f 135//221 124//221 110//221 
f 136//222 111//222 123//222 
f 136//223 125//223 111//223 
f 137//224 112//224 124//224 
f 137//225 126//225 112//225 
f 138//226 127//226 9//226 
f 139//227 128//227 113//227 
f 139//228 113//228 125//228 
f 140//229 114//229 126//229 
f 140//230 129//230 114//230 
f 141//231 115//231 127//231 
f 141//232 130//232 115//232 
f 142//233 131//233 116//233 
f 142//234 116//234 128//234 
f 143//235 117//235 129//235 
f 143//236 132//236 117//236 
f 144//237 118//237 130//237 
f 144//238 133//238 118//238 
f 145//239 146//239 120//239 
f 145//240 119//240 131//240 
f 145//241 120//241 119//241 
f 147//242 121//242 132//242 
f 147//243 134//243 121//243 
f 148//244 135//244 122//244 
f 148//245 122//245 133//245 
f 149//246 123//246 134//246 
f 149//247 136//247 123//247 
f 150//248 137//248 124//248 
f 150//249 124//249 135//249 
f 151//250 138//250 9//250 
f 152//251 125//251 136//251 
f 152//252 139//252 125//252 
f 153//253 126//253 137//253 
f 153//254 140//254 126//254 
f 154//255 141//255 127//255 
f 154//256 127//256 138//256 
f 155//257 128//257 139//257 
f 155//258 142//258 128//258 
f 156//259 143//259 129//259 
f 156//260 129//260 140//260 
f 157//261 130//261 141//261 
f 157//262 144//262 130//262 
f 158//263 131//263 142//263 
f 158//264 145//264 131//264 
f 159//265 132//265 143//265 
f 159//266 147//266 132//266 
f 160//267 133//267 144//267 
f 160//268 148//268 133//268 
f 161//269 162//269 163//269 
f 161//270 163//270 146//270 
f 161//271 146//271 145//271 
f 164//272 134//272 147//272 
f 164//273 149//273 134//273 
f 165//274 150//274 135//274 
f 165//275 135//275 148//275 
f 166//276 151//276 9//276 
f 167//277 152//277 136//277 
f 167//278 136//278 149//278 
f 168//279 153//279 137//279 
f 168//280 137//280 150//280 
f 169//281 138//281 151//281 
f 169//282 154//282 138//282 
f 170//283 139//283 152//283 
f 170//284 155//284 139//284 
f 171//285 140//285 153//285 
f 171//286 156//286 140//286 
f 172//287 157//287 141//287 
f 172//288 141//288 154//288 
f 173//289 142//289 155//289 
f 173//290 158//290 142//290 
f 174//291 143//291 156//291 
f 174//292 159//292 143//292 
f 175//293 160//293 144//293 
f 175//294 144//294 157//294 
f 176//295 145//295 158//295 
f 176//296 161//296 145//296 
f 177//297 164//297 147//297 
f 177//298 147//298 159//298 
f 178//299 165//299 148//299 
f 178//300 148//300 160//300 
f 179//301 166//301 9//301 
f 180//302 167//302 149//302 
f 180//303 149//303 164//303 
f 181//304 168//304 150//304 
f 181//305 150//305 165//305 
f 182//306 151//306 166//306 
f 182//307 169//307 151//307 
f 183//308 170//308 152//308 
f 183//309 152//309 167//309 
f 184//310 171//310 153//310 
f 184//311 153//311 168//311 
f 185//312 172//312 154//312 
f 185//313 154//313 169//313 
f 186//314 155//314 170//314 
f 186//315 173//315 155//315 
f 187//316 156//316 171//316 
f 187//317 174//317 156//317 
f 188//318 157//318 172//318 
f 188//319 175//319 157//319 
f 189//320 158//320 173//320 
f 189//321 176//321 158//321 
f 190//322 177//322 159//322 
f 190//323 159//323 174//323 
f 191//324 160//324 175//324 
f 191//325 178//325 160//325 
f 192//326 161//326 176//326 
f 192//327 193//327 162//327 
f 192//328 162//328 161//328 
f 194//329 179//329 9//329 
f 195//330 164//330 177//330 
f 195//331 180//331 164//331 
f 196//332 181//332 165//332 
f 196//333 165//333 178//333 
f 197//334 182//334 166//334 
f 197//335 166//335 179//335 
f 198//336 167//336 180//336 
f 198//337 183//337 167//337 
f 199//338 168//338 181//338 
f 199//339 184//339 168//339 
f 200//340 169//340 182//340 
f 200//341 185//341 169//341 
f 201//342 170//342 183//342 
f 201//343 186//343 170//343 
f 202//344 187//344 171//344 
f 202//345 171//345 184//345 
f 203//346 188//346 172//346 
f 203//347 172//347 185//347 
f 204//348 189//348 173//348 
f 204//349 173//349 186//349 
f 205//350 190//350 174//350 
f 205//351 174//351 187//351 
f 206//352 191//352 175//352 
f 206//353 175//353 188//353 
f 207//354 176//354 189//354 
f 207//355 192//355 176//355 
f 208//356 194//356 9//356 
f 209//357 177//357 190//357 
f 209//358 195//358 177//358 
f 210//359 178//359 191//359 
f 210//360 196//360 178//360 
f 211//361 212//361 213//361 
f 211//362 213//362 193//362 
f 211//363 193//363 192//363 
f 214//364 197//364 179//364 
f 214//365 179//365 194//365 
f 215//366 180//366 195//366 
f 215//367 198//367 180//367 
f 216//368 181//368 196//368 
f 216//369 199//369 181//369 
f 217//370 200//370 182//370 
f 217//371 182//371 197//371 
f 218//372 183//372 198//372 
f 218//373 201//373 183//373 
f 219//374 184//374 199//374 
f 219//375 202//375 184//375 
f 220//376 203//376 185//376 
f 220//377 185//377 200//377 
f 221//378 204//378 186//378 
f 221//379 186//379 201//379 
f 222//380 187//380 202//380 
f 222//381 205//381 187//381 
f 223//382 188//382 203//382 
f 223//383 206//383 188//383 
f 224//384 207//384 189//384 
f 224//385 189//385 204//385 
f 225//386 208//386 9//386 
f 226//387 209//387 190//387 
f 226//388 190//388 205//388 
f 227//389 210//389 191//389 
f 227//390 191//390 206//390 
f 228//391 211//391 192//391 
f 228//392 192//392 207//392 
f 229//393 214//393 194//393 
f 229//394 194//394 208//394 
f 230//395 195//395 209//395 
f 230//396 215//396 195//396 
f 231//397 196//397 210//397 
f 231//398 216//398 196//398 
f 232//399 217//399 197//399 
f 232//400 197//400 214//400 
f 233//401 198//401 215//401 
f 233//402 218//402 198//402 
f 234//403 199//403 216//403 
f 234//404 219//404 199//404 
f 235//405 200//405 217//405 
f 235//406 220//406 200//406 
f 236//407 221//407 201//407 
f 236//408 201//408 218//408 
f 237//409 202//409 219//409 
f 237//410 222//410 202//410 
f 238//411 223//411 203//411 
f 238//412 203//412 220//412 
f 239//413 224//413 204//413 
f 239//414 204//414 221//414 
f 240//415 225//415 9//415 
f 241//416 205//416 222//416 
f 241//417 226//417 205//417 
f 242//418 227//418 206//418 
f 242//419 206//419 223//419 
f 243//420 228//420 207//420 
f 243//421 207//421 224//421 
f 244//422 208//422 225//422 
f 244//423 229//423 208//423 
f 245//424 230//424 209//424 
f 245//425 209//425 226//425 
f 246//426 210//426 227//426 
f 246//427 231//427 210//427 
f 247//428 212//428 211//428 
f 247//429 248//429 212//429 
f 247//430 211//430 228//430 
f 249//431 214//431 229//431 
f 249//432 232//432 214//432 
f 250//433 233//433 215//433 
f 250//434 215//434 230//434 
f 251//435 234//435 216//435 
f 251//436 216//436 231//436 
f 252//437 235//437 217//437 
f 252//438 217//438 232//438 
f 253//439 218//439 233//439 
f 253//440 236//440 218//440 
f 254//441 219//441 234//441 
f 254//442 237//442 219//442 
f 255//443 238//443 220//443 
f 255//444 220//444 235//444 
f 256//445 221//445 236//445 
f 256//446 239//446 221//446 
f 257//447 240//447 9//447 
f 258//448 241//448 222//448 
f 258//449 222//449 237//449 
f 259//450 223//450 238//450 
f 259//451 242//451 223//451 
f 260//452 224//452 239//452 
f 260//453 243//453 224//453 
f 261//454 244//454 225//454 
f 261//455 225//455 240//455 
f 262//456 226//456 241//456 
f 262//457 245//457 226//457 
f 263//458 227//458 242//458 
f 263//459 246//459 227//459 
f 264//460 247//460 228//460 
f 264//461 228//461 243//461 
f 265//462 229//462 244//462 
f 265//463 249//463 229//463 
f 266//464 230//464 245//464 
f 266//465 250//465 230//465 
f 267//466 231//466 246//466 
f 267//467 251//467 231//467 
f 268//468 248//468 247//468 
f 268//469 269//469 248//469 
f 270//470 252//470 232//470 
f 270//471 232//471 249//471 
f 271//472 233//472 250//472 
f 271//473 253//473 233//473 
f 272//474 254//474 234//474 
f 272//475 234//475 251//475 
f 273//476 255//476 235//476 
f 273//477 235//477 252//477 
f 274//478 256//478 236//478 
f 274//479 236//479 253//479 
f 275//480 257//480 9//480 
f 276//481 237//481 254//481 
f 276//482 258//482 237//482 
f 277//483 238//483 255//483 
f 277//484 259//484 238//484 
f 278//485 239//485 256//485 
f 278//486 260//486 239//486 
f 279//487 240//487 257//487 
f 279//488 261//488 240//488 
f 280//489 241//489 258//489 
f 280//490 262//490 241//490 
f 281//491 263//491 242//491 
f 281//492 242//492 259//492 
f 282//493 243//493 260//493 
f 282//494 264//494 243//494 
f 283//495 265//495 244//495 
f 283//496 244//496 261//496 
f 284//497 245//497 262//497 
f 284//498 266//498 245//498 
f 285//499 267//499 246//499 
f 285//500 246//500 263//500 
f 286//501 268//501 247//501 
f 286//502 247//502 264//502 
f 287//503 270//503 249//503 
f 287//504 249//504 265//504 
f 288//505 271//505 250//505 
f 288//506 250//506 266//506 
f 289//507 251//507 267//507 
f 289//508 272//508 251//508 
f 290//509 252//509 270//509 
f 290//510 273//510 252//510 
f 291//511 274//511 253//511 
f 291//512 253//512 271//512 
f 292//513 275//513 9//513 
f 293//514 276//514 254//514 
f 293//515 254//515 272//515 
f 294//516 255//516 273//516 
f 294//517 277//517 255//517 
f 295//518 278//518 256//518 
f 295//519 256//519 274//519 
f 296//520 279//520 257//520 
f 296//521 257//521 275//521 
f 297//522 258//522 276//522 
f 297//523 280//523 258//523 
f 298//524 259//524 277//524 
f 298//525 281//525 259//525 
f 299//526 260//526 278//526 
f 299//527 282//527 260//527 
f 300//528 261//528 279//528 
f 300//529 283//529 261//529 
f 301//530 262//530 280//530 
f 301//531 284//531 262//531 
f 302//532 285//532 263//532 
f 302//533 263//533 281//533 
f 303//534 264//534 282//534 
f 303//535 286//535 264//535 
f 304//536 287//536 265//536 
f 304//537 265//537 283//537 
f 305//538 266//538 284//538 
f 305//539 288//539 266//539 
f 306//540 267//540 285//540 
f 306//541 289//541 267//541 
f 307//542 308//542 309//542 
f 307//543 309//543 269//543 
f 307//544 268//544 286//544 
f 307//545 269//545 268//545 
f 310//546 290//546 270//546 
f 310//547 270//547 287//547 
f 311//548 271//548 288//548 
f 311//549 291//549 271//549 
f 312//550 292//550 9//550 
f 313//551 293//551 272//551 
f 313//552 272//552 289//552 
f 314//553 294//553 273//553 
f 314//554 273//554 290//554 
f 315//555 295//555 274//555 
f 315//556 274//556 291//556 
f 316//557 275//557 292//557 
f 316//558 296//558 275//558 
f 317//559 297//559 276//559 
f 317//560 276//560 293//560 
f 318//561 277//561 294//561 
f 318//562 298//562 277//562 
f 319//563 299//563 278//563 
f 319//564 278//564 295//564 
f 320//565 300//565 279//565 
f 320//566 279//566 296//566 
f 321//567 280//567 297//567 
f 321//568 301//568 280//568 
f 322//569 302//569 281//569 
f 322//570 281//570 298//570 
f 323//571 303//571 282//571 
f 323//572 282//572 299//572 
f 324//573 304//573 283//573 
f 324//574 283//574 300//574 
f 325//575 284//575 301//575 
f 325//576 305//576 284//576 
f 326//577 306//577 285//577 
f 326//578 285//578 302//578 
f 327//579 286//579 303//579 
f 327//580 307//580 286//580 
f 328//581 310//581 287//581 
f 328//582 287//582 304//582 
f 329//583 311//583 288//583 
f 329//584 288//584 305//584 
f 330//585 312//585 9//585 
f 331//586 313//586 289//586 
f 331//587 289//587 306//587 
f 332//588 333//588 308//588 
f 332//589 308//589 307//589 
f 334//590 314//590 290//590 
f 334//591 290//591 310//591 
f 335//592 315//592 291//592 
f 335//593 291//593 311//593 
f 336//594 316//594 292//594 
f 336//595 292//595 312//595 
f 337//596 317//596 293//596 
f 337//597 293//597 313//597 
f 338//598 318//598 294//598 
f 338//599 294//599 314//599 
f 339//600 295//600 315//600 
f 339//601 319//601 295//601 
f 340//602 296//602 316//602 
f 340//603 320//603 296//603 
f 341//604 321//604 297//604 
f 341//605 297//605 317//605 
f 342//606 322//606 298//606 
f 342//607 298//607 318//607 
f 343//608 323//608 299//608 
f 343//609 299//609 319//609 
f 344//610 300//610 320//610 
f 344//611 324//611 300//611 
f 345//612 301//612 321//612 
f 345//613 325//613 301//613 
f 346//614 326//614 302//614 
f 346//615 302//615 322//615 
f 347//616 327//616 303//616 
f 347//617 303//617 323//617 
f 348//618 328//618 304//618 
f 348//619 304//619 324//619 
f 349//620 305//620 325//620 
f 349//621 329//621 305//621 
f 350//622 330//622 9//622 
f 351//623 306//623 326//623 
f 351//624 331//624 306//624 
f 352//625 307//625 327//625 
f 352//626 332//626 307//626 
f 353//627 334//627 310//627 
f 353//628 310//628 328//628 
f 354//629 311//629 329//629 
f 354//630 335//630 311//630 
f 355//631 312//631 330//631 
f 355//632 336//632 312//632 
f 356//633 313//633 331//633 
f 356//634 337//634 313//634 
f 357//635 338//635 314//635 
f 357//636 314//636 334//636 
f 358//637 339//637 315//637 
f 358//638 315//638 335//638 
f 359//639 316//639 336//639 
f 359//640 340//640 316//640 
f 360//641 317//641 337//641 
f 360//642 341//642 317//642 
f 361//643 342//643 318//643 
f 361//644 318//644 338//644 
f 362//645 319//645 339//645 
f 362//646 343//646 319//646 
f 363//647 344//647 320//647 
f 363//648 320//648 340//648 
f 364//649 321//649 341//649 
f 364//650 345//650 321//650 
f 365//651 346//651 322//651 
f 365//652 322//652 342//652 
f 366//653 323//653 343//653 
f 366//654 347//654 323//654 
f 367//655 348//655 324//655 
f 367//656 324//656 344//656 
f 368//657 325//657 345//657 
f 368//658 349//658 325//658 
f 369//659 350//659 9//659 
f 370//660 351//660 326//660 
f 370//661 326//661 346//661 
f 371//662 327//662 347//662 
f 371//663 352//663 327//663 
f 372//664 328//664 348//664 
f 372//665 353//665 328//665 
f 373//666 329//666 349//666 
f 373//667 354//667 329//667 
f 374//668 355//668 330//668 
f 374//669 330//669 350//669 
f 375//670 331//670 351//670 
f 375//671 356//671 331//671 
f 376//672 333//672 332//672 
f 376//673 377//673 378//673 
f 376//674 378//674 333//674 
f 376//675 332//675 352//675 
f 379//676 334//676 353//676 
f 379//677 357//677 334//677 
f 380//678 335//678 354//678 
f 380//679 358//679 335//679 
f 381//680 336//680 355//680 
f 381//681 359//681 336//681 
f 382//682 337//682 356//682 
f 382//683 360//683 337//683 
f 383//684 361//684 338//684 
f 383//685 338//685 357//685 
f 384//686 339//686 358//686 
f 384//687 362//687 339//687 
f 385//688 340//688 359//688 
f 385//689 363//689 340//689 
f 386//690 364//690 341//690 
f 386//691 341//691 360//691 
f 387//692 365//692 342//692 
f 387//693 342//693 361//693 
f 388//694 343//694 362//694 
f 388//695 366//695 343//695 
f 389//696 344//696 363//696 
f 389//697 367//697 344//697 
f 390//698 345//698 364//698 
f 390//699 368//699 345//699 
f 391//700 369//700 9//700 
f 392//701 370//701 346//701 
f 392//702 346//702 365//702 
f 393//703 347//703 366//703 
f 393//704 371//704 347//704 
f 394//705 348//705 367//705 
f 394//706 372//706 348//706 
f 395//707 349//707 368//707 
f 395//708 373//708 349//708 
f 396//709 350//709 369//709 
f 396//710 374//710 350//710 
f 397//711 375//711 351//711 
f 397//712 351//712 370//712 
f 398//713 352//713 371//713 
f 398//714 376//714 352//714 
f 399//715 379//715 353//715 
f 399//716 353//716 372//716 
f 400//717 380//717 354//717 
f 400//718 354//718 373//718 
f 401//719 355//719 374//719 
f 401//720 381//720 355//720 
f 402//721 382//721 356//721 
f 402//722 356//722 375//722 
f 403//723 404//723 377//723 
f 403//724 377//724 376//724 
f 405//725 357//725 379//725 
f 405//726 383//726 357//726 
f 406//727 384//727 358//727 
f 406//728 358//728 380//728 
f 407//729 359//729 381//729 
f 407//730 385//730 359//730 
f 408//731 360//731 382//731 
f 408//732 386//732 360//732 
f 409//733 361//733 383//733 
f 409//734 387//734 361//734 
f 410//735 362//735 384//735 
f 410//736 388//736 362//736 
f 411//737 389//737 363//737 
f 411//738 363//738 385//738 
f 412//739 390//739 364//739 
f 412//740 364//740 386//740 
f 413//741 391//741 9//741 
f 414//742 392//742 365//742 
f 414//743 365//743 387//743 
f 415//744 366//744 388//744 
f 415//745 393//745 366//745 
f 416//746 394//746 367//746 
f 416//747 367//747 389//747 
f 417//748 368//748 390//748 
f 417//749 395//749 368//749 
f 418//750 369//750 391//750 
f 418//751 396//751 369//751 
f 419//752 370//752 392//752 
f 419//753 397//753 370//753 
f 420//754 398//754 371//754 
f 420//755 371//755 393//755 
f 421//756 372//756 394//756 
f 421//757 399//757 372//757 
f 422//758 373//758 395//758 
f 422//759 400//759 373//759 
f 423//760 401//760 374//760 
f 423//761 374//761 396//761 
f 424//762 375//762 397//762 
f 424//763 402//763 375//763 
f 425//764 376//764 398//764 
f 425//765 403//765 376//765 
f 426//766 379//766 399//766 
f 426//767 405//767 379//767 
f 427//768 406//768 380//768 
f 427//769 380//769 400//769 
f 428//770 407//770 381//770 
f 428//771 381//771 401//771 
f 429//772 408//772 382//772 
f 429//773 382//773 402//773 
f 430//774 409//774 383//774 
f 430//775 383//775 405//775 
f 431//776 384//776 406//776 
f 431//777 410//777 384//777 
f 432//778 411//778 385//778 
f 432//779 385//779 407//779 
f 433//780 386//780 408//780 
f 433//781 412//781 386//781 
f 434//782 413//782 9//782 
f 435//783 414//783 387//783 
f 435//784 387//784 409//784 
f 436//785 415//785 388//785 
f 436//786 388//786 410//786 
f 437//787 389//787 411//787 
f 437//788 416//788 389//788 
f 438//789 417//789 390//789 
f 438//790 390//790 412//790 
f 439//791 391//791 413//791 
f 439//792 418//792 391//792 
f 440//793 392//793 414//793 
f 440//794 419//794 392//794 
f 441//795 393//795 415//795 
f 441//796 420//796 393//796 
f 442//797 421//797 394//797 
f 442//798 394//798 416//798 
f 443//799 422//799 395//799 
f 443//800 395//800 417//800 
f 444//801 396//801 418//801 
f 444//802 423//802 396//802 
f 445//803 397//803 419//803 
f 445//804 424//804 397//804 
f 446//805 398//805 420//805 
f 446//806 425//806 398//806 
f 447//807 399//807 421//807 
f 447//808 426//808 399//808 
f 448//809 400//809 422//809 
f 448//810 427//810 400//810 
f 449//811 401//811 423//811 
f 449//812 428//812 401//812 
f 450//813 429//813 402//813 
f 450//814 402//814 424//814 
f 451//815 452//815 1//815 
f 451//816 3//816 404//816 
f 451//817 403//817 425//817 
f 451//818 1//818 3//818 
f 451//819 404//819 403//819 
f 453//820 405//820 426//820 
f 453//821 430//821 405//821 
f 454//822 431//822 406//822 
f 454//823 406//823 427//823 
f 455//824 432//824 407//824 
f 455//825 407//825 428//825 
f 456//826 408//826 429//826 
f 456//827 433//827 408//827 
f 457//828 434//828 9//828 
f 458//829 435//829 409//829 
f 458//830 409//830 430//830 
f 459//831 410//831 431//831 
f 459//832 436//832 410//832 
f 460//833 437//833 411//833 
f 460//834 411//834 432//834 
f 461//835 412//835 433//835 
f 461//836 438//836 412//836 
f 462//837 439//837 413//837 
f 462//838 413//838 434//838 
f 463//839 414//839 435//839 
f 463//840 440//840 414//840 
f 464//841 415//841 436//841 
f 464//842 441//842 415//842 
f 465//843 416//843 437//843 
f 465//844 442//844 416//844 
f 466//845 417//845 438//845 
f 466//846 443//846 417//846 
f 467//847 418//847 439//847 
f 467//848 444//848 418//848 
f 468//849 419//849 440//849 
f 468//850 445//850 419//850 
f 469//851 420//851 441//851 
f 469//852 446//852 420//852 
f 470//853 421//853 442//853 
f 470//854 447//854 421//854 
f 471//855 422//855 443//855 
f 471//856 448//856 422//856 
f 472//857 449//857 423//857 
f 472//858 423//858 444//858 
f 473//859 424//859 445//859 
f 473//860 450//860 424//860 
f 474//861 475//861 452//861 
f 474//862 451//862 425//862 
f 474//863 452//863 451//863 
f 474//864 425//864 446//864 
f 476//865 453//865 426//865 
f 476//866 426//866 447//866 
f 477//867 427//867 448//867 
f 477//868 454//868 427//868 
f 478//869 455//869 428//869 
f 478//870 428//870 449//870 
f 479//871 429//871 450//871 
f 479//872 456//872 429//872 
f 480//873 457//873 9//873 
f 481//874 430//874 453//874 
f 481//875 458//875 430//875 
f 482//876 431//876 454//876 
f 482//877 459//877 431//877 
f 483//878 432//878 455//878 
f 483//879 460//879 432//879 
f 484//880 433//880 456//880 
f 484//881 461//881 433//881 
f 485//882 434//882 457//882 
f 485//883 462//883 434//883 
f 486//884 463//884 435//884 
f 486//885 435//885 458//885 
f 487//886 436//886 459//886 
f 487//887 464//887 436//887 
f 488//888 465//888 437//888 
f 488//889 437//889 460//889 
f 489//890 438//890 461//890 
f 489//891 466//891 438//891 
f 490//892 439//892 462//892 
f 490//893 467//893 439//893 
f 491//894 440//894 463//894 
f 491//895 468//895 440//895 
f 492//896 441//896 464//896 
f 492//897 469//897 441//897 
f 493//898 470//898 442//898 
f 493//899 442//899 465//899 
f 494//900 471//900 443//900 
f 494//901 443//901 466//901 
f 495//902 444//902 467//902 
f 495//903 472//903 444//903 
f 496//904 473//904 445//904 
f 496//905 445//905 468//905 
f 497//906 498//906 475//906 
f 497//907 499//907 498//907 
f 497//908 446//908 469//908 
f 497//909 474//909 446//909 
f 497//910 475//910 474//910 
f 500//911 476//911 447//911 
f 500//912 447//912 470//912 
f 501//913 448//913 471//913 
f 501//914 477//914 448//914 
f 502//915 478//915 449//915 
f 502//916 449//916 472//916 
f 503//917 450//917 473//917 
f 503//918 479//918 450//918 
f 504//919 480//919 9//919 
f 505//920 453//920 476//920 
f 505//921 481//921 453//921 
f 506//922 482//922 454//922 
f 506//923 454//923 477//923 
f 507//924 455//924 478//924 
f 507//925 483//925 455//925 
f 508//926 484//926 456//926 
f 508//927 456//927 479//927 
f 509//928 485//928 457//928 
f 509//929 457//929 480//929 
f 510//930 486//930 458//930 
f 510//931 458//931 481//931 
f 511//932 487//932 459//932 
f 511//933 459//933 482//933 
f 512//934 460//934 483//934 
f 512//935 488//935 460//935 
f 513//936 489//936 461//936 
f 513//937 461//937 484//937 
f 514//938 462//938 485//938 
f 514//939 490//939 462//939 
f 515//940 491//940 463//940 
f 515//941 463//941 486//941 
f 516//942 492//942 464//942 
f 516//943 464//943 487//943 
f 517//944 493//944 465//944 
f 517//945 465//945 488//945 
f 518//946 466//946 489//946 
f 518//947 494//947 466//947 
f 519//948 495//948 467//948 
f 519//949 467//949 490//949 
f 520//950 496//950 468//950 
f 520//951 468//951 491//951 
f 521//952 522//952 499//952 
f 521//953 499//953 497//953 
f 521//954 469//954 492//954 
f 521//955 497//955 469//955 
f 523//956 470//956 493//956 
f 523//957 500//957 470//957 
f 524//958 471//958 494//958 
f 524//959 501//959 471//959 
f 525//960 472//960 495//960 
f 525//961 502//961 472//961 
f 526//962 503//962 473//962 
f 526//963 473//963 496//963 
f 527//964 504//964 9//964 
f 528//965 476//965 500//965 
f 528//966 505//966 476//966 
f 529//967 477//967 501//967 
f 529//968 506//968 477//968 
f 530//969 507//969 478//969 
f 530//970 478//970 502//970 
f 531//971 508//971 479//971 
f 531//972 479//972 503//972 
f 532//973 509//973 480//973 
f 532//974 480//974 504//974 
f 533//975 481//975 505//975 
f 533//976 510//976 481//976 
f 534//977 482//977 506//977 
f 534//978 511//978 482//978 
f 535//979 483//979 507//979 
f 535//980 512//980 483//980 
f 536//981 513//981 484//981 
f 536//982 484//982 508//982 
f 537//983 514//983 485//983 
f 537//984 485//984 509//984 
f 538//985 486//985 510//985 
f 538//986 515//986 486//986 
f 539//987 487//987 511//987 
f 539//988 516//988 487//988 
f 540//989 517//989 488//989 
f 540//990 488//990 512//990 
f 541//991 489//991 513//991 
f 541//992 518//992 489//992 
f 542//993 519//993 490//993 
f 542//994 490//994 514//994 
f 543//995 520//995 491//995 
f 543//996 491//996 515//996 
f 544//997 545//997 522//997 
f 544//998 521//998 492//998 
f 544//999 546//999 545//999 
f 544//1000 492//1000 516//1000 
f 544//1001 522//1001 521//1001 
f 547//1002 493//1002 517//1002 
f 547//1003 523//1003 493//1003 
f 548//1004 524//1004 494//1004 
f 548//1005 494//1005 518//1005 
f 549//1006 525//1006 495//1006 
f 549//1007 495//1007 519//1007 
f 550//1008 526//1008 496//1008 
f 550//1009 496//1009 520//1009 
f 551//1010 527//1010 9//1010 
f 552//1011 500//1011 523//1011 
f 552//1012 528//1012 500//1012 
f 553//1013 501//1013 524//1013 
f 553//1014 529//1014 501//1014 
f 554//1015 502//1015 525//1015 
f 554//1016 530//1016 502//1016 
f 555//1017 503//1017 526//1017 
f 555//1018 531//1018 503//1018 
f 556//1019 532//1019 504//1019 
f 556//1020 504//1020 527//1020 
f 557//1021 533//1021 505//1021 
f 557//1022 505//1022 528//1022 
f 558//1023 506//1023 529//1023 
f 558//1024 534//1024 506//1024 
f 559//1025 507//1025 530//1025 
f 559//1026 535//1026 507//1026 
f 560//1027 508//1027 531//1027 
f 560//1028 536//1028 508//1028 
f 561//1029 537//1029 509//1029 
f 561//1030 509//1030 532//1030 
f 562//1031 510//1031 533//1031 
f 562//1032 538//1032 510//1032 
f 563//1033 511//1033 534//1033 
f 563//1034 539//1034 511//1034 
f 564//1035 540//1035 512//1035 
f 564//1036 512//1036 535//1036 
f 565//1037 541//1037 513//1037 
f 565//1038 513//1038 536//1038 
f 566//1039 514//1039 537//1039 
f 566//1040 542//1040 514//1040 
f 567//1041 515//1041 538//1041 
f 567//1042 543//1042 515//1042 
f 568//1043 569//1043 546//1043 
f 568//1044 546//1044 544//1044 
f 568//1045 516//1045 539//1045 
f 568//1046 544//1046 516//1046 
f 570//1047 547//1047 517//1047 
f 570//1048 517//1048 540//1048 
f 571//1049 518//1049 541//1049 
f 571//1050 548//1050 518//1050 
f 572//1051 549//1051 519//1051 
f 572//1052 519//1052 542//1052 
f 573//1053 520//1053 543//1053 
f 573//1054 550//1054 520//1054 
f 574//1055 551//1055 9//1055 
f 575//1056 552//1056 523//1056 
f 575//1057 523//1057 547//1057 
f 576//1058 524//1058 548//1058 
f 576//1059 553//1059 524//1059 
f 577//1060 525//1060 549//1060 
f 577//1061 554//1061 525//1061 
f 578//1062 526//1062 550//1062 
f 578//1063 555//1063 526//1063 
f 579//1064 556//1064 527//1064 
f 579//1065 527//1065 551//1065 
f 580//1066 528//1066 552//1066 
f 580//1067 557//1067 528//1067 
f 581//1068 558//1068 529//1068 
f 581//1069 529//1069 553//1069 
f 582//1070 559//1070 530//1070 
f 582//1071 530//1071 554//1071 
f 583//1072 560//1072 531//1072 
f 583//1073 531//1073 555//1073 
f 584//1074 532//1074 556//1074 
f 584//1075 561//1075 532//1075 
f 585//1076 533//1076 557//1076 
f 585//1077 562//1077 533//1077 
f 586//1078 563//1078 534//1078 
f 586//1079 534//1079 558//1079 
f 587//1080 564//1080 535//1080 
f 587//1081 535//1081 559//1081 
f 588//1082 536//1082 560//1082 
f 588//1083 565//1083 536//1083 
f 589//1084 537//1084 561//1084 
f 589//1085 566//1085 537//1085 
f 590//1086 567//1086 538//1086 
f 590//1087 538//1087 562//1087 
f 591//1088 592//1088 569//1088 
f 591//1089 593//1089 592//1089 
f 591//1090 539//1090 563//1090 
f 591//1091 568//1091 539//1091 
f 591//1092 569//1092 568//1092 
f 594//1093 540//1093 564//1093 
f 594//1094 570//1094 540//1094 
f 595//1095 541//1095 565//1095 
f 595//1096 571//1096 541//1096 
f 596//1097 572//1097 542//1097 
f 596//1098 542//1098 566//1098 
f 597//1099 543//1099 567//1099 
f 597//1100 573//1100 543//1100 
f 598//1101 574//1101 9//1101 
f 599//1102 575//1102 547//1102 
f 599//1103 547//1103 570//1103 
f 600//1104 576//1104 548//1104 
f 600//1105 548//1105 571//1105 
f 601//1106 549//1106 572//1106 
f 601//1107 577//1107 549//1107 
f 602//1108 550//1108 573//1108 
f 602//1109 578//1109 550//1109 
f 603//1110 551//1110 574//1110 
f 603//1111 579//1111 551//1111 
f 604//1112 552//1112 575//1112 
f 604//1113 580//1113 552//1113 
f 605//1114 553//1114 576//1114 
f 605//1115 581//1115 553//1115 
f 606//1116 582//1116 554//1116 
f 606//1117 554//1117 577//1117 
f 607//1118 555//1118 578//1118 
f 607//1119 583//1119 555//1119 
f 608//1120 556//1120 579//1120 
f 608//1121 584//1121 556//1121 
f 609//1122 557//1122 580//1122 
f 609//1123 585//1123 557//1123 
f 610//1124 558//1124 581//1124 
f 610//1125 586//1125 558//1125 
f 611//1126 559//1126 582//1126 
f 611//1127 587//1127 559//1127 
f 612//1128 560//1128 583//1128 
f 612//1129 588//1129 560//1129 
f 613//1130 561//1130 584//1130 
f 613//1131 589//1131 561//1131 
f 614//1132 590//1132 562//1132 
f 614//1133 562//1133 585//1133 
f 615//1134 591//1134 563//1134 
f 615//1135 616//1135 593//1135 
f 615//1136 593//1136 591//1136 
f 615//1137 563//1137 586//1137 
f 617//1138 594//1138 564//1138 
f 617//1139 564//1139 587//1139 
f 618//1140 595//1140 565//1140 
f 618//1141 565//1141 588//1141 
f 619//1142 596//1142 566//1142 
f 619//1143 566//1143 589//1143 
f 620//1144 597//1144 567//1144 
f 620//1145 567//1145 590//1145 
f 621//1146 598//1146 9//1146 
f 622//1147 599//1147 570//1147 
f 622//1148 570//1148 594//1148 
f 623//1149 600//1149 571//1149 
f 623//1150 571//1150 595//1150 
f 624//1151 572//1151 596//1151 
f 624//1152 601//1152 572//1152 
f 625//1153 573//1153 597//1153 
f 625//1154 602//1154 573//1154 
f 626//1155 574//1155 598//1155 
f 626//1156 603//1156 574//1156 
f 627//1157 604//1157 575//1157 
f 627//1158 575//1158 599//1158 
f 628//1159 576//1159 600//1159 
f 628//1160 605//1160 576//1160 
f 629//1161 606//1161 577//1161 
f 629//1162 577//1162 601//1162 
f 630//1163 578//1163 602//1163 
f 630//1164 607//1164 578//1164 
f 631//1165 579//1165 603//1165 
f 631//1166 608//1166 579//1166 
f 632//1167 580//1167 604//1167 
f 632//1168 609//1168 580//1168 
f 633//1169 581//1169 605//1169 
f 633//1170 610//1170 581//1170 
f 634//1171 582//1171 606//1171 
f 634//1172 611//1172 582//1172 
f 635//1173 583//1173 607//1173 
f 635//1174 612//1174 583//1174 
f 636//1175 613//1175 584//1175 
f 636//1176 584//1176 608//1176 
f 637//1177 614//1177 585//1177 
f 637//1178 585//1178 609//1178 
f 638//1179 639//1179 616//1179 
f 638//1180 616//1180 615//1180 
f 638//1181 586//1181 610//1181 
f 638//1182 615//1182 586//1182 
f 640//1183 617//1183 587//1183 
f 640//1184 587//1184 611//1184 
f 641//1185 618//1185 588//1185 
f 641//1186 588//1186 612//1186 
f 642//1187 589//1187 613//1187 
f 642//1188 619//1188 589//1188 
f 643//1189 590//1189 614//1189 
f 643//1190 620//1190 590//1190 
f 644//1191 621//1191 9//1191 
f 645//1192 594//1192 617//1192 
f 645//1193 622//1193 594//1193 
f 646//1194 595//1194 618//1194 
f 646//1195 623//1195 595//1195 
f 647//1196 624//1196 596//1196 
f 647//1197 596//1197 619//1197 
f 648//1198 625//1198 597//1198 
f 648//1199 597//1199 620//1199 
f 649//1200 598//1200 621//1200 
f 649//1201 626//1201 598//1201 
f 650//1202 599//1202 622//1202 
f 650//1203 627//1203 599//1203 
f 651//1204 600//1204 623//1204 
f 651//1205 628//1205 600//1205 
f 652//1206 629//1206 601//1206 
f 652//1207 601//1207 624//1207 
f 653//1208 602//1208 625//1208 
f 653//1209 630//1209 602//1209 
f 654//1210 631//1210 603//1210 
f 654//1211 603//1211 626//1211 
f 655//1212 632//1212 604//1212 
f 655//1213 604//1213 627//1213 
f 656//1214 633//1214 605//1214 
f 656//1215 605//1215 628//1215 
f 657//1216 634//1216 606//1216 
f 657//1217 606//1217 629//1217 
f 658//1218 607//1218 630//1218 
f 658//1219 635//1219 607//1219 
f 659//1220 636//1220 608//1220 
f 659//1221 608//1221 631//1221 
f 660//1222 637//1222 609//1222 
f 660//1223 609//1223 632//1223 
f 661//1224 662//1224 639//1224 
f 661//1225 663//1225 662//1225 
f 661//1226 610//1226 633//1226 
f 661//1227 639//1227 638//1227 
f 661//1228 638//1228 610//1228 
f 664//1229 640//1229 611//1229 
f 664//1230 611//1230 634//1230 
f 665//1231 612//1231 635//1231 
f 665//1232 641//1232 612//1232 
f 666//1233 613//1233 636//1233 
f 666//1234 642//1234 613//1234 
f 667//1235 614//1235 637//1235 
f 667//1236 643//1236 614//1236 
f 668//1237 644//1237 9//1237 
f 669//1238 645//1238 617//1238 
f 669//1239 617//1239 640//1239 
f 670//1240 646//1240 618//1240 
f 670//1241 618//1241 641//1241 
f 671//1242 647//1242 619//1242 
f 671//1243 619//1243 642//1243 
f 672//1244 620//1244 643//1244 
f 672//1245 648//1245 620//1245 
f 673//1246 621//1246 644//1246 
f 673//1247 649//1247 621//1247 
f 674//1248 650//1248 622//1248 
f 674//1249 622//1249 645//1249 
f 675//1250 623//1250 646//1250 
f 675//1251 651//1251 623//1251 
f 676//1252 652//1252 624//1252 
f 676//1253 624//1253 647//1253 
f 677//1254 653//1254 625//1254 
f 677//1255 625//1255 648//1255 
f 678//1256 626//1256 649//1256 
f 678//1257 654//1257 626//1257 
f 679//1258 627//1258 650//1258 
f 679//1259 655//1259 627//1259 
f 680//1260 656//1260 628//1260 
f 680//1261 628//1261 651//1261 
f 681//1262 657//1262 629//1262 
f 681//1263 629//1263 652//1263 
f 682//1264 630//1264 653//1264 
f 682//1265 658//1265 630//1265 
f 683//1266 659//1266 631//1266 
f 683//1267 631//1267 654//1267 
f 684//1268 660//1268 632//1268 
f 684//1269 632//1269 655//1269 
f 685//1270 686//1270 663//1270 
f 685//1271 663//1271 661//1271 
f 685//1272 633//1272 656//1272 
f 685//1273 661//1273 633//1273 
f 687//1274 664//1274 634//1274 
f 687//1275 634//1275 657//1275 
f 688//1276 635//1276 658//1276 
f 688//1277 665//1277 635//1277 
f 689//1278 666//1278 636//1278 
f 689//1279 636//1279 659//1279 
f 690//1280 637//1280 660//1280 
f 690//1281 667//1281 637//1281 
f 691//1282 668//1282 9//1282 
f 692//1283 640//1283 664//1283 
f 692//1284 669//1284 640//1284 
f 693//1285 641//1285 665//1285 
f 693//1286 670//1286 641//1286 
f 694//1287 671//1287 642//1287 
f 694//1288 642//1288 666//1288 
f 695//1289 672//1289 643//1289 
f 695//1290 643//1290 667//1290 
f 696//1291 644//1291 668//1291 
f 696//1292 673//1292 644//1292 
f 697//1293 645//1293 669//1293 
f 697//1294 674//1294 645//1294 
f 698//1295 646//1295 670//1295 
f 698//1296 675//1296 646//1296 
f 699//1297 676//1297 647//1297 
f 699//1298 647//1298 671//1298 
f 700//1299 648//1299 672//1299 
f 700//1300 677//1300 648//1300 
f 701//1301 678//1301 649//1301 
f 701//1302 649//1302 673//1302 
f 702//1303 650//1303 674//1303 
f 702//1304 679//1304 650//1304 
f 703//1305 651//1305 675//1305 
f 703//1306 680//1306 651//1306 
f 704//1307 652//1307 676//1307 
f 704//1308 681//1308 652//1308 
f 705//1309 653//1309 677//1309 
f 705//1310 682//1310 653//1310 
f 706//1311 683//1311 654//1311 
f 706//1312 654//1312 678//1312 
f 707//1313 684//1313 655//1313 
f 707//1314 655//1314 679//1314 
f 708//1315 709//1315 686//1315 
f 708//1316 656//1316 680//1316 
f 708//1317 685//1317 656//1317 
f 708//1318 686//1318 685//1318 
f 710//1319 657//1319 681//1319 
f 710//1320 687//1320 657//1320 
f 711//1321 688//1321 658//1321 
f 711//1322 658//1322 682//1322 
f 712//1323 689//1323 659//1323 
f 712//1324 659//1324 683//1324 
f 713//1325 690//1325 660//1325 
f 713//1326 660//1326 684//1326 
f 714//1327 691//1327 9//1327 
f 715//1328 692//1328 664//1328 
f 715//1329 664//1329 687//1329 
f 716//1330 693//1330 665//1330 
f 716//1331 665//1331 688//1331 
f 717//1332 694//1332 666//1332 
f 717//1333 666//1333 689//1333 
f 718//1334 667//1334 690//1334 
f 718//1335 695//1335 667//1335 
f 719//1336 696//1336 668//1336 
f 719//1337 668//1337 691//1337 
f 720//1338 697//1338 669//1338 
f 720//1339 669//1339 692//1339 
f 721//1340 698//1340 670//1340 
f 721//1341 670//1341 693//1341 
f 722//1342 671//1342 694//1342 
f 722//1343 699//1343 671//1343 
f 723//1344 700//1344 672//1344 
f 723//1345 672//1345 695//1345 
f 724//1346 673//1346 696//1346 
f 724//1347 701//1347 673//1347 
f 725//1348 702//1348 674//1348 
f 725//1349 674//1349 697//1349 
f 726//1350 703//1350 675//1350 
f 726//1351 675//1351 698//1351 
f 727//1352 676//1352 699//1352 
f 727//1353 704//1353 676//1353 
f 728//1354 677//1354 700//1354 
f 728//1355 705//1355 677//1355 
f 729//1356 706//1356 678//1356 
f 729//1357 678//1357 701//1357 
f 730//1358 707//1358 679//1358 
f 730//1359 679//1359 702//1359 
f 731//1360 680//1360 703//1360 
f 731//1361 732//1361 709//1361 
f 731//1362 733//1362 732//1362 
f 731//1363 709//1363 708//1363 
f 731//1364 708//1364 680//1364 
f 734//1365 681//1365 704//1365 
f 734//1366 710//1366 681//1366 
f 735//1367 711//1367 682//1367 
f 735//1368 682//1368 705//1368 
f 736//1369 683//1369 706//1369 
f 736//1370 712//1370 683//1370 
f 737//1371 684//1371 707//1371 
f 737//1372 713//1372 684//1372 
f 738//1373 714//1373 9//1373 
f 739//1374 715//1374 687//1374 
f 739//1375 687//1375 710//1375 
f 740//1376 688//1376 711//1376 
f 740//1377 716//1377 688//1377 
f 741//1378 717//1378 689//1378 
f 741//1379 689//1379 712//1379 
f 742//1380 690//1380 713//1380 
f 742//1381 718//1381 690//1381 
f 743//1382 691//1382 714//1382 
f 743//1383 719//1383 691//1383 
f 744//1384 720//1384 692//1384 
f 744//1385 692//1385 715//1385 
f 745//1386 721//1386 693//1386 
f 745//1387 693//1387 716//1387 
f 746//1388 694//1388 717//1388 
f 746//1389 722//1389 694//1389 
f 747//1390 695//1390 718//1390 
f 747//1391 723//1391 695//1391 
f 748//1392 724//1392 696//1392 
f 748//1393 696//1393 719//1393 
f 749//1394 697//1394 720//1394 
f 749//1395 725//1395 697//1395 
f 750//1396 726//1396 698//1396 
f 750//1397 698//1397 721//1397 
f 751//1398 727//1398 699//1398 
f 751//1399 699//1399 722//1399 
f 752//1400 700//1400 723//1400 
f 752//1401 728//1401 700//1401 
f 753//1402 701//1402 724//1402 
f 753//1403 729//1403 701//1403 
f 754//1404 702//1404 725//1404 
f 754//1405 730//1405 702//1405 
f 755//1406 731//1406 703//1406 
f 755//1407 756//1407 733//1407 
f 755//1408 733//1408 731//1408 
f 755//1409 703//1409 726//1409 
f 757//1410 704//1410 727//1410 
f 757//1411 734//1411 704//1411 
f 758//1412 705//1412 728//1412 
f 758//1413 735//1413 705//1413 
f 759//1414 706//1414 729//1414 
f 759//1415 736//1415 706//1415 
f 760//1416 707//1416 730//1416 
f 760//1417 737//1417 707//1417 
f 761//1418 738//1418 9//1418 
f 762//1419 739//1419 710//1419 
f 762//1420 710//1420 734//1420 
f 763//1421 740//1421 711//1421 
f 763//1422 711//1422 735//1422 
f 764//1423 741//1423 712//1423 
f 764//1424 712//1424 736//1424 
f 765//1425 713//1425 737//1425 
f 765//1426 742//1426 713//1426 
f 766//1427 743//1427 714//1427 
f 766//1428 714//1428 738//1428 
f 767//1429 715//1429 739//1429 
f 767//1430 744//1430 715//1430 
f 768//1431 716//1431 740//1431 
f 768//1432 745//1432 716//1432 
f 769//1433 746//1433 717//1433 
f 769//1434 717//1434 741//1434 
f 770//1435 718//1435 742//1435 
f 770//1436 747//1436 718//1436 
f 771//1437 719//1437 743//1437 
f 771//1438 748//1438 719//1438 
f 772//1439 749//1439 720//1439 
f 772//1440 720//1440 744//1440 
f 773//1441 721//1441 745//1441 
f 773//1442 750//1442 721//1442 
f 774//1443 751//1443 722//1443 
f 774//1444 722//1444 746//1444 
f 775//1445 723//1445 747//1445 
f 775//1446 752//1446 723//1446 
f 776//1447 753//1447 724//1447 
f 776//1448 724//1448 748//1448 
f 777//1449 725//1449 749//1449 
f 777//1450 754//1450 725//1450 
f 778//1451 779//1451 756//1451 
f 778//1452 780//1452 779//1452 
f 778//1453 726//1453 750//1453 
f 778//1454 755//1454 726//1454 
f 778//1455 756//1455 755//1455 
f 781//1456 757//1456 727//1456 
f 781//1457 727//1457 751//1457 
f 782//1458 728//1458 752//1458 
f 782//1459 758//1459 728//1459 
f 783//1460 729//1460 753//1460 
f 783//1461 759//1461 729//1461 
f 784//1462 760//1462 730//1462 
f 784//1463 730//1463 754//1463 
f 785//1464 761//1464 9//1464 
f 786//1465 762//1465 734//1465 
f 786//1466 734//1466 757//1466 
f 787//1467 763//1467 735//1467 
f 787//1468 735//1468 758//1468 
f 788//1469 736//1469 759//1469 
f 788//1470 764//1470 736//1470 
f 789//1471 765//1471 737//1471 
f 789//1472 737//1472 760//1472 
f 790//1473 766//1473 738//1473 
f 790//1474 738//1474 761//1474 
f 791//1475 739//1475 762//1475 
f 791//1476 767//1476 739//1476 
f 792//1477 768//1477 740//1477 
f 792//1478 740//1478 763//1478 
f 793//1479 741//1479 764//1479 
f 793//1480 769//1480 741//1480 
f 794//1481 742//1481 765//1481 
f 794//1482 770//1482 742//1482 
f 795//1483 743//1483 766//1483 
f 795//1484 771//1484 743//1484 
f 796//1485 744//1485 767//1485 
f 796//1486 772//1486 744//1486 
f 797//1487 745//1487 768//1487 
f 797//1488 773//1488 745//1488 
f 798//1489 746//1489 769//1489 
f 798//1490 774//1490 746//1490 
f 799//1491 747//1491 770//1491 
f 799//1492 775//1492 747//1492 
f 800//1493 748//1493 771//1493 
f 800//1494 776//1494 748//1494 
f 801//1495 777//1495 749//1495 
f 801//1496 749//1496 772//1496 
f 802//1497 750//1497 773//1497 
f 802//1498 780//1498 778//1498 
f 802//1499 803//1499 780//1499 
f 802//1500 778//1500 750//1500 
f 804//1501 781//1501 751//1501 
f 804//1502 751//1502 774//1502 
f 805//1503 782//1503 752//1503 
f 805//1504 752//1504 775//1504 
f 806//1505 783//1505 753//1505 
f 806//1506 753//1506 776//1506 
f 807//1507 754//1507 777//1507 
f 807//1508 784//1508 754//1508 
f 808//1509 785//1509 9//1509 
f 809//1510 786//1510 757//1510 
f 809//1511 757//1511 781//1511 
f 810//1512 758//1512 782//1512 
f 810//1513 787//1513 758//1513 
f 811//1514 759//1514 783//1514 
f 811//1515 788//1515 759//1515 
f 812//1516 760//1516 784//1516 
f 812//1517 789//1517 760//1517 
f 813//1518 761//1518 785//1518 
f 813//1519 790//1519 761//1519 
f 814//1520 791//1520 762//1520 
f 814//1521 762//1521 786//1521 
f 815//1522 763//1522 787//1522 
f 815//1523 792//1523 763//1523 
f 816//1524 764//1524 788//1524 
f 816//1525 793//1525 764//1525 
f 817//1526 794//1526 765//1526 
f 817//1527 765//1527 789//1527 
f 818//1528 795//1528 766//1528 
f 818//1529 766//1529 790//1529 
f 819//1530 767//1530 791//1530 
f 819//1531 796//1531 767//1531 
f 820//1532 797//1532 768//1532 
f 820//1533 768//1533 792//1533 
f 821//1534 769//1534 793//1534 
f 821//1535 798//1535 769//1535 
f 822//1536 799//1536 770//1536 
f 822//1537 770//1537 794//1537 
f 823//1538 800//1538 771//1538 
f 823//1539 771//1539 795//1539 
f 824//1540 772//1540 796//1540 
f 824//1541 801//1541 772//1541 
f 825//1542 826//1542 803//1542 
f 825//1543 802//1543 773//1543 
f 825//1544 773//1544 797//1544 
f 825//1545 803//1545 802//1545 
f 827//1546 804//1546 774//1546 
f 827//1547 774//1547 798//1547 
f 828//1548 775//1548 799//1548 
f 828//1549 805//1549 775//1549 
f 829//1550 806//1550 776//1550 
f 829//1551 776//1551 800//1551 
f 830//1552 807//1552 777//1552 
f 830//1553 777//1553 801//1553 
f 831//1554 808//1554 9//1554 
f 832//1555 781//1555 804//1555 
f 832//1556 809//1556 781//1556 
f 833//1557 810//1557 782//1557 
f 833//1558 782//1558 805//1558 
f 834//1559 811//1559 783//1559 
f 834//1560 783//1560 806//1560 
f 835//1561 784//1561 807//1561 
f 835//1562 812//1562 784//1562 
f 836//1563 785//1563 808//1563 
f 836//1564 813//1564 785//1564 
f 837//1565 814//1565 786//1565 
f 837//1566 786//1566 809//1566 
f 838//1567 787//1567 810//1567 
f 838//1568 815//1568 787//1568 
f 839//1569 788//1569 811//1569 
f 839//1570 816//1570 788//1570 
f 840//1571 789//1571 812//1571 
f 840//1572 817//1572 789//1572 
f 841//1573 790//1573 813//1573 
f 841//1574 818//1574 790//1574 
f 842//1575 791//1575 814//1575 
f 842//1576 819//1576 791//1576 
f 843//1577 792//1577 815//1577 
f 843//1578 820//1578 792//1578 
f 844//1579 821//1579 793//1579 
f 844//1580 793//1580 816//1580 
f 845//1581 794//1581 817//1581 
f 845//1582 822//1582 794//1582 
f 846//1583 795//1583 818//1583 
f 846//1584 823//1584 795//1584 
f 847//1585 824//1585 796//1585 
f 847//1586 796//1586 819//1586 
f 848//1587 826//1587 825//1587 
f 848//1588 849//1588 826//1588 
f 848//1589 850//1589 849//1589 
f 848//1590 797//1590 820//1590 
f 848//1591 825//1591 797//1591 
f 851//1592 827//1592 798//1592 
f 851//1593 798//1593 821//1593 
f 852//1594 799//1594 822//1594 
f 852//1595 828//1595 799//1595 
f 853//1596 829//1596 800//1596 
f 853//1597 800//1597 823//1597 
f 854//1598 801//1598 824//1598 
f 854//1599 830//1599 801//1599 
f 855//1600 831//1600 9//1600 
f 856//1601 804//1601 827//1601 
f 856//1602 832//1602 804//1602 
f 857//1603 833//1603 805//1603 
f 857//1604 805//1604 828//1604 
f 858//1605 834//1605 806//1605 
f 858//1606 806//1606 829//1606 
f 859//1607 835//1607 807//1607 
f 859//1608 807//1608 830//1608 
f 860//1609 808//1609 831//1609 
f 860//1610 836//1610 808//1610 
f 861//1611 809//1611 832//1611 
f 861//1612 837//1612 809//1612 
f 862//1613 838//1613 810//1613 
f 862//1614 810//1614 833//1614 
f 863//1615 811//1615 834//1615 
f 863//1616 839//1616 811//1616 
f 864//1617 840//1617 812//1617 
f 864//1618 812//1618 835//1618 
f 865//1619 813//1619 836//1619 
f 865//1620 841//1620 813//1620 
f 866//1621 814//1621 837//1621 
f 866//1622 842//1622 814//1622 
f 867//1623 815//1623 838//1623 
f 867//1624 843//1624 815//1624 
f 868//1625 844//1625 816//1625 
f 868//1626 816//1626 839//1626 
f 869//1627 845//1627 817//1627 
f 869//1628 817//1628 840//1628 
f 870//1629 846//1629 818//1629 
f 870//1630 818//1630 841//1630 
f 871//1631 819//1631 842//1631 
f 871//1632 847//1632 819//1632 
f 872//1633 820//1633 843//1633 
f 872//1634 873//1634 850//1634 
f 872//1635 850//1635 848//1635 
f 872//1636 848//1636 820//1636 
f 874//1637 851//1637 821//1637 
f 874//1638 821//1638 844//1638 
f 875//1639 822//1639 845//1639 
f 875//1640 852//1640 822//1640 
f 876//1641 853//1641 823//1641 
f 876//1642 823//1642 846//1642 
f 877//1643 854//1643 824//1643 
f 877//1644 824//1644 847//1644 
f 878//1645 855//1645 9//1645 
f 879//1646 827//1646 851//1646 
f 879//1647 856//1647 827//1647 
f 880//1648 857//1648 828//1648 
f 880//1649 828//1649 852//1649 
f 881//1650 829//1650 853//1650 
f 881//1651 858//1651 829//1651 
f 882//1652 830//1652 854//1652 
f 882//1653 859//1653 830//1653 
f 883//1654 831//1654 855//1654 
f 883//1655 860//1655 831//1655 
f 884//1656 832//1656 856//1656 
f 884//1657 861//1657 832//1657 
f 885//1658 833//1658 857//1658 
f 885//1659 862//1659 833//1659 
f 886//1660 863//1660 834//1660 
f 886//1661 834//1661 858//1661 
f 887//1662 864//1662 835//1662 
f 887//1663 835//1663 859//1663 
f 888//1664 865//1664 836//1664 
f 888//1665 836//1665 860//1665 
f 889//1666 866//1666 837//1666 
f 889//1667 837//1667 861//1667 
f 890//1668 867//1668 838//1668 
f 890//1669 838//1669 862//1669 
f 891//1670 839//1670 863//1670 
f 891//1671 868//1671 839//1671 
f 892//1672 869//1672 840//1672 
f 892//1673 840//1673 864//1673 
f 893//1674 870//1674 841//1674 
f 893//1675 841//1675 865//1675 
f 894//1676 842//1676 866//1676 
f 894//1677 871//1677 842//1677 
f 895//1678 873//1678 872//1678 
f 895//1679 896//1679 873//1679 
f 895//1680 897//1680 896//1680 
f 895//1681 843//1681 867//1681 
f 895//1682 872//1682 843//1682 
f 898//1683 844//1683 868//1683 
f 898//1684 874//1684 844//1684 
f 899//1685 875//1685 845//1685 
f 899//1686 845//1686 869//1686 
f 900//1687 846//1687 870//1687 
f 900//1688 876//1688 846//1688 
f 901//1689 847//1689 871//1689 
f 901//1690 877//1690 847//1690 
f 902//1691 878//1691 9//1691 
f 903//1692 851//1692 874//1692 
f 903//1693 879//1693 851//1693 
f 904//1694 880//1694 852//1694 
f 904//1695 852//1695 875//1695 
f 905//1696 853//1696 876//1696 
f 905//1697 881//1697 853//1697 
f 906//1698 854//1698 877//1698 
f 906//1699 882//1699 854//1699 
f 907//1700 855//1700 878//1700 
f 907//1701 883//1701 855//1701 
f 908//1702 856//1702 879//1702 
f 908//1703 884//1703 856//1703 
f 909//1704 857//1704 880//1704 
f 909//1705 885//1705 857//1705 
f 910//1706 858//1706 881//1706 
f 910//1707 886//1707 858//1707 
f 911//1708 859//1708 882//1708 
f 911//1709 887//1709 859//1709 
f 912//1710 888//1710 860//1710 
f 912//1711 860//1711 883//1711 
f 913//1712 861//1712 884//1712 
f 913//1713 889//1713 861//1713 
f 914//1714 862//1714 885//1714 
f 914//1715 890//1715 862//1715 
f 915//1716 891//1716 863//1716 
f 915//1717 863//1717 886//1717 
f 916//1718 864//1718 887//1718 
f 916//1719 892//1719 864//1719 
f 917//1720 865//1720 888//1720 
f 917//1721 893//1721 865//1721 
f 918//1722 866//1722 889//1722 
f 918//1723 894//1723 866//1723 
f 919//1724 920//1724 897//1724 
f 919//1725 867//1725 890//1725 
f 919//1726 897//1726 895//1726 
f 919//1727 895//1727 867//1727 
f 921//1728 898//1728 868//1728 
f 921//1729 868//1729 891//1729 
f 922//1730 899//1730 869//1730 
f 922//1731 869//1731 892//1731 
f 923//1732 870//1732 893//1732 
f 923//1733 900//1733 870//1733 
f 924//1734 901//1734 871//1734 
f 924//1735 871//1735 894//1735 
f 925//1736 902//1736 9//1736 
f 926//1737 903//1737 874//1737 
f 926//1738 874//1738 898//1738 
f 927//1739 875//1739 899//1739 
f 927//1740 904//1740 875//1740 
f 928//1741 905//1741 876//1741 
f 928//1742 876//1742 900//1742 
f 929//1743 906//1743 877//1743 
f 929//1744 877//1744 901//1744 
f 930//1745 878//1745 902//1745 
f 930//1746 907//1746 878//1746 
f 931//1747 879//1747 903//1747 
f 931//1748 908//1748 879//1748 
f 932//1749 880//1749 904//1749 
f 932//1750 909//1750 880//1750 
f 933//1751 881//1751 905//1751 
f 933//1752 910//1752 881//1752 
f 934//1753 911//1753 882//1753 
f 934//1754 882//1754 906//1754 
f 935//1755 883//1755 907//1755 
f 935//1756 912//1756 883//1756 
f 936//1757 913//1757 884//1757 
f 936//1758 884//1758 908//1758 
f 937//1759 914//1759 885//1759 
f 937//1760 885//1760 909//1760 
f 938//1761 915//1761 886//1761 
f 938//1762 886//1762 910//1762 
f 939//1763 887//1763 911//1763 
f 939//1764 916//1764 887//1764 
f 940//1765 917//1765 888//1765 
f 940//1766 888//1766 912//1766 
f 941//1767 889//1767 913//1767 
f 941//1768 918//1768 889//1768 
f 942//1769 890//1769 914//1769 
f 942//1770 920//1770 919//1770 
f 942//1771 943//1771 920//1771 
f 942//1772 919//1772 890//1772 
f 944//1773 921//1773 891//1773 
f 944//1774 891//1774 915//1774 
f 945//1775 922//1775 892//1775 
f 945//1776 892//1776 916//1776 
f 946//1777 893//1777 917//1777 
f 946//1778 923//1778 893//1778 
f 947//1779 924//1779 894//1779 
f 947//1780 894//1780 918//1780 
f 948//1781 925//1781 9//1781 
f 949//1782 926//1782 898//1782 
f 949//1783 898//1783 921//1783 
f 950//1784 899//1784 922//1784 
f 950//1785 927//1785 899//1785 
f 951//1786 928//1786 900//1786 
f 951//1787 900//1787 923//1787 
f 952//1788 929//1788 901//1788 
f 952//1789 901//1789 924//1789 
f 953//1790 930//1790 902//1790 
f 953//1791 902//1791 925//1791 
f 954//1792 903//1792 926//1792 
f 954//1793 931//1793 903//1793 
f 955//1794 932//1794 904//1794 
f 955//1795 904//1795 927//1795 
f 956//1796 933//1796 905//1796 
f 956//1797 905//1797 928//1797 
f 957//1798 934//1798 906//1798 
f 957//1799 906//1799 929//1799 
f 958//1800 907//1800 930//1800 
f 958//1801 935//1801 907//1801 
f 959//1802 908//1802 931//1802 
f 959//1803 936//1803 908//1803 
f 960//1804 909//1804 932//1804 
f 960//1805 937//1805 909//1805 
f 961//1806 910//1806 933//1806 
f 961//1807 938//1807 910//1807 
f 962//1808 911//1808 934//1808 
f 962//1809 939//1809 911//1809 
f 963//1810 940//1810 912//1810 
f 963//1811 912//1811 935//1811 
f 964//1812 941//1812 913//1812 
f 964//1813 913//1813 936//1813 
f 965//1814 966//1814 943//1814 
f 965//1815 967//1815 966//1815 
f 965//1816 942//1816 914//1816 
f 965//1817 943//1817 942//1817 
f 965//1818 914//1818 937//1818 
f 968//1819 915//1819 938//1819 
f 968//1820 944//1820 915//1820 
f 969//1821 916//1821 939//1821 
f 969//1822 945//1822 916//1822 
f 970//1823 946//1823 917//1823 
f 970//1824 917//1824 940//1824 
f 971//1825 918//1825 941//1825 
f 971//1826 947//1826 918//1826 
f 972//1827 948//1827 9//1827 
f 973//1828 949//1828 921//1828 
f 973//1829 921//1829 944//1829 
f 974//1830 950//1830 922//1830 
f 974//1831 922//1831 945//1831 
f 975//1832 951//1832 923//1832 
f 975//1833 923//1833 946//1833 
f 976//1834 952//1834 924//1834 
f 976//1835 924//1835 947//1835 
f 977//1836 925//1836 948//1836 
f 977//1837 953//1837 925//1837 
f 978//1838 954//1838 926//1838 
f 978//1839 926//1839 949//1839 
f 979//1840 927//1840 950//1840 
f 979//1841 955//1841 927//1841 
f 980//1842 928//1842 951//1842 
f 980//1843 956//1843 928//1843 
f 981//1844 929//1844 952//1844 
f 981//1845 957//1845 929//1845 
f 982//1846 958//1846 930//1846 
f 982//1847 930//1847 953//1847 
f 983//1848 959//1848 931//1848 
f 983//1849 931//1849 954//1849 
f 984//1850 960//1850 932//1850 
f 984//1851 932//1851 955//1851 
f 985//1852 933//1852 956//1852 
f 985//1853 961//1853 933//1853 
f 986//1854 962//1854 934//1854 
f 986//1855 934//1855 957//1855 
f 987//1856 935//1856 958//1856 
f 987//1857 963//1857 935//1857 
f 988//1858 936//1858 959//1858 
f 988//1859 964//1859 936//1859 
f 989//1860 937//1860 960//1860 
f 989//1861 990//1861 967//1861 
f 989//1862 967//1862 965//1862 
f 989//1863 965//1863 937//1863 
f 991//1864 968//1864 938//1864 
f 991//1865 938//1865 961//1865 
f 992//1866 969//1866 939//1866 
f 992//1867 939//1867 962//1867 
f 993//1868 970//1868 940//1868 
f 993//1869 940//1869 963//1869 
f 994//1870 941//1870 964//1870 
f 994//1871 971//1871 941//1871 
f 995//1872 972//1872 9//1872 
f 996//1873 973//1873 944//1873 
f 996//1874 944//1874 968//1874 
f 997//1875 945//1875 969//1875 
f 997//1876 974//1876 945//1876 
f 998//1877 975//1877 946//1877 
f 998//1878 946//1878 970//1878 
f 999//1879 976//1879 947//1879 
f 999//1880 947//1880 971//1880 
f 1000//1881 977//1881 948//1881 
f 1000//1882 948//1882 972//1882 
f 1001//1883 978//1883 949//1883 
f 1001//1884 949//1884 973//1884 
f 1002//1885 979//1885 950//1885 
f 1002//1886 950//1886 974//1886 
f 1003//1887 951//1887 975//1887 
f 1003//1888 980//1888 951//1888 
f 1004//1889 952//1889 976//1889 
f 1004//1890 981//1890 952//1890 
f 1005//1891 953//1891 977//1891 
f 1005//1892 982//1892 953//1892 
f 1006//1893 983//1893 954//1893 
f 1006//1894 954//1894 978//1894 
f 1007//1895 984//1895 955//1895 
f 1007//1896 955//1896 979//1896 
f 1008//1897 985//1897 956//1897 
f 1008//1898 956//1898 980//1898 
f 1009//1899 957//1899 981//1899 
f 1009//1900 986//1900 957//1900 
f 1010//1901 987//1901 958//1901 
f 1010//1902 958//1902 982//1902 
f 1011//1903 988//1903 959//1903 
f 1011//1904 959//1904 983//1904 
f 1012//1905 1013//1905 990//1905 
f 1012//1906 1014//1906 1013//1906 
f 1012//1907 989//1907 960//1907 
f 1012//1908 990//1908 989//1908 
f 1012//1909 960//1909 984//1909 
f 1015//1910 961//1910 985//1910 
f 1015//1911 991//1911 961//1911 
f 1016//1912 962//1912 986//1912 
f 1016//1913 992//1913 962//1913 
f 1017//1914 993//1914 963//1914 
f 1017//1915 963//1915 987//1915 
f 1018//1916 964//1916 988//1916 
f 1018//1917 994//1917 964//1917 
f 1019//1918 995//1918 9//1918 
f 1020//1919 968//1919 991//1919 
f 1020//1920 996//1920 968//1920 
f 1021//1921 997//1921 969//1921 
f 1021//1922 969//1922 992//1922 
f 1022//1923 998//1923 970//1923 
f 1022//1924 970//1924 993//1924 
f 1023//1925 999//1925 971//1925 
f 1023//1926 971//1926 994//1926 
f 1024//1927 972//1927 995//1927 
f 1024//1928 1000//1928 972//1928 
f 1025//1929 973//1929 996//1929 
f 1025//1930 1001//1930 973//1930 
f 1026//1931 974//1931 997//1931 
f 1026//1932 1002//1932 974//1932 
f 1027//1933 975//1933 998//1933 
f 1027//1934 1003//1934 975//1934 
f 1028//1935 976//1935 999//1935 
f 1028//1936 1004//1936 976//1936 
f 1029//1937 1005//1937 977//1937 
f 1029//1938 977//1938 1000//1938 
f 1030//1939 1006//1939 978//1939 
f 1030//1940 978//1940 1001//1940 
f 1031//1941 979//1941 1002//1941 
f 1031//1942 1007//1942 979//1942 
f 1032//1943 980//1943 1003//1943 
f 1032//1944 1008//1944 980//1944 
f 1033//1945 1009//1945 981//1945 
f 1033//1946 981//1946 1004//1946 
f 1034//1947 1010//1947 982//1947 
f 1034//1948 982//1948 1005//1948 
f 1035//1949 983//1949 1006//1949 
f 1035//1950 1011//1950 983//1950 
f 1036//1951 1037//1951 1014//1951 
f 1036//1952 984//1952 1007//1952 
f 1036//1953 1012//1953 984//1953 
f 1036//1954 1014//1954 1012//1954 
f 1038//1955 985//1955 1008//1955 
f 1038//1956 1015//1956 985//1956 
f 1039//1957 1016//1957 986//1957 
f 1039//1958 986//1958 1009//1958 
f 1040//1959 987//1959 1010//1959 
f 1040//1960 1017//1960 987//1960 
f 1041//1961 988//1961 1011//1961 
f 1041//1962 1018//1962 988//1962 
f 1042//1963 1019//1963 9//1963 
f 1043//1964 1020//1964 991//1964 
f 1043//1965 991//1965 1015//1965 
f 1044//1966 1021//1966 992//1966 
f 1044//1967 992//1967 1016//1967 
f 1045//1968 1022//1968 993//1968 
f 1045//1969 993//1969 1017//1969 
f 1046//1970 1023//1970 994//1970 
f 1046//1971 994//1971 1018//1971 
f 1047//1972 995//1972 1019//1972 
f 1047//1973 1024//1973 995//1973 
f 1048//1974 1025//1974 996//1974 
f 1048//1975 996//1975 1020//1975 
f 1049//1976 1026//1976 997//1976 
f 1049//1977 997//1977 1021//1977 
f 1050//1978 998//1978 1022//1978 
f 1050//1979 1027//1979 998//1979 
f 1051//1980 999//1980 1023//1980 
f 1051//1981 1028//1981 999//1981 
f 1052//1982 1000//1982 1024//1982 
f 1052//1983 1029//1983 1000//1983 
f 1053//1984 1030//1984 1001//1984 
f 1053//1985 1001//1985 1025//1985 
f 1054//1986 1002//1986 1026//1986 
f 1054//1987 1031//1987 1002//1987 
f 1055//1988 1032//1988 1003//1988 
f 1055//1989 1003//1989 1027//1989 
f 1056//1990 1004//1990 1028//1990 
f 1056//1991 1033//1991 1004//1991 
f 1057//1992 1005//1992 1029//1992 
f 1057//1993 1034//1993 1005//1993 
f 1058//1994 1006//1994 1030//1994 
f 1058//1995 1035//1995 1006//1995 
f 1059//1996 1007//1996 1031//1996 
f 1059//1997 1037//1997 1036//1997 
f 1059//1998 1060//1998 1037//1998 
f 1059//1999 1036//1999 1007//1999 
f 1061//2000 1038//2000 1008//2000 
f 1061//2001 1008//2001 1032//2001 
f 1062//2002 1009//2002 1033//2002 
f 1062//2003 1039//2003 1009//2003 
f 1063//2004 1010//2004 1034//2004 
f 1063//2005 1040//2005 1010//2005 
f 1064//2006 1041//2006 1011//2006 
f 1064//2007 1011//2007 1035//2007 
f 1065//2008 1042//2008 9//2008 
f 1066//2009 1043//2009 1015//2009 
f 1066//2010 1015//2010 1038//2010 
f 1067//2011 1016//2011 1039//2011 
f 1067//2012 1044//2012 1016//2012 
f 1068//2013 1045//2013 1017//2013 
f 1068//2014 1017//2014 1040//2014 
f 1069//2015 1018//2015 1041//2015 
f 1069//2016 1046//2016 1018//2016 
f 1070//2017 1047//2017 1019//2017 
f 1070//2018 1019//2018 1042//2018 
f 1071//2019 1020//2019 1043//2019 
f 1071//2020 1048//2020 1020//2020 
f 1072//2021 1049//2021 1021//2021 
f 1072//2022 1021//2022 1044//2022 
f 1073//2023 1022//2023 1045//2023 
f 1073//2024 1050//2024 1022//2024 
f 1074//2025 1051//2025 1023//2025 
f 1074//2026 1023//2026 1046//2026 
f 1075//2027 1052//2027 1024//2027 
f 1075//2028 1024//2028 1047//2028 
f 1076//2029 1025//2029 1048//2029 
f 1076//2030 1053//2030 1025//2030 
f 1077//2031 1054//2031 1026//2031 
f 1077//2032 1026//2032 1049//2032 
f 1078//2033 1027//2033 1050//2033 
f 1078//2034 1055//2034 1027//2034 
f 1079//2035 1028//2035 1051//2035 
f 1079//2036 1056//2036 1028//2036 
f 1080//2037 1057//2037 1029//2037 
f 1080//2038 1029//2038 1052//2038 
f 1081//2039 1058//2039 1030//2039 
f 1081//2040 1030//2040 1053//2040 
f 1082//2041 1060//2041 1059//2041 
f 1082//2042 1083//2042 1060//2042 
f 1082//2043 1084//2043 1083//2043 
f 1082//2044 1031//2044 1054//2044 
f 1082//2045 1059//2045 1031//2045 
f 1085//2046 1032//2046 1055//2046 
f 1085//2047 1061//2047 1032//2047 
f 1086//2048 1033//2048 1056//2048 
f 1086//2049 1062//2049 1033//2049 
f 1087//2050 1063//2050 1034//2050 
f 1087//2051 1034//2051 1057//2051 
f 1088//2052 1035//2052 1058//2052 
f 1088//2053 1064//2053 1035//2053 
f 1089//2054 1065//2054 9//2054 
f 1090//2055 1066//2055 1038//2055 
f 1090//2056 1038//2056 1061//2056 
f 1091//2057 1067//2057 1039//2057 
f 1091//2058 1039//2058 1062//2058 
f 1092//2059 1040//2059 1063//2059 
f 1092//2060 1068//2060 1040//2060 
f 1093//2061 1041//2061 1064//2061 
f 1093//2062 1069//2062 1041//2062 
f 1094//2063 1042//2063 1065//2063 
f 1094//2064 1070//2064 1042//2064 
f 1095//2065 1043//2065 1066//2065 
f 1095//2066 1071//2066 1043//2066 
f 1096//2067 1044//2067 1067//2067 
f 1096//2068 1072//2068 1044//2068 
f 1097//2069 1073//2069 1045//2069 
f 1097//2070 1045//2070 1068//2070 
f 1098//2071 1074//2071 1046//2071 
f 1098//2072 1046//2072 1069//2072 
f 1099//2073 1047//2073 1070//2073 
f 1099//2074 1075//2074 1047//2074 
f 1100//2075 1048//2075 1071//2075 
f 1100//2076 1076//2076 1048//2076 
f 1101//2077 1049//2077 1072//2077 
f 1101//2078 1077//2078 1049//2078 
f 1102//2079 1050//2079 1073//2079 
f 1102//2080 1078//2080 1050//2080 
f 1103//2081 1051//2081 1074//2081 
f 1103//2082 1079//2082 1051//2082 
f 1104//2083 1052//2083 1075//2083 
f 1104//2084 1080//2084 1052//2084 
f 1105//2085 1081//2085 1053//2085 
f 1105//2086 1053//2086 1076//2086 
f 1106//2087 1084//2087 1082//2087 
f 1106//2088 1107//2088 1084//2088 
f 1106//2089 1054//2089 1077//2089 
f 1106//2090 1082//2090 1054//2090 
f 1108//2091 1055//2091 1078//2091 
f 1108//2092 1085//2092 1055//2092 
f 1109//2093 1086//2093 1056//2093 
f 1109//2094 1056//2094 1079//2094 
f 1110//2095 1087//2095 1057//2095 
f 1110//2096 1057//2096 1080//2096 
f 1111//2097 1088//2097 1058//2097 
f 1111//2098 1058//2098 1081//2098 
f 1112//2099 1089//2099 9//2099 
f 1113//2100 1090//2100 1061//2100 
f 1113//2101 1061//2101 1085//2101 
f 1114//2102 1091//2102 1062//2102 
f 1114//2103 1062//2103 1086//2103 
f 1115//2104 1092//2104 1063//2104 
f 1115//2105 1063//2105 1087//2105 
f 1116//2106 1093//2106 1064//2106 
f 1116//2107 1064//2107 1088//2107 
f 1117//2108 1065//2108 1089//2108 
f 1117//2109 1094//2109 1065//2109 
f 1118//2110 1095//2110 1066//2110 
f 1118//2111 1066//2111 1090//2111 
f 1119//2112 1096//2112 1067//2112 
f 1119//2113 1067//2113 1091//2113 
f 1120//2114 1097//2114 1068//2114 
f 1120//2115 1068//2115 1092//2115 
f 1121//2116 1069//2116 1093//2116 
f 1121//2117 1098//2117 1069//2117 
f 1122//2118 1099//2118 1070//2118 
f 1122//2119 1070//2119 1094//2119 
f 1123//2120 1071//2120 1095//2120 
f 1123//2121 1100//2121 1071//2121 
f 1124//2122 1101//2122 1072//2122 
f 1124//2123 1072//2123 1096//2123 
f 1125//2124 1102//2124 1073//2124 
f 1125//2125 1073//2125 1097//2125 
f 1126//2126 1103//2126 1074//2126 
f 1126//2127 1074//2127 1098//2127 
f 1127//2128 1104//2128 1075//2128 
f 1127//2129 1075//2129 1099//2129 
f 1128//2130 1105//2130 1076//2130 
f 1128//2131 1076//2131 1100//2131 
f 1129//2132 1077//2132 1101//2132 
f 1129//2133 1130//2133 1107//2133 
f 1129//2134 1131//2134 1130//2134 
f 1129//2135 1106//2135 1077//2135 
f 1129//2136 1107//2136 1106//2136 
f 1132//2137 1078//2137 1102//2137 
f 1132//2138 1108//2138 1078//2138 
f 1133//2139 1079//2139 1103//2139 
f 1133//2140 1109//2140 1079//2140 
f 1134//2141 1080//2141 1104//2141 
f 1134//2142 1110//2142 1080//2142 
f 1135//2143 1081//2143 1105//2143 
f 1135//2144 1111//2144 1081//2144 
f 1136//2145 1112//2145 9//2145 
f 1137//2146 1085//2146 1108//2146 
f 1137//2147 1113//2147 1085//2147 
f 1138//2148 1114//2148 1086//2148 
f 1138//2149 1086//2149 1109//2149 
f 1139//2150 1115//2150 1087//2150 
f 1139//2151 1087//2151 1110//2151 
f 1140//2152 1116//2152 1088//2152 
f 1140//2153 1088//2153 1111//2153 
f 1141//2154 1117//2154 1089//2154 
f 1141//2155 1089//2155 1112//2155 
f 1142//2156 1118//2156 1090//2156 
f 1142//2157 1090//2157 1113//2157 
f 1143//2158 1091//2158 1114//2158 
f 1143//2159 1119//2159 1091//2159 
f 1144//2160 1120//2160 1092//2160 
f 1144//2161 1092//2161 1115//2161 
f 1145//2162 1093//2162 1116//2162 
f 1145//2163 1121//2163 1093//2163 
f 1146//2164 1094//2164 1117//2164 
f 1146//2165 1122//2165 1094//2165 
f 1147//2166 1123//2166 1095//2166 
f 1147//2167 1095//2167 1118//2167 
f 1148//2168 1124//2168 1096//2168 
f 1148//2169 1096//2169 1119//2169 
f 1149//2170 1097//2170 1120//2170 
f 1149//2171 1125//2171 1097//2171 
f 1150//2172 1126//2172 1098//2172 
f 1150//2173 1098//2173 1121//2173 
f 1151//2174 1127//2174 1099//2174 
f 1151//2175 1099//2175 1122//2175 
f 1152//2176 1100//2176 1123//2176 
f 1152//2177 1128//2177 1100//2177 
f 1153//2178 1131//2178 1129//2178 
f 1153//2179 1101//2179 1124//2179 
f 1153//2180 1154//2180 1131//2180 
f 1153//2181 1129//2181 1101//2181 
f 1155//2182 1132//2182 1102//2182 
f 1155//2183 1102//2183 1125//2183 
f 1156//2184 1133//2184 1103//2184 
f 1156//2185 1103//2185 1126//2185 
f 1157//2186 1134//2186 1104//2186 
f 1157//2187 1104//2187 1127//2187 
f 1158//2188 1135//2188 1105//2188 
f 1158//2189 1105//2189 1128//2189 
f 1159//2190 1136//2190 9//2190 
f 1160//2191 1137//2191 1108//2191 
f 1160//2192 1108//2192 1132//2192 
f 1161//2193 1138//2193 1109//2193 
f 1161//2194 1109//2194 1133//2194 
f 1162//2195 1110//2195 1134//2195 
f 1162//2196 1139//2196 1110//2196 
f 1163//2197 1111//2197 1135//2197 
f 1163//2198 1140//2198 1111//2198 
f 1164//2199 1112//2199 1136//2199 
f 1164//2200 1141//2200 1112//2200 
f 1165//2201 1113//2201 1137//2201 
f 1165//2202 1142//2202 1113//2202 
f 1166//2203 1143//2203 1114//2203 
f 1166//2204 1114//2204 1138//2204 
f 1167//2205 1144//2205 1115//2205 
f 1167//2206 1115//2206 1139//2206 
f 1168//2207 1116//2207 1140//2207 
f 1168//2208 1145//2208 1116//2208 
f 1169//2209 1117//2209 1141//2209 
f 1169//2210 1146//2210 1117//2210 
f 1170//2211 1118//2211 1142//2211 
f 1170//2212 1147//2212 1118//2212 
f 1171//2213 1119//2213 1143//2213 
f 1171//2214 1148//2214 1119//2214 
f 1172//2215 1120//2215 1144//2215 
f 1172//2216 1149//2216 1120//2216 
f 1173//2217 1150//2217 1121//2217 
f 1173//2218 1121//2218 1145//2218 
f 1174//2219 1151//2219 1122//2219 
f 1174//2220 1122//2220 1146//2220 
f 1175//2221 1152//2221 1123//2221 
f 1175//2222 1123//2222 1147//2222 
f 1176//2223 1177//2223 1154//2223 
f 1176//2224 1154//2224 1153//2224 
f 1176//2225 1124//2225 1148//2225 
f 1176//2226 1153//2226 1124//2226 
f 1178//2227 1155//2227 1125//2227 
f 1178//2228 1125//2228 1149//2228 
f 1179//2229 1126//2229 1150//2229 
f 1179//2230 1156//2230 1126//2230 
f 1180//2231 1157//2231 1127//2231 
f 1180//2232 1127//2232 1151//2232 
f 1181//2233 1128//2233 1152//2233 
f 1181//2234 1158//2234 1128//2234 
f 1182//2235 1159//2235 9//2235 
f 1183//2236 1132//2236 1155//2236 
f 1183//2237 1160//2237 1132//2237 
f 1184//2238 1133//2238 1156//2238 
f 1184//2239 1161//2239 1133//2239 
f 1185//2240 1134//2240 1157//2240 
f 1185//2241 1162//2241 1134//2241 
f 1186//2242 1163//2242 1135//2242 
f 1186//2243 1135//2243 1158//2243 
f 1187//2244 1164//2244 1136//2244 
f 1187//2245 1136//2245 1159//2245 
f 1188//2246 1137//2246 1160//2246 
f 1188//2247 1165//2247 1137//2247 
f 1189//2248 1138//2248 1161//2248 
f 1189//2249 1166//2249 1138//2249 
f 1190//2250 1139//2250 1162//2250 
f 1190//2251 1167//2251 1139//2251 
f 1191//2252 1140//2252 1163//2252 
f 1191//2253 1168//2253 1140//2253 
f 1192//2254 1141//2254 1164//2254 
f 1192//2255 1169//2255 1141//2255 
f 1193//2256 1142//2256 1165//2256 
f 1193//2257 1170//2257 1142//2257 
f 1194//2258 1171//2258 1143//2258 
f 1194//2259 1143//2259 1166//2259 
f 1195//2260 1172//2260 1144//2260 
f 1195//2261 1144//2261 1167//2261 
f 1196//2262 1145//2262 1168//2262 
f 1196//2263 1173//2263 1145//2263 
f 1197//2264 1174//2264 1146//2264 
f 1197//2265 1146//2265 1169//2265 
f 1198//2266 1175//2266 1147//2266 
f 1198//2267 1147//2267 1170//2267 
f 1199//2268 1148//2268 1171//2268 
f 1199//2269 1200//2269 1177//2269 
f 1199//2270 1201//2270 1200//2270 
f 1199//2271 1177//2271 1176//2271 
f 1199//2272 1176//2272 1148//2272 
f 1202//2273 1178//2273 1149//2273 
f 1202//2274 1149//2274 1172//2274 
f 1203//2275 1150//2275 1173//2275 
f 1203//2276 1179//2276 1150//2276 
f 1204//2277 1151//2277 1174//2277 
f 1204//2278 1180//2278 1151//2278 
f 1205//2279 1181//2279 1152//2279 
f 1205//2280 1152//2280 1175//2280 
f 1206//2281 1182//2281 9//2281 
f 1207//2282 1183//2282 1155//2282 
f 1207//2283 1155//2283 1178//2283 
f 1208//2284 1156//2284 1179//2284 
f 1208//2285 1184//2285 1156//2285 
f 1209//2286 1185//2286 1157//2286 
f 1209//2287 1157//2287 1180//2287 
f 1210//2288 1186//2288 1158//2288 
f 1210//2289 1158//2289 1181//2289 
f 1211//2290 1187//2290 1159//2290 
f 1211//2291 1159//2291 1182//2291 
f 1212//2292 1188//2292 1160//2292 
f 1212//2293 1160//2293 1183//2293 
f 1213//2294 1189//2294 1161//2294 
f 1213//2295 1161//2295 1184//2295 
f 1214//2296 1162//2296 1185//2296 
f 1214//2297 1190//2297 1162//2297 
f 1215//2298 1191//2298 1163//2298 
f 1215//2299 1163//2299 1186//2299 
f 1216//2300 1192//2300 1164//2300 
f 1216//2301 1164//2301 1187//2301 
f 1217//2302 1165//2302 1188//2302 
f 1217//2303 1193//2303 1165//2303 
f 1218//2304 1166//2304 1189//2304 
f 1218//2305 1194//2305 1166//2305 
f 1219//2306 1167//2306 1190//2306 
f 1219//2307 1195//2307 1167//2307 
f 1220//2308 1168//2308 1191//2308 
f 1220//2309 1196//2309 1168//2309 
f 1221//2310 1197//2310 1169//2310 
f 1221//2311 1169//2311 1192//2311 
f 1222//2312 1170//2312 1193//2312 
f 1222//2313 1198//2313 1170//2313 
f 1223//2314 1171//2314 1194//2314 
f 1223//2315 1199//2315 1171//2315 
f 1223//2316 1224//2316 1201//2316 
f 1223//2317 1201//2317 1199//2317 
f 1225//2318 1172//2318 1195//2318 
f 1225//2319 1202//2319 1172//2319 
f 1226//2320 1173//2320 1196//2320 
f 1226//2321 1203//2321 1173//2321 
f 1227//2322 1174//2322 1197//2322 
f 1227//2323 1204//2323 1174//2323 
f 1228//2324 1175//2324 1198//2324 
f 1228//2325 1205//2325 1175//2325 
f 1229//2326 1206//2326 9//2326 
f 1230//2327 1178//2327 1202//2327 
f 1230//2328 1207//2328 1178//2328 
f 1231//2329 1208//2329 1179//2329 
f 1231//2330 1179//2330 1203//2330 
f 1232//2331 1180//2331 1204//2331 
f 1232//2332 1209//2332 1180//2332 
f 1233//2333 1181//2333 1205//2333 
f 1233//2334 1210//2334 1181//2334 
f 1234//2335 1182//2335 1206//2335 
f 1234//2336 1211//2336 1182//2336 
f 1235//2337 1183//2337 1207//2337 
f 1235//2338 1212//2338 1183//2338 
f 1236//2339 1184//2339 1208//2339 
f 1236//2340 1213//2340 1184//2340 
f 1237//2341 1214//2341 1185//2341 
f 1237//2342 1185//2342 1209//2342 
f 1238//2343 1186//2343 1210//2343 
f 1238//2344 1215//2344 1186//2344 
f 1239//2345 1187//2345 1211//2345 
f 1239//2346 1216//2346 1187//2346 
f 1240//2347 1188//2347 1212//2347 
f 1240//2348 1217//2348 1188//2348 
f 1241//2349 1218//2349 1189//2349 
f 1241//2350 1189//2350 1213//2350 
f 1242//2351 1219//2351 1190//2351 
f 1242//2352 1190//2352 1214//2352 
f 1243//2353 1220//2353 1191//2353 
f 1243//2354 1191//2354 1215//2354 
f 1244//2355 1221//2355 1192//2355 
f 1244//2356 1192//2356 1216//2356 
f 1245//2357 1193//2357 1217//2357 
f 1245//2358 1222//2358 1193//2358 
f 1246//2359 1247//2359 1224//2359 
f 1246//2360 1248//2360 1247//2360 
f 1246//2361 1194//2361 1218//2361 
f 1246//2362 1224//2362 1223//2362 
f 1246//2363 1223//2363 1194//2363 
f 1249//2364 1225//2364 1195//2364 
f 1249//2365 1195//2365 1219//2365 
f 1250//2366 1196//2366 1220//2366 
f 1250//2367 1226//2367 1196//2367 
f 1251//2368 1197//2368 1221//2368 
f 1251//2369 1227//2369 1197//2369 
f 1252//2370 1228//2370 1198//2370 
f 1252//2371 1198//2371 1222//2371 
f 1253//2372 1229//2372 9//2372 
f 1254//2373 1202//2373 1225//2373 
f 1254//2374 1230//2374 1202//2374 
f 1255//2375 1203//2375 1226//2375 
f 1255//2376 1231//2376 1203//2376 
f 1256//2377 1232//2377 1204//2377 
f 1256//2378 1204//2378 1227//2378 
f 1257//2379 1205//2379 1228//2379 
f 1257//2380 1233//2380 1205//2380 
f 1258//2381 1206//2381 1229//2381 
f 1258//2382 1234//2382 1206//2382 
f 1259//2383 1235//2383 1207//2383 
f 1259//2384 1207//2384 1230//2384 
f 1260//2385 1236//2385 1208//2385 
f 1260//2386 1208//2386 1231//2386 
f 1261//2387 1237//2387 1209//2387 
f 1261//2388 1209//2388 1232//2388 
f 1262//2389 1210//2389 1233//2389 
f 1262//2390 1238//2390 1210//2390 
f 1263//2391 1211//2391 1234//2391 
f 1263//2392 1239//2392 1211//2392 
f 1264//2393 1240//2393 1212//2393 
f 1264//2394 1212//2394 1235//2394 
f 1265//2395 1241//2395 1213//2395 
f 1265//2396 1213//2396 1236//2396 
f 1266//2397 1214//2397 1237//2397 
f 1266//2398 1242//2398 1214//2398 
f 1267//2399 1243//2399 1215//2399 
f 1267//2400 1215//2400 1238//2400 
f 1268//2401 1244//2401 1216//2401 
f 1268//2402 1216//2402 1239//2402 
f 1269//2403 1217//2403 1240//2403 
f 1269//2404 1245//2404 1217//2404 
f 1270//2405 1218//2405 1241//2405 
f 1270//2406 1246//2406 1218//2406 
f 1270//2407 1271//2407 1248//2407 
f 1270//2408 1248//2408 1246//2408 
f 1272//2409 1219//2409 1242//2409 
f 1272//2410 1249//2410 1219//2410 
f 1273//2411 1250//2411 1220//2411 
f 1273//2412 1220//2412 1243//2412 
f 1274//2413 1221//2413 1244//2413 
f 1274//2414 1251//2414 1221//2414 
f 1275//2415 1222//2415 1245//2415 
f 1275//2416 1252//2416 1222//2416 
f 1276//2417 1253//2417 9//2417 
f 1277//2418 1254//2418 1225//2418 
f 1277//2419 1225//2419 1249//2419 
f 1278//2420 1226//2420 1250//2420 
f 1278//2421 1255//2421 1226//2421 
f 1279//2422 1256//2422 1227//2422 
f 1279//2423 1227//2423 1251//2423 
f 1280//2424 1228//2424 1252//2424 
f 1280//2425 1257//2425 1228//2425 
f 1281//2426 1229//2426 1253//2426 
f 1281//2427 1258//2427 1229//2427 
f 1282//2428 1230//2428 1254//2428 
f 1282//2429 1259//2429 1230//2429 
f 1283//2430 1260//2430 1231//2430 
f 1283//2431 1231//2431 1255//2431 
f 1284//2432 1261//2432 1232//2432 
f 1284//2433 1232//2433 1256//2433 
f 1285//2434 1262//2434 1233//2434 
f 1285//2435 1233//2435 1257//2435 
f 1286//2436 1263//2436 1234//2436 
f 1286//2437 1234//2437 1258//2437 
f 1287//2438 1264//2438 1235//2438 
f 1287//2439 1235//2439 1259//2439 
f 1288//2440 1236//2440 1260//2440 
f 1288//2441 1265//2441 1236//2441 
f 1289//2442 1266//2442 1237//2442 
f 1289//2443 1237//2443 1261//2443 
f 1290//2444 1238//2444 1262//2444 
f 1290//2445 1267//2445 1238//2445 
f 1291//2446 1239//2446 1263//2446 
f 1291//2447 1268//2447 1239//2447 
f 1292//2448 1269//2448 1240//2448 
f 1292//2449 1240//2449 1264//2449 
f 1293//2450 1241//2450 1265//2450 
f 1293//2451 1294//2451 1271//2451 
f 1293//2452 1270//2452 1241//2452 
f 1293//2453 1271//2453 1270//2453 
f 1295//2454 1242//2454 1266//2454 
f 1295//2455 1272//2455 1242//2455 
f 1296//2456 1243//2456 1267//2456 
f 1296//2457 1273//2457 1243//2457 
f 1297//2458 1274//2458 1244//2458 
f 1297//2459 1244//2459 1268//2459 
f 1298//2460 1245//2460 1269//2460 
f 1298//2461 1275//2461 1245//2461 
f 1299//2462 1276//2462 9//2462 
f 1300//2463 1249//2463 1272//2463 
f 1300//2464 1277//2464 1249//2464 
f 1301//2465 1250//2465 1273//2465 
f 1301//2466 1278//2466 1250//2466 
f 1302//2467 1251//2467 1274//2467 
f 1302//2468 1279//2468 1251//2468 
f 1303//2469 1252//2469 1275//2469 
f 1303//2470 1280//2470 1252//2470 
f 1304//2471 1253//2471 1276//2471 
f 1304//2472 1281//2472 1253//2472 
f 1305//2473 1282//2473 1254//2473 
f 1305//2474 1254//2474 1277//2474 
f 1306//2475 1283//2475 1255//2475 
f 1306//2476 1255//2476 1278//2476 
f 1307//2477 1284//2477 1256//2477 
f 1307//2478 1256//2478 1279//2478 
f 1308//2479 1257//2479 1280//2479 
f 1308//2480 1285//2480 1257//2480 
f 1309//2481 1258//2481 1281//2481 
f 1309//2482 1286//2482 1258//2482 
f 1310//2483 1287//2483 1259//2483 
f 1310//2484 1259//2484 1282//2484 
f 1311//2485 1260//2485 1283//2485 
f 1311//2486 1288//2486 1260//2486 
f 1312//2487 1289//2487 1261//2487 
f 1312//2488 1261//2488 1284//2488 
f 1313//2489 1290//2489 1262//2489 
f 1313//2490 1262//2490 1285//2490 
f 1314//2491 1291//2491 1263//2491 
f 1314//2492 1263//2492 1286//2492 
f 1315//2493 1264//2493 1287//2493 
f 1315//2494 1292//2494 1264//2494 
f 1316//2495 1265//2495 1288//2495 
f 1316//2496 1293//2496 1265//2496 
f 1316//2497 1294//2497 1293//2497 
f 1316//2498 1317//2498 1294//2498 
f 1316//2499 1318//2499 1317//2499 
f 1319//2500 1266//2500 1289//2500 
f 1319//2501 1295//2501 1266//2501 
f 1320//2502 1296//2502 1267//2502 
f 1320//2503 1267//2503 1290//2503 
f 1321//2504 1297//2504 1268//2504 
f 1321//2505 1268//2505 1291//2505 
f 1322//2506 1298//2506 1269//2506 
f 1322//2507 1269//2507 1292//2507 
f 1323//2508 1299//2508 9//2508 
f 1324//2509 1300//2509 1272//2509 
f 1324//2510 1272//2510 1295//2510 
f 1325//2511 1273//2511 1296//2511 
f 1325//2512 1301//2512 1273//2512 
f 1326//2513 1274//2513 1297//2513 
f 1326//2514 1302//2514 1274//2514 
f 1327//2515 1275//2515 1298//2515 
f 1327//2516 1303//2516 1275//2516 
f 1328//2517 1276//2517 1299//2517 
f 1328//2518 1304//2518 1276//2518 
f 1329//2519 1305//2519 1277//2519 
f 1329//2520 1277//2520 1300//2520 
f 1330//2521 1278//2521 1301//2521 
f 1330//2522 1306//2522 1278//2522 
f 1331//2523 1307//2523 1279//2523 
f 1331//2524 1279//2524 1302//2524 
f 1332//2525 1280//2525 1303//2525 
f 1332//2526 1308//2526 1280//2526 
f 1333//2527 1309//2527 1281//2527 
f 1333//2528 1281//2528 1304//2528 
f 1334//2529 1282//2529 1305//2529 
f 1334//2530 1310//2530 1282//2530 
f 1335//2531 1283//2531 1306//2531 
f 1335//2532 1311//2532 1283//2532 
f 1336//2533 1284//2533 1307//2533 
f 1336//2534 1312//2534 1284//2534 
f 1337//2535 1285//2535 1308//2535 
f 1337//2536 1313//2536 1285//2536 
f 1338//2537 1286//2537 1309//2537 
f 1338//2538 1314//2538 1286//2538 
f 1339//2539 1287//2539 1310//2539 
f 1339//2540 1315//2540 1287//2540 
f 1340//2541 1318//2541 1316//2541 
f 1340//2542 1341//2542 1318//2542 
f 1340//2543 1316//2543 1288//2543 
f 1340//2544 1288//2544 1311//2544 
f 1342//2545 1319//2545 1289//2545 
f 1342//2546 1289//2546 1312//2546 
f 1343//2547 1290//2547 1313//2547 
f 1343//2548 1320//2548 1290//2548 
f 1344//2549 1291//2549 1314//2549 
f 1344//2550 1321//2550 1291//2550 
f 1345//2551 1292//2551 1315//2551 
f 1345//2552 1322//2552 1292//2552 
f 1346//2553 1323//2553 9//2553 
f 1347//2554 1295//2554 1319//2554 
f 1347//2555 1324//2555 1295//2555 
f 1348//2556 1296//2556 1320//2556 
f 1348//2557 1325//2557 1296//2557 
f 1349//2558 1326//2558 1297//2558 
f 1349//2559 1297//2559 1321//2559 
f 1350//2560 1327//2560 1298//2560 
f 1350//2561 1298//2561 1322//2561 
f 1351//2562 1328//2562 1299//2562 
f 1351//2563 1299//2563 1323//2563 
f 1352//2564 1329//2564 1300//2564 
f 1352//2565 1300//2565 1324//2565 
f 1353//2566 1330//2566 1301//2566 
f 1353//2567 1301//2567 1325//2567 
f 1354//2568 1331//2568 1302//2568 
f 1354//2569 1302//2569 1326//2569 
f 1355//2570 1332//2570 1303//2570 
f 1355//2571 1303//2571 1327//2571 
f 1356//2572 1333//2572 1304//2572 
f 1356//2573 1304//2573 1328//2573 
f 1357//2574 1334//2574 1305//2574 
f 1357//2575 1305//2575 1329//2575 
f 1358//2576 1335//2576 1306//2576 
f 1358//2577 1306//2577 1330//2577 
f 1359//2578 1307//2578 1331//2578 
f 1359//2579 1336//2579 1307//2579 
f 1360//2580 1308//2580 1332//2580 
f 1360//2581 1337//2581 1308//2581 
f 1361//2582 1309//2582 1333//2582 
f 1361//2583 1338//2583 1309//2583 
f 1362//2584 1310//2584 1334//2584 
f 1362//2585 1339//2585 1310//2585 
f 1363//2586 1311//2586 1335//2586 
f 1363//2587 1340//2587 1311//2587 
f 1363//2588 1364//2588 1341//2588 
f 1363//2589 1365//2589 1364//2589 
f 1363//2590 1341//2590 1340//2590 
f 1366//2591 1342//2591 1312//2591 
f 1366//2592 1312//2592 1336//2592 
f 1367//2593 1343//2593 1313//2593 
f 1367//2594 1313//2594 1337//2594 
f 1368//2595 1314//2595 1338//2595 
f 1368//2596 1344//2596 1314//2596 
f 1369//2597 1315//2597 1339//2597 
f 1369//2598 1345//2598 1315//2598 
f 1370//2599 1346//2599 9//2599 
f 1371//2600 1347//2600 1319//2600 
f 1371//2601 1319//2601 1342//2601 
f 1372//2602 1348//2602 1320//2602 
f 1372//2603 1320//2603 1343//2603 
f 1373//2604 1349//2604 1321//2604 
f 1373//2605 1321//2605 1344//2605 
f 1374//2606 1350//2606 1322//2606 
f 1374//2607 1322//2607 1345//2607 
f 1375//2608 1323//2608 1346//2608 
f 1375//2609 1351//2609 1323//2609 
f 1376//2610 1352//2610 1324//2610 
f 1376//2611 1324//2611 1347//2611 
f 1377//2612 1325//2612 1348//2612 
f 1377//2613 1353//2613 1325//2613 
f 1378//2614 1326//2614 1349//2614 
f 1378//2615 1354//2615 1326//2615 
f 1379//2616 1355//2616 1327//2616 
f 1379//2617 1327//2617 1350//2617 
f 1380//2618 1356//2618 1328//2618 
f 1380//2619 1328//2619 1351//2619 
f 1381//2620 1329//2620 1352//2620 
f 1381//2621 1357//2621 1329//2621 
f 1382//2622 1358//2622 1330//2622 
f 1382//2623 1330//2623 1353//2623 
f 1383//2624 1359//2624 1331//2624 
f 1383//2625 1331//2625 1354//2625 
f 1384//2626 1360//2626 1332//2626 
f 1384//2627 1332//2627 1355//2627 
f 1385//2628 1361//2628 1333//2628 
f 1385//2629 1333//2629 1356//2629 
f 1386//2630 1334//2630 1357//2630 
f 1386//2631 1362//2631 1334//2631 
f 1387//2632 1363//2632 1335//2632 
f 1387//2633 1365//2633 1363//2633 
f 1387//2634 1388//2634 1365//2634 
f 1387//2635 1335//2635 1358//2635 
f 1389//2636 1366//2636 1336//2636 
f 1389//2637 1336//2637 1359//2637 
f 1390//2638 1337//2638 1360//2638 
f 1390//2639 1367//2639 1337//2639 
f 1391//2640 1338//2640 1361//2640 
f 1391//2641 1368//2641 1338//2641 
f 1392//2642 1369//2642 1339//2642 
f 1392//2643 1339//2643 1362//2643 
f 1393//2644 1370//2644 9//2644 
f 1394//2645 1342//2645 1366//2645 
f 1394//2646 1371//2646 1342//2646 
f 1395//2647 1343//2647 1367//2647 
f 1395//2648 1372//2648 1343//2648 
f 1396//2649 1373//2649 1344//2649 
f 1396//2650 1344//2650 1368//2650 
f 1397//2651 1345//2651 1369//2651 
f 1397//2652 1374//2652 1345//2652 
f 1398//2653 1375//2653 1346//2653 
f 1398//2654 1346//2654 1370//2654 
f 1399//2655 1347//2655 1371//2655 
f 1399//2656 1376//2656 1347//2656 
f 1400//2657 1348//2657 1372//2657 
f 1400//2658 1377//2658 1348//2658 
f 1401//2659 1349//2659 1373//2659 
f 1401//2660 1378//2660 1349//2660 
f 1402//2661 1379//2661 1350//2661 
f 1402//2662 1350//2662 1374//2662 
f 1403//2663 1380//2663 1351//2663 
f 1403//2664 1351//2664 1375//2664 
f 1404//2665 1381//2665 1352//2665 
f 1404//2666 1352//2666 1376//2666 
f 1405//2667 1382//2667 1353//2667 
f 1405//2668 1353//2668 1377//2668 
f 1406//2669 1383//2669 1354//2669 
f 1406//2670 1354//2670 1378//2670 
f 1407//2671 1355//2671 1379//2671 
f 1407//2672 1384//2672 1355//2672 
f 1408//2673 1385//2673 1356//2673 
f 1408//2674 1356//2674 1380//2674 
f 1409//2675 1386//2675 1357//2675 
f 1409//2676 1357//2676 1381//2676 
f 1410//2677 1388//2677 1387//2677 
f 1410//2678 1358//2678 1382//2678 
f 1410//2679 1411//2679 1388//2679 
f 1410//2680 1387//2680 1358//2680 
f 1412//2681 1359//2681 1383//2681 
f 1412//2682 1389//2682 1359//2682 
f 1413//2683 1360//2683 1384//2683 
f 1413//2684 1390//2684 1360//2684 
f 1414//2685 1361//2685 1385//2685 
f 1414//2686 1391//2686 1361//2686 
f 1415//2687 1362//2687 1386//2687 
f 1415//2688 1392//2688 1362//2688 
f 1416//2689 1393//2689 9//2689 
f 1417//2690 1366//2690 1389//2690 
f 1417//2691 1394//2691 1366//2691 
f 1418//2692 1367//2692 1390//2692 
f 1418//2693 1395//2693 1367//2693 
f 1419//2694 1396//2694 1368//2694 
f 1419//2695 1368//2695 1391//2695 
f 1420//2696 1369//2696 1392//2696 
f 1420//2697 1397//2697 1369//2697 
f 1421//2698 1398//2698 1370//2698 
f 1421//2699 1370//2699 1393//2699 
f 1422//2700 1399//2700 1371//2700 
f 1422//2701 1371//2701 1394//2701 
f 1423//2702 1372//2702 1395//2702 
f 1423//2703 1400//2703 1372//2703 
f 1424//2704 1401//2704 1373//2704 
f 1424//2705 1373//2705 1396//2705 
f 1425//2706 1402//2706 1374//2706 
f 1425//2707 1374//2707 1397//2707 
f 1426//2708 1403//2708 1375//2708 
f 1426//2709 1375//2709 1398//2709 
f 1427//2710 1404//2710 1376//2710 
f 1427//2711 1376//2711 1399//2711 
f 1428//2712 1405//2712 1377//2712 
f 1428//2713 1377//2713 1400//2713 
f 1429//2714 1406//2714 1378//2714 
f 1429//2715 1378//2715 1401//2715 
f 1430//2716 1379//2716 1402//2716 
f 1430//2717 1407//2717 1379//2717 
f 1431//2718 1408//2718 1380//2718 
f 1431//2719 1380//2719 1403//2719 
f 1432//2720 1381//2720 1404//2720 
f 1432//2721 1409//2721 1381//2721 
f 1433//2722 1382//2722 1405//2722 
f 1433//2723 1434//2723 1411//2723 
f 1433//2724 1435//2724 1434//2724 
f 1433//2725 1410//2725 1382//2725 
f 1433//2726 1411//2726 1410//2726 
f 1436//2727 1383//2727 1406//2727 
f 1436//2728 1412//2728 1383//2728 
f 1437//2729 1384//2729 1407//2729 
f 1437//2730 1413//2730 1384//2730 
f 1438//2731 1414//2731 1385//2731 
f 1438//2732 1385//2732 1408//2732 
f 1439//2733 1415//2733 1386//2733 
f 1439//2734 1386//2734 1409//2734 
f 1440//2735 1416//2735 9//2735 
f 1441//2736 1417//2736 1389//2736 
f 1441//2737 1389//2737 1412//2737 
f 1442//2738 1390//2738 1413//2738 
f 1442//2739 1418//2739 1390//2739 
f 1443//2740 1419//2740 1391//2740 
f 1443//2741 1391//2741 1414//2741 
f 1444//2742 1420//2742 1392//2742 
f 1444//2743 1392//2743 1415//2743 
f 1445//2744 1421//2744 1393//2744 
f 1445//2745 1393//2745 1416//2745 
f 1446//2746 1394//2746 1417//2746 
f 1446//2747 1422//2747 1394//2747 
f 1447//2748 1395//2748 1418//2748 
f 1447//2749 1423//2749 1395//2749 
f 1448//2750 1396//2750 1419//2750 
f 1448//2751 1424//2751 1396//2751 
f 1449//2752 1397//2752 1420//2752 
f 1449//2753 1425//2753 1397//2753 
f 1450//2754 1426//2754 1398//2754 
f 1450//2755 1398//2755 1421//2755 
f 1451//2756 1427//2756 1399//2756 
f 1451//2757 1399//2757 1422//2757 
f 1452//2758 1428//2758 1400//2758 
f 1452//2759 1400//2759 1423//2759 
f 1453//2760 1429//2760 1401//2760 
f 1453//2761 1401//2761 1424//2761 
f 1454//2762 1402//2762 1425//2762 
f 1454//2763 1430//2763 1402//2763 
f 1455//2764 1431//2764 1403//2764 
f 1455//2765 1403//2765 1426//2765 
f 1456//2766 1404//2766 1427//2766 
f 1456//2767 1432//2767 1404//2767 
f 1457//2768 1433//2768 1405//2768 
f 1457//2769 1435//2769 1433//2769 
f 1457//2770 1405//2770 1428//2770 
f 1457//2771 1458//2771 1435//2771 
f 1459//2772 1406//2772 1429//2772 
f 1459//2773 1436//2773 1406//2773 
f 1460//2774 1407//2774 1430//2774 
f 1460//2775 1437//2775 1407//2775 
f 1461//2776 1438//2776 1408//2776 
f 1461//2777 1408//2777 1431//2777 
f 1462//2778 1439//2778 1409//2778 
f 1462//2779 1409//2779 1432//2779 
f 1463//2780 1440//2780 9//2780 
f 1464//2781 1412//2781 1436//2781 
f 1464//2782 1441//2782 1412//2782 
f 1465//2783 1442//2783 1413//2783 
f 1465//2784 1413//2784 1437//2784 
f 1466//2785 1443//2785 1414//2785 
f 1466//2786 1414//2786 1438//2786 
f 1467//2787 1415//2787 1439//2787 
f 1467//2788 1444//2788 1415//2788 
f 1468//2789 1416//2789 1440//2789 
f 1468//2790 1445//2790 1416//2790 
f 1469//2791 1417//2791 1441//2791 
f 1469//2792 1446//2792 1417//2792 
f 1470//2793 1418//2793 1442//2793 
f 1470//2794 1447//2794 1418//2794 
f 1471//2795 1448//2795 1419//2795 
f 1471//2796 1419//2796 1443//2796 
f 1472//2797 1420//2797 1444//2797 
f 1472//2798 1449//2798 1420//2798 
f 1473//2799 1421//2799 1445//2799 
f 1473//2800 1450//2800 1421//2800 
f 1474//2801 1422//2801 1446//2801 
f 1474//2802 1451//2802 1422//2802 
f 1475//2803 1452//2803 1423//2803 
f 1475//2804 1423//2804 1447//2804 
f 1476//2805 1453//2805 1424//2805 
f 1476//2806 1424//2806 1448//2806 
f 1477//2807 1425//2807 1449//2807 
f 1477//2808 1454//2808 1425//2808 
f 1478//2809 1426//2809 1450//2809 
f 1478//2810 1455//2810 1426//2810 
f 1479//2811 1456//2811 1427//2811 
f 1479//2812 1427//2812 1451//2812 
f 1480//2813 1458//2813 1457//2813 
f 1480//2814 1428//2814 1452//2814 
f 1480//2815 1481//2815 1458//2815 
f 1480//2816 1482//2816 1481//2816 
f 1480//2817 1457//2817 1428//2817 
f 1483//2818 1459//2818 1429//2818 
f 1483//2819 1429//2819 1453//2819 
f 1484//2820 1460//2820 1430//2820 
f 1484//2821 1430//2821 1454//2821 
f 1485//2822 1431//2822 1455//2822 
f 1485//2823 1461//2823 1431//2823 
f 1486//2824 1432//2824 1456//2824 
f 1486//2825 1462//2825 1432//2825 
f 1487//2826 1463//2826 9//2826 
f 1488//2827 1436//2827 1459//2827 
f 1488//2828 1464//2828 1436//2828 
f 1489//2829 1437//2829 1460//2829 
f 1489//2830 1465//2830 1437//2830 
f 1490//2831 1466//2831 1438//2831 
f 1490//2832 1438//2832 1461//2832 
f 1491//2833 1467//2833 1439//2833 
f 1491//2834 1439//2834 1462//2834 
f 1492//2835 1468//2835 1440//2835 
f 1492//2836 1440//2836 1463//2836 
f 1493//2837 1441//2837 1464//2837 
f 1493//2838 1469//2838 1441//2838 
f 1494//2839 1442//2839 1465//2839 
f 1494//2840 1470//2840 1442//2840 
f 1495//2841 1471//2841 1443//2841 
f 1495//2842 1443//2842 1466//2842 
f 1496//2843 1472//2843 1444//2843 
f 1496//2844 1444//2844 1467//2844 
f 1497//2845 1473//2845 1445//2845 
f 1497//2846 1445//2846 1468//2846 
f 1498//2847 1446//2847 1469//2847 
f 1498//2848 1474//2848 1446//2848 
f 1499//2849 1475//2849 1447//2849 
f 1499//2850 1447//2850 1470//2850 
f 1500//2851 1448//2851 1471//2851 
f 1500//2852 1476//2852 1448//2852 
f 1501//2853 1477//2853 1449//2853 
f 1501//2854 1449//2854 1472//2854 
f 1502//2855 1450//2855 1473//2855 
f 1502//2856 1478//2856 1450//2856 
f 1503//2857 1479//2857 1451//2857 
f 1503//2858 1451//2858 1474//2858 
f 1504//2859 1480//2859 1452//2859 
f 1504//2860 1505//2860 1482//2860 
f 1504//2861 1452//2861 1475//2861 
f 1504//2862 1482//2862 1480//2862 
f 1506//2863 1453//2863 1476//2863 
f 1506//2864 1483//2864 1453//2864 
f 1507//2865 1454//2865 1477//2865 
f 1507//2866 1484//2866 1454//2866 
f 1508//2867 1455//2867 1478//2867 
f 1508//2868 1485//2868 1455//2868 
f 1509//2869 1456//2869 1479//2869 
f 1509//2870 1486//2870 1456//2870 
f 1510//2871 1487//2871 9//2871 
f 1511//2872 1488//2872 1459//2872 
f 1511//2873 1459//2873 1483//2873 
f 1512//2874 1460//2874 1484//2874 
f 1512//2875 1489//2875 1460//2875 
f 1513//2876 1490//2876 1461//2876 
f 1513//2877 1461//2877 1485//2877 
f 1514//2878 1491//2878 1462//2878 
f 1514//2879 1462//2879 1486//2879 
f 1515//2880 1463//2880 1487//2880 
f 1515//2881 1492//2881 1463//2881 
f 1516//2882 1493//2882 1464//2882 
f 1516//2883 1464//2883 1488//2883 
f 1517//2884 1494//2884 1465//2884 
f 1517//2885 1465//2885 1489//2885 
f 1518//2886 1495//2886 1466//2886 
f 1518//2887 1466//2887 1490//2887 
f 1519//2888 1467//2888 1491//2888 
f 1519//2889 1496//2889 1467//2889 
f 1520//2890 1497//2890 1468//2890 
f 1520//2891 1468//2891 1492//2891 
f 1521//2892 1469//2892 1493//2892 
f 1521//2893 1498//2893 1469//2893 
f 1522//2894 1470//2894 1494//2894 
f 1522//2895 1499//2895 1470//2895 
f 1523//2896 1471//2896 1495//2896 
f 1523//2897 1500//2897 1471//2897 
f 1524//2898 1472//2898 1496//2898 
f 1524//2899 1501//2899 1472//2899 
f 1525//2900 1502//2900 1473//2900 
f 1525//2901 1473//2901 1497//2901 
f 1526//2902 1503//2902 1474//2902 
f 1526//2903 1474//2903 1498//2903 
f 1527//2904 1504//2904 1475//2904 
f 1527//2905 1505//2905 1504//2905 
f 1527//2906 1528//2906 1505//2906 
f 1527//2907 1475//2907 1499//2907 
f 1529//2908 1476//2908 1500//2908 
f 1529//2909 1506//2909 1476//2909 
f 1530//2910 1477//2910 1501//2910 
f 1530//2911 1507//2911 1477//2911 
f 1531//2912 1508//2912 1478//2912 
f 1531//2913 1478//2913 1502//2913 
f 1532//2914 1479//2914 1503//2914 
f 1532//2915 1509//2915 1479//2915 
f 1533//2916 1510//2916 9//2916 
f 1534//2917 1483//2917 1506//2917 
f 1534//2918 1511//2918 1483//2918 
f 1535//2919 1484//2919 1507//2919 
f 1535//2920 1512//2920 1484//2920 
f 1536//2921 1513//2921 1485//2921 
f 1536//2922 1485//2922 1508//2922 
f 1537//2923 1486//2923 1509//2923 
f 1537//2924 1514//2924 1486//2924 
f 1538//2925 1515//2925 1487//2925 
f 1538//2926 1487//2926 1510//2926 
f 1539//2927 1488//2927 1511//2927 
f 1539//2928 1516//2928 1488//2928 
f 1540//2929 1489//2929 1512//2929 
f 1540//2930 1517//2930 1489//2930 
f 1541//2931 1490//2931 1513//2931 
f 1541//2932 1518//2932 1490//2932 
f 1542//2933 1519//2933 1491//2933 
f 1542//2934 1491//2934 1514//2934 
f 1543//2935 1492//2935 1515//2935 
f 1543//2936 1520//2936 1492//2936 
f 1544//2937 1521//2937 1493//2937 
f 1544//2938 1493//2938 1516//2938 
f 1545//2939 1522//2939 1494//2939 
f 1545//2940 1494//2940 1517//2940 
f 1546//2941 1495//2941 1518//2941 
f 1546//2942 1523//2942 1495//2942 
f 1547//2943 1496//2943 1519//2943 
f 1547//2944 1524//2944 1496//2944 
f 1548//2945 1525//2945 1497//2945 
f 1548//2946 1497//2946 1520//2946 
f 1549//2947 1498//2947 1521//2947 
f 1549//2948 1526//2948 1498//2948 
f 1550//2949 1528//2949 1527//2949 
f 1550//2950 1527//2950 1499//2950 
f 1550//2951 1551//2951 1528//2951 
f 1550//2952 1552//2952 1551//2952 
f 1550//2953 1499//2953 1522//2953 
f 1553//2954 1500//2954 1523//2954 
f 1553//2955 1529//2955 1500//2955 
f 1554//2956 1501//2956 1524//2956 
f 1554//2957 1530//2957 1501//2957 
f 1555//2958 1531//2958 1502//2958 
f 1555//2959 1502//2959 1525//2959 
f 1556//2960 1503//2960 1526//2960 
f 1556//2961 1532//2961 1503//2961 
f 1557//2962 1533//2962 9//2962 
f 1558//2963 1506//2963 1529//2963 
f 1558//2964 1534//2964 1506//2964 
f 1559//2965 1535//2965 1507//2965 
f 1559//2966 1507//2966 1530//2966 
f 1560//2967 1536//2967 1508//2967 
f 1560//2968 1508//2968 1531//2968 
f 1561//2969 1509//2969 1532//2969 
f 1561//2970 1537//2970 1509//2970 
f 1562//2971 1538//2971 1510//2971 
f 1562//2972 1510//2972 1533//2972 
f 1563//2973 1511//2973 1534//2973 
f 1563//2974 1539//2974 1511//2974 
f 1564//2975 1512//2975 1535//2975 
f 1564//2976 1540//2976 1512//2976 
f 1565//2977 1541//2977 1513//2977 
f 1565//2978 1513//2978 1536//2978 
f 1566//2979 1542//2979 1514//2979 
f 1566//2980 1514//2980 1537//2980 
f 1567//2981 1515//2981 1538//2981 
f 1567//2982 1543//2982 1515//2982 
f 1568//2983 1544//2983 1516//2983 
f 1568//2984 1516//2984 1539//2984 
f 1569//2985 1545//2985 1517//2985 
f 1569//2986 1517//2986 1540//2986 
f 1570//2987 1546//2987 1518//2987 
f 1570//2988 1518//2988 1541//2988 
f 1571//2989 1547//2989 1519//2989 
f 1571//2990 1519//2990 1542//2990 
f 1572//2991 1548//2991 1520//2991 
f 1572//2992 1520//2992 1543//2992 
f 1573//2993 1521//2993 1544//2993 
f 1573//2994 1549//2994 1521//2994 
f 1574//2995 1575//2995 1552//2995 
f 1574//2996 1552//2996 1550//2996 
f 1574//2997 1550//2997 1522//2997 
f 1574//2998 1522//2998 1545//2998 
f 1576//2999 1523//2999 1546//2999 
f 1576//3000 1553//3000 1523//3000 
f 1577//3001 1524//3001 1547//3001 
f 1577//3002 1554//3002 1524//3002 
f 1578//3003 1555//3003 1525//3003 
f 1578//3004 1525//3004 1548//3004 
f 1579//3005 1556//3005 1526//3005 
f 1579//3006 1526//3006 1549//3006 
f 1580//3007 1557//3007 9//3007 
f 1581//3008 1558//3008 1529//3008 
f 1581//3009 1529//3009 1553//3009 
f 1582//3010 1559//3010 1530//3010 
f 1582//3011 1530//3011 1554//3011 
f 1583//3012 1560//3012 1531//3012 
f 1583//3013 1531//3013 1555//3013 
f 1584//3014 1561//3014 1532//3014 
f 1584//3015 1532//3015 1556//3015 
f 1585//3016 1533//3016 1557//3016 
f 1585//3017 1562//3017 1533//3017 
f 1586//3018 1563//3018 1534//3018 
f 1586//3019 1534//3019 1558//3019 
f 1587//3020 1564//3020 1535//3020 
f 1587//3021 1535//3021 1559//3021 
f 1588//3022 1565//3022 1536//3022 
f 1588//3023 1536//3023 1560//3023 
f 1589//3024 1537//3024 1561//3024 
f 1589//3025 1566//3025 1537//3025 
f 1590//3026 1538//3026 1562//3026 
f 1590//3027 1567//3027 1538//3027 
f 1591//3028 1568//3028 1539//3028 
f 1591//3029 1539//3029 1563//3029 
f 1592//3030 1540//3030 1564//3030 
f 1592//3031 1569//3031 1540//3031 
f 1593//3032 1570//3032 1541//3032 
f 1593//3033 1541//3033 1565//3033 
f 1594//3034 1571//3034 1542//3034 
f 1594//3035 1542//3035 1566//3035 
f 1595//3036 1572//3036 1543//3036 
f 1595//3037 1543//3037 1567//3037 
f 1596//3038 1544//3038 1568//3038 
f 1596//3039 1573//3039 1544//3039 
f 1597//3040 1545//3040 1569//3040 
f 1597//3041 1575//3041 1574//3041 
f 1597//3042 1574//3042 1545//3042 
f 1597//3043 1598//3043 1575//3043 
f 1597//3044 1599//3044 1598//3044 
f 1600//3045 1576//3045 1546//3045 
f 1600//3046 1546//3046 1570//3046 
f 1601//3047 1547//3047 1571//3047 
f 1601//3048 1577//3048 1547//3048 
f 1602//3049 1548//3049 1572//3049 
f 1602//3050 1578//3050 1548//3050 
f 1603//3051 1579//3051 1549//3051 
f 1603//3052 1549//3052 1573//3052 
f 1604//3053 1580//3053 9//3053 
f 1605//3054 1581//3054 1553//3054 
f 1605//3055 1553//3055 1576//3055 
f 1606//3056 1554//3056 1577//3056 
f 1606//3057 1582//3057 1554//3057 
f 1607//3058 1583//3058 1555//3058 
f 1607//3059 1555//3059 1578//3059 
f 1608//3060 1556//3060 1579//3060 
f 1608//3061 1584//3061 1556//3061 
f 1609//3062 1585//3062 1557//3062 
f 1609//3063 1557//3063 1580//3063 
f 1610//3064 1558//3064 1581//3064 
f 1610//3065 1586//3065 1558//3065 
f 1611//3066 1587//3066 1559//3066 
f 1611//3067 1559//3067 1582//3067 
f 1612//3068 1560//3068 1583//3068 
f 1612//3069 1588//3069 1560//3069 
f 1613//3070 1561//3070 1584//3070 
f 1613//3071 1589//3071 1561//3071 
f 1614//3072 1590//3072 1562//3072 
f 1614//3073 1562//3073 1585//3073 
f 1615//3074 1563//3074 1586//3074 
f 1615//3075 1591//3075 1563//3075 
f 1616//3076 1592//3076 1564//3076 
f 1616//3077 1564//3077 1587//3077 
f 1617//3078 1593//3078 1565//3078 
f 1617//3079 1565//3079 1588//3079 
f 1618//3080 1594//3080 1566//3080 
f 1618//3081 1566//3081 1589//3081 
f 1619//3082 1567//3082 1590//3082 
f 1619//3083 1595//3083 1567//3083 
f 1620//3084 1568//3084 1591//3084 
f 1620//3085 1596//3085 1568//3085 
f 1621//3086 1599//3086 1597//3086 
f 1621//3087 1597//3087 1569//3087 
f 1621//3088 1569//3088 1592//3088 
f 1621//3089 1622//3089 1599//3089 
f 1623//3090 1570//3090 1593//3090 
f 1623//3091 1600//3091 1570//3091 
f 1624//3092 1571//3092 1594//3092 
f 1624//3093 1601//3093 1571//3093 
f 1625//3094 1602//3094 1572//3094 
f 1625//3095 1572//3095 1595//3095 
f 1626//3096 1573//3096 1596//3096 
f 1626//3097 1603//3097 1573//3097 
f 1627//3098 1604//3098 9//3098 
f 1628//3099 1605//3099 1576//3099 
f 1628//3100 1576//3100 1600//3100 
f 1629//3101 1577//3101 1601//3101 
f 1629//3102 1606//3102 1577//3102 
f 1630//3103 1578//3103 1602//3103 
f 1630//3104 1607//3104 1578//3104 
f 1631//3105 1608//3105 1579//3105 
f 1631//3106 1579//3106 1603//3106 
f 1632//3107 1580//3107 1604//3107 
f 1632//3108 1609//3108 1580//3108 
f 1633//3109 1581//3109 1605//3109 
f 1633//3110 1610//3110 1581//3110 
f 1634//3111 1582//3111 1606//3111 
f 1634//3112 1611//3112 1582//3112 
f 1635//3113 1612//3113 1583//3113 
f 1635//3114 1583//3114 1607//3114 
f 1636//3115 1584//3115 1608//3115 
f 1636//3116 1613//3116 1584//3116 
f 1637//3117 1614//3117 1585//3117 
f 1637//3118 1585//3118 1609//3118 
f 1638//3119 1586//3119 1610//3119 
f 1638//3120 1615//3120 1586//3120 
f 1639//3121 1616//3121 1587//3121 
f 1639//3122 1587//3122 1611//3122 
f 1640//3123 1617//3123 1588//3123 
f 1640//3124 1588//3124 1612//3124 
f 1641//3125 1618//3125 1589//3125 
f 1641//3126 1589//3126 1613//3126 
f 1642//3127 1619//3127 1590//3127 
f 1642//3128 1590//3128 1614//3128 
f 1643//3129 1620//3129 1591//3129 
f 1643//3130 1591//3130 1615//3130 
f 1644//3131 1621//3131 1592//3131 
f 1644//3132 1645//3132 1622//3132 
f 1644//3133 1646//3133 1645//3133 
f 1644//3134 1622//3134 1621//3134 
f 1644//3135 1592//3135 1616//3135 
f 1647//3136 1593//3136 1617//3136 
f 1647//3137 1623//3137 1593//3137 
f 1648//3138 1594//3138 1618//3138 
f 1648//3139 1624//3139 1594//3139 
f 1649//3140 1595//3140 1619//3140 
f 1649//3141 1625//3141 1595//3141 
f 1650//3142 1626//3142 1596//3142 
f 1650//3143 1596//3143 1620//3143 
f 1651//3144 1627//3144 9//3144 
f 1651//3145 9//3145 7//3145 
f 1652//3146 1600//3146 1623//3146 
f 1652//3147 1628//3147 1600//3147 
f 1653//3148 1601//3148 1624//3148 
f 1653//3149 1629//3149 1601//3149 
f 1654//3150 1602//3150 1625//3150 
f 1654//3151 1630//3151 1602//3151 
f 1655//3152 1631//3152 1603//3152 
f 1655//3153 1603//3153 1626//3153 
f 1656//3154 1604//3154 1627//3154 
f 1656//3155 1632//3155 1604//3155 
f 1657//3156 1633//3156 1605//3156 
f 1657//3157 1605//3157 1628//3157 
f 1658//3158 1634//3158 1606//3158 
f 1658//3159 1606//3159 1629//3159 
f 1659//3160 1635//3160 1607//3160 
f 1659//3161 1607//3161 1630//3161 
f 1660//3162 1608//3162 1631//3162 
f 1660//3163 1636//3163 1608//3163 
f 1661//3164 1637//3164 1609//3164 
f 1661//3165 1609//3165 1632//3165 
f 1662//3166 1610//3166 1633//3166 
f 1662//3167 1638//3167 1610//3167 
f 1663//3168 1611//3168 1634//3168 
f 1663//3169 1639//3169 1611//3169 
f 1664//3170 1612//3170 1635//3170 
f 1664//3171 1640//3171 1612//3171 
f 1665//3172 1613//3172 1636//3172 
f 1665//3173 1641//3173 1613//3173 
f 1666//3174 1642//3174 1614//3174 
f 1666//3175 1614//3175 1637//3175 
f 1667//3176 1615//3176 1638//3176 
f 1667//3177 1643//3177 1615//3177 
f 1668//3178 1616//3178 1639//3178 
f 1668//3179 1646//3179 1644//3179 
f 1668//3180 1644//3180 1616//3180 
f 1668//3181 1669//3181 1646//3181 
f 1670//3182 1617//3182 1640//3182 
f 1670//3183 1647//3183 1617//3183 
f 1671//3184 1618//3184 1641//3184 
f 1671//3185 1648//3185 1618//3185 
f 1672//3186 1619//3186 1642//3186 
f 1672//3187 1649//3187 1619//3187 
f 1673//3188 1650//3188 1620//3188 
f 1673//3189 1620//3189 1643//3189 
f 1674//3190 1651//3190 7//3190 
f 1674//3191 7//3191 6//3191 
f 1675//3192 1652//3192 1623//3192 
f 1675//3193 1623//3193 1647//3193 
f 1676//3194 1624//3194 1648//3194 
f 1676//3195 1653//3195 1624//3195 
f 1677//3196 1625//3196 1649//3196 
f 1677//3197 1654//3197 1625//3197 
f 1678//3198 1655//3198 1626//3198 
f 1678//3199 1626//3199 1650//3199 
f 1679//3200 1656//3200 1627//3200 
f 1679//3201 1627//3201 1651//3201 
f 1680//3202 1628//3202 1652//3202 
f 1680//3203 1657//3203 1628//3203 
f 1681//3204 1658//3204 1629//3204 
f 1681//3205 1629//3205 1653//3205 
f 1682//3206 1659//3206 1630//3206 
f 1682//3207 1630//3207 1654//3207 
f 1683//3208 1631//3208 1655//3208 
f 1683//3209 1660//3209 1631//3209 
f 1684//3210 1661//3210 1632//3210 
f 1684//3211 1632//3211 1656//3211 
f 1685//3212 1662//3212 1633//3212 
f 1685//3213 1633//3213 1657//3213 
f 1686//3214 1663//3214 1634//3214 
f 1686//3215 1634//3215 1658//3215 
f 1687//3216 1635//3216 1659//3216 
f 1687//3217 1664//3217 1635//3217 
f 1688//3218 1636//3218 1660//3218 
f 1688//3219 1665//3219 1636//3219 
f 1689//3220 1637//3220 1661//3220 
f 1689//3221 1666//3221 1637//3221 
f 1690//3222 1667//3222 1638//3222 
f 1690//3223 1638//3223 1662//3223 
f 1691//3224 1669//3224 1668//3224 
f 1691//3225 1639//3225 1663//3225 
f 1691//3226 1692//3226 1669//3226 
f 1691//3227 1668//3227 1639//3227 
f 1693//3228 1640//3228 1664//3228 
f 1693//3229 1670//3229 1640//3229 
f 1694//3230 1641//3230 1665//3230 
f 1694//3231 1671//3231 1641//3231 
f 1695//3232 1672//3232 1642//3232 
f 1695//3233 1642//3233 1666//3233 
f 1696//3234 1643//3234 1667//3234 
f 1696//3235 1673//3235 1643//3235 
f 1697//3236 1647//3236 1670//3236 
f 1697//3237 1675//3237 1647//3237 
f 1698//3238 1676//3238 1648//3238 
f 1698//3239 1648//3239 1671//3239 
f 1699//3240 1677//3240 1649//3240 
f 1699//3241 1649//3241 1672//3241 
f 1700//3242 1650//3242 1673//3242 
f 1700//3243 1678//3243 1650//3243 
f 1701//3244 1674//3244 6//3244 
f 1701//3245 1651//3245 1674//3245 
f 1701//3246 6//3246 12//3246 
f 1701//3247 1679//3247 1651//3247 
f 1702//3248 1680//3248 1652//3248 
f 1702//3249 1652//3249 1675//3249 
f 1703//3250 1653//3250 1676//3250 
f 1703//3251 1681//3251 1653//3251 
f 1704//3252 1654//3252 1677//3252 
f 1704//3253 1682//3253 1654//3253 
f 1705//3254 1655//3254 1678//3254 
f 1705//3255 1683//3255 1655//3255 
f 1706//3256 1684//3256 1656//3256 
f 1706//3257 1656//3257 1679//3257 
f 1707//3258 1657//3258 1680//3258 
f 1707//3259 1685//3259 1657//3259 
f 1708//3260 1658//3260 1681//3260 
f 1708//3261 1686//3261 1658//3261 
f 1709//3262 1659//3262 1682//3262 
f 1709//3263 1687//3263 1659//3263 
f 1710//3264 1688//3264 1660//3264 
f 1710//3265 1660//3265 1683//3265 
f 1711//3266 1689//3266 1661//3266 
f 1711//3267 1661//3267 1684//3267 
f 1712//3268 1690//3268 1662//3268 
f 1712//3269 1662//3269 1685//3269 
f 1713//3270 1691//3270 1663//3270 
f 1713//3271 1663//3271 1686//3271 
f 1713//3272 1692//3272 1691//3272 
f 1713//3273 1714//3273 1692//3273 
f 1713//3274 1715//3274 1714//3274 
f 1716//3275 1693//3275 1664//3275 
f 1716//3276 1664//3276 1687//3276 
f 1717//3277 1665//3277 1688//3277 
f 1717//3278 1694//3278 1665//3278 
f 1718//3279 1695//3279 1666//3279 
f 1718//3280 1666//3280 1689//3280 
f 1719//3281 1696//3281 1667//3281 
f 1719//3282 1667//3282 1690//3282 
f 1720//3283 1697//3283 1670//3283 
f 1720//3284 1670//3284 1693//3284 
f 1721//3285 1698//3285 1671//3285 
f 1721//3286 1671//3286 1694//3286 
f 1722//3287 1672//3287 1695//3287 
f 1722//3288 1699//3288 1672//3288 
f 1723//3289 1700//3289 1673//3289 
f 1723//3290 1673//3290 1696//3290 
f 1724//3291 1702//3291 1675//3291 
f 1724//3292 1675//3292 1697//3292 
f 1725//3293 1703//3293 1676//3293 
f 1725//3294 1676//3294 1698//3294 
f 1726//3295 1677//3295 1699//3295 
f 1726//3296 1704//3296 1677//3296 
f 1727//3297 1678//3297 1700//3297 
f 1727//3298 1705//3298 1678//3298 
f 1728//3299 1679//3299 1701//3299 
f 1728//3300 1706//3300 1679//3300 
f 1729//3301 1707//3301 1680//3301 
f 1729//3302 1680//3302 1702//3302 
f 1730//3303 1708//3303 1681//3303 
f 1730//3304 1681//3304 1703//3304 
f 1731//3305 1682//3305 1704//3305 
f 1731//3306 1709//3306 1682//3306 
f 1732//3307 1710//3307 1683//3307 
f 1732//3308 1683//3308 1705//3308 
f 1733//3309 1711//3309 1684//3309 
f 1733//3310 1684//3310 1706//3310 
f 1734//3311 1685//3311 1707//3311 
f 1734//3312 1712//3312 1685//3312 
f 1735//3313 1715//3313 1713//3313 
f 1735//3314 1686//3314 1708//3314 
f 1735//3315 1713//3315 1686//3315 
f 1735//3316 1736//3316 1715//3316 
f 1737//3317 1687//3317 1709//3317 
f 1737//3318 1716//3318 1687//3318 
f 1738//3319 1688//3319 1710//3319 
f 1738//3320 1717//3320 1688//3320 
f 1739//3321 1718//3321 1689//3321 
f 1739//3322 1689//3322 1711//3322 
f 1740//3323 1690//3323 1712//3323 
f 1740//3324 1719//3324 1690//3324 
f 1741//3325 1693//3325 1716//3325 
f 1741//3326 1720//3326 1693//3326 
f 1742//3327 1721//3327 1694//3327 
f 1742//3328 1694//3328 1717//3328 
f 1743//3329 1695//3329 1718//3329 
f 1743//3330 1722//3330 1695//3330 
f 1744//3331 1696//3331 1719//3331 
f 1744//3332 1723//3332 1696//3332 
f 1745//3333 1697//3333 1720//3333 
f 1745//3334 1724//3334 1697//3334 
f 1746//3335 1698//3335 1721//3335 
f 1746//3336 1725//3336 1698//3336 
f 1747//3337 1726//3337 1699//3337 
f 1747//3338 1699//3338 1722//3338 
f 1748//3339 1700//3339 1723//3339 
f 1748//3340 1727//3340 1700//3340 
f 1749//3341 1701//3341 12//3341 
f 1749//3342 1728//3342 1701//3342 
f 1749//3343 17//3343 16//3343 
f 1749//3344 12//3344 17//3344 
f 1750//3345 1702//3345 1724//3345 
f 1750//3346 1729//3346 1702//3346 
f 1751//3347 1730//3347 1703//3347 
f 1751//3348 1703//3348 1725//3348 
f 1752//3349 1704//3349 1726//3349 
f 1752//3350 1731//3350 1704//3350 
f 1753//3351 1732//3351 1705//3351 
f 1753//3352 1705//3352 1727//3352 
f 1754//3353 1706//3353 1728//3353 
f 1754//3354 1733//3354 1706//3354 
f 1755//3355 1707//3355 1729//3355 
f 1755//3356 1734//3356 1707//3356 
f 1756//3357 1735//3357 1708//3357 
f 1756//3358 1736//3358 1735//3358 
f 1756//3359 1757//3359 1736//3359 
f 1756//3360 1708//3360 1730//3360 
f 1758//3361 1737//3361 1709//3361 
f 1758//3362 1709//3362 1731//3362 
f 1759//3363 1710//3363 1732//3363 
f 1759//3364 1738//3364 1710//3364 
f 1760//3365 1711//3365 1733//3365 
f 1760//3366 1739//3366 1711//3366 
f 1761//3367 1740//3367 1712//3367 
f 1761//3368 1712//3368 1734//3368 
f 1762//3369 1741//3369 1716//3369 
f 1762//3370 1716//3370 1737//3370 
f 1763//3371 1742//3371 1717//3371 
f 1763//3372 1717//3372 1738//3372 
f 1764//3373 1718//3373 1739//3373 
f 1764//3374 1743//3374 1718//3374 
f 1765//3375 1719//3375 1740//3375 
f 1765//3376 1744//3376 1719//3376 
f 1766//3377 1720//3377 1741//3377 
f 1766//3378 1745//3378 1720//3378 
f 1767//3379 1746//3379 1721//3379 
f 1767//3380 1721//3380 1742//3380 
f 1768//3381 1722//3381 1743//3381 
f 1768//3382 1747//3382 1722//3382 
f 1769//3383 1723//3383 1744//3383 
f 1769//3384 1748//3384 1723//3384 
f 1770//3385 1750//3385 1724//3385 
f 1770//3386 1724//3386 1745//3386 
f 1771//3387 1751//3387 1725//3387 
f 1771//3388 1725//3388 1746//3388 
f 1772//3389 1726//3389 1747//3389 
f 1772//3390 1752//3390 1726//3390 
f 1773//3391 1753//3391 1727//3391 
f 1773//3392 1727//3392 1748//3392 
f 1774//3393 1754//3393 1728//3393 
f 1774//3394 1728//3394 1749//3394 
f 1774//3395 1749//3395 16//3395 
f 1774//3396 16//3396 25//3396 
f 1775//3397 1755//3397 1729//3397 
f 1775//3398 1729//3398 1750//3398 
f 1776//3399 1730//3399 1751//3399 
f 1776//3400 1757//3400 1756//3400 
f 1776//3401 1777//3401 1757//3401 
f 1776//3402 1778//3402 1777//3402 
f 1776//3403 1756//3403 1730//3403 
f 1779//3404 1731//3404 1752//3404 
f 1779//3405 1758//3405 1731//3405 
f 1780//3406 1759//3406 1732//3406 
f 1780//3407 1732//3407 1753//3407 
f 1781//3408 1760//3408 1733//3408 
f 1781//3409 1733//3409 1754//3409 
f 1782//3410 1734//3410 1755//3410 
f 1782//3411 1761//3411 1734//3411 
f 1783//3412 1762//3412 1737//3412 
f 1783//3413 1737//3413 1758//3413 
f 1784//3414 1738//3414 1759//3414 
f 1784//3415 1763//3415 1738//3415 
f 1785//3416 1764//3416 1739//3416 
f 1785//3417 1739//3417 1760//3417 
f 1786//3418 1740//3418 1761//3418 
f 1786//3419 1765//3419 1740//3419 
f 1787//3420 1766//3420 1741//3420 
f 1787//3421 1741//3421 1762//3421 
f 1788//3422 1767//3422 1742//3422 
f 1788//3423 1742//3423 1763//3423 
f 1789//3424 1743//3424 1764//3424 
f 1789//3425 1768//3425 1743//3425 
f 1790//3426 1744//3426 1765//3426 
f 1790//3427 1769//3427 1744//3427 
f 1791//3428 1745//3428 1766//3428 
f 1791//3429 1770//3429 1745//3429 
f 1792//3430 1746//3430 1767//3430 
f 1792//3431 1771//3431 1746//3431 
f 1793//3432 1772//3432 1747//3432 
f 1793//3433 1747//3433 1768//3433 
f 1794//3434 1773//3434 1748//3434 
f 1794//3435 1748//3435 1769//3435 
f 1795//3436 1775//3436 1750//3436 
f 1795//3437 1750//3437 1770//3437 
f 1796//3438 1778//3438 1776//3438 
f 1796//3439 1751//3439 1771//3439 
f 1796//3440 1776//3440 1751//3440 
f 1796//3441 1797//3441 1778//3441 
f 1798//3442 1752//3442 1772//3442 
f 1798//3443 1779//3443 1752//3443 
f 1799//3444 1780//3444 1753//3444 
f 1799//3445 1753//3445 1773//3445 
f 1800//3446 1781//3446 1754//3446 
f 1800//3447 1754//3447 1774//3447 
f 1801//3448 1755//3448 1775//3448 
f 1801//3449 1782//3449 1755//3449 
f 1802//3450 1783//3450 1758//3450 
f 1802//3451 1758//3451 1779//3451 
f 1803//3452 1784//3452 1759//3452 
f 1803//3453 1759//3453 1780//3453 
f 1804//3454 1785//3454 1760//3454 
f 1804//3455 1760//3455 1781//3455 
f 1805//3456 1761//3456 1782//3456 
f 1805//3457 1786//3457 1761//3457 
f 1806//3458 1787//3458 1762//3458 
f 1806//3459 1762//3459 1783//3459 
f 1807//3460 1763//3460 1784//3460 
f 1807//3461 1788//3461 1763//3461 
f 1808//3462 1764//3462 1785//3462 
f 1808//3463 1789//3463 1764//3463 
f 1809//3464 1790//3464 1765//3464 
f 1809//3465 1765//3465 1786//3465 
f 1810//3466 1766//3466 1787//3466 
f 1810//3467 1791//3467 1766//3467 
f 1811//3468 1767//3468 1788//3468 
f 1811//3469 1792//3469 1767//3469 
f 1812//3470 1793//3470 1768//3470 
f 1812//3471 1768//3471 1789//3471 
f 1813//3472 1794//3472 1769//3472 
f 1813//3473 1769//3473 1790//3473 
f 1814//3474 1795//3474 1770//3474 
f 1814//3475 1770//3475 1791//3475 
f 1815//3476 1796//3476 1771//3476 
f 1815//3477 1797//3477 1796//3477 
f 1815//3478 1816//3478 1797//3478 
f 1815//3479 1817//3479 1816//3479 
f 1815//3480 1771//3480 1792//3480 
f 1818//3481 1798//3481 1772//3481 
f 1818//3482 1772//3482 1793//3482 
f 1819//3483 1773//3483 1794//3483 
f 1819//3484 1799//3484 1773//3484 
f 1820//3485 1774//3485 25//3485 
f 1820//3486 1800//3486 1774//3486 
f 1820//3487 32//3487 31//3487 
f 1820//3488 25//3488 32//3488 
f 1821//3489 1775//3489 1795//3489 
f 1821//3490 1801//3490 1775//3490 
f 1822//3491 1779//3491 1798//3491 
f 1822//3492 1802//3492 1779//3492 
f 1823//3493 1803//3493 1780//3493 
f 1823//3494 1780//3494 1799//3494 
f 1824//3495 1804//3495 1781//3495 
f 1824//3496 1781//3496 1800//3496 
f 1825//3497 1782//3497 1801//3497 
f 1825//3498 1805//3498 1782//3498 
f 1826//3499 1806//3499 1783//3499 
f 1826//3500 1783//3500 1802//3500 
f 1827//3501 1784//3501 1803//3501 
f 1827//3502 1807//3502 1784//3502 
f 1828//3503 1785//3503 1804//3503 
f 1828//3504 1808//3504 1785//3504 
f 1829//3505 1809//3505 1786//3505 
f 1829//3506 1786//3506 1805//3506 
f 1830//3507 1810//3507 1787//3507 
f 1830//3508 1787//3508 1806//3508 
f 1831//3509 1811//3509 1788//3509 
f 1831//3510 1788//3510 1807//3510 
f 1832//3511 1812//3511 1789//3511 
f 1832//3512 1789//3512 1808//3512 
f 1833//3513 1790//3513 1809//3513 
f 1833//3514 1813//3514 1790//3514 
f 1834//3515 1791//3515 1810//3515 
f 1834//3516 1814//3516 1791//3516 
f 1835//3517 1817//3517 1815//3517 
f 1835//3518 1815//3518 1792//3518 
f 1835//3519 1792//3519 1811//3519 
f 1835//3520 1836//3520 1817//3520 
f 1837//3521 1793//3521 1812//3521 
f 1837//3522 1818//3522 1793//3522 
f 1838//3523 1819//3523 1794//3523 
f 1838//3524 1794//3524 1813//3524 
f 1839//3525 1821//3525 1795//3525 
f 1839//3526 1795//3526 1814//3526 
f 1840//3527 1798//3527 1818//3527 
f 1840//3528 1822//3528 1798//3528 
f 1841//3529 1799//3529 1819//3529 
f 1841//3530 1823//3530 1799//3530 
f 1842//3531 1800//3531 1820//3531 
f 1842//3532 1820//3532 31//3532 
f 1842//3533 31//3533 45//3533 
f 1842//3534 1824//3534 1800//3534 
f 1843//3535 1801//3535 1821//3535 
f 1843//3536 1825//3536 1801//3536 
f 1844//3537 1826//3537 1802//3537 
f 1844//3538 1802//3538 1822//3538 
f 1845//3539 1803//3539 1823//3539 
f 1845//3540 1827//3540 1803//3540 
f 1846//3541 1828//3541 1804//3541 
f 1846//3542 1804//3542 1824//3542 
f 1847//3543 1829//3543 1805//3543 
f 1847//3544 1805//3544 1825//3544 
f 1848//3545 1830//3545 1806//3545 
f 1848//3546 1806//3546 1826//3546 
f 1849//3547 1831//3547 1807//3547 
f 1849//3548 1807//3548 1827//3548 
f 1850//3549 1832//3549 1808//3549 
f 1850//3550 1808//3550 1828//3550 
f 1851//3551 1809//3551 1829//3551 
f 1851//3552 1833//3552 1809//3552 
f 1852//3553 1810//3553 1830//3553 
f 1852//3554 1834//3554 1810//3554 
f 1853//3555 1811//3555 1831//3555 
f 1853//3556 1836//3556 1835//3556 
f 1853//3557 1854//3557 1836//3557 
f 1853//3558 1835//3558 1811//3558 
f 1855//3559 1812//3559 1832//3559 
f 1855//3560 1837//3560 1812//3560 
f 1856//3561 1813//3561 1833//3561 
f 1856//3562 1838//3562 1813//3562 
f 1857//3563 1814//3563 1834//3563 
f 1857//3564 1839//3564 1814//3564 
f 1858//3565 1818//3565 1837//3565 
f 1858//3566 1840//3566 1818//3566 
f 1859//3567 1819//3567 1838//3567 
f 1859//3568 1841//3568 1819//3568 
f 1860//3569 1821//3569 1839//3569 
f 1860//3570 1843//3570 1821//3570 
f 1861//3571 1822//3571 1840//3571 
f 1861//3572 1844//3572 1822//3572 
f 1862//3573 1845//3573 1823//3573 
f 1862//3574 1823//3574 1841//3574 
f 1863//3575 1846//3575 1824//3575 
f 1863//3576 1824//3576 1842//3576 
f 1864//3577 1847//3577 1825//3577 
f 1864//3578 1825//3578 1843//3578 
f 1865//3579 1848//3579 1826//3579 
f 1865//3580 1826//3580 1844//3580 
f 1866//3581 1849//3581 1827//3581 
f 1866//3582 1827//3582 1845//3582 
f 1867//3583 1828//3583 1846//3583 
f 1867//3584 1850//3584 1828//3584 
f 1868//3585 1851//3585 1829//3585 
f 1868//3586 1829//3586 1847//3586 
f 1869//3587 1830//3587 1848//3587 
f 1869//3588 1852//3588 1830//3588 
f 1870//3589 1854//3589 1853//3589 
f 1870//3590 1853//3590 1831//3590 
f 1870//3591 1831//3591 1849//3591 
f 1870//3592 1871//3592 1854//3592 
f 1870//3593 1872//3593 1871//3593 
f 1873//3594 1832//3594 1850//3594 
f 1873//3595 1855//3595 1832//3595 
f 1874//3596 1856//3596 1833//3596 
f 1874//3597 1833//3597 1851//3597 
f 1875//3598 1857//3598 1834//3598 
f 1875//3599 1834//3599 1852//3599 
f 1876//3600 1858//3600 1837//3600 
f 1876//3601 1837//3601 1855//3601 
f 1877//3602 1859//3602 1838//3602 
f 1877//3603 1838//3603 1856//3603 
f 1878//3604 1860//3604 1839//3604 
f 1878//3605 1839//3605 1857//3605 
f 1879//3606 1840//3606 1858//3606 
f 1879//3607 1861//3607 1840//3607 
f 1880//3608 1841//3608 1859//3608 
f 1880//3609 1862//3609 1841//3609 
f 1881//3610 1863//3610 1842//3610 
f 1881//3611 45//3611 54//3611 
f 1881//3612 1842//3612 45//3612 
f 1882//3613 1843//3613 1860//3613 
f 1882//3614 1864//3614 1843//3614 
f 1883//3615 1865//3615 1844//3615 
f 1883//3616 1844//3616 1861//3616 
f 1884//3617 1845//3617 1862//3617 
f 1884//3618 1866//3618 1845//3618 
f 1885//3619 1846//3619 1863//3619 
f 1885//3620 1867//3620 1846//3620 
f 1886//3621 1847//3621 1864//3621 
f 1886//3622 1868//3622 1847//3622 
f 1887//3623 1869//3623 1848//3623 
f 1887//3624 1848//3624 1865//3624 
f 1888//3625 1849//3625 1866//3625 
f 1888//3626 1870//3626 1849//3626 
f 1888//3627 1872//3627 1870//3627 
f 1888//3628 1889//3628 1872//3628 
f 1890//3629 1873//3629 1850//3629 
f 1890//3630 1850//3630 1867//3630 
f 1891//3631 1851//3631 1868//3631 
f 1891//3632 1874//3632 1851//3632 
f 1892//3633 1852//3633 1869//3633 
f 1892//3634 1875//3634 1852//3634 
f 1893//3635 1855//3635 1873//3635 
f 1893//3636 1876//3636 1855//3636 
f 1894//3637 1877//3637 1856//3637 
f 1894//3638 1856//3638 1874//3638 
f 1895//3639 1878//3639 1857//3639 
f 1895//3640 1857//3640 1875//3640 
f 1896//3641 1879//3641 1858//3641 
f 1896//3642 1858//3642 1876//3642 
f 1897//3643 1859//3643 1877//3643 
f 1897//3644 1880//3644 1859//3644 
f 1898//3645 1860//3645 1878//3645 
f 1898//3646 1882//3646 1860//3646 
f 1899//3647 1883//3647 1861//3647 
f 1899//3648 1861//3648 1879//3648 
f 1900//3649 1862//3649 1880//3649 
f 1900//3650 1884//3650 1862//3650 
f 1901//3651 1863//3651 1881//3651 
f 1901//3652 1885//3652 1863//3652 
f 1901//3653 72//3653 71//3653 
f 1901//3654 54//3654 72//3654 
f 1901//3655 1881//3655 54//3655 
f 1902//3656 1864//3656 1882//3656 
f 1902//3657 1886//3657 1864//3657 
f 1903//3658 1887//3658 1865//3658 
f 1903//3659 1865//3659 1883//3659 
f 1904//3660 1889//3660 1888//3660 
f 1904//3661 1888//3661 1866//3661 
f 1904//3662 1866//3662 1884//3662 
f 1904//3663 1905//3663 1889//3663 
f 1904//3664 1906//3664 1905//3664 
f 1907//3665 1890//3665 1867//3665 
f 1907//3666 1867//3666 1885//3666 
f 1908//3667 1868//3667 1886//3667 
f 1908//3668 1891//3668 1868//3668 
f 1909//3669 1892//3669 1869//3669 
f 1909//3670 1869//3670 1887//3670 
f 1910//3671 1893//3671 1873//3671 
f 1910//3672 1873//3672 1890//3672 
f 1911//3673 1874//3673 1891//3673 
f 1911//3674 1894//3674 1874//3674 
f 1912//3675 1875//3675 1892//3675 
f 1912//3676 1895//3676 1875//3676 
f 1913//3677 1896//3677 1876//3677 
f 1913//3678 1876//3678 1893//3678 
f 1914//3679 1877//3679 1894//3679 
f 1914//3680 1897//3680 1877//3680 
f 1915//3681 1898//3681 1878//3681 
f 1915//3682 1878//3682 1895//3682 
f 1916//3683 1899//3683 1879//3683 
f 1916//3684 1879//3684 1896//3684 
f 1917//3685 1900//3685 1880//3685 
f 1917//3686 1880//3686 1897//3686 
f 1918//3687 1882//3687 1898//3687 
f 1918//3688 1902//3688 1882//3688 
f 1919//3689 1903//3689 1883//3689 
f 1919//3690 1883//3690 1899//3690 
f 1920//3691 1884//3691 1900//3691 
f 1920//3692 1906//3692 1904//3692 
f 1920//3693 1904//3693 1884//3693 
f 1920//3694 1921//3694 1906//3694 
f 1922//3695 1885//3695 1901//3695 
f 1922//3696 1907//3696 1885//3696 
f 1923//3697 1886//3697 1902//3697 
f 1923//3698 1908//3698 1886//3698 
f 1924//3699 1909//3699 1887//3699 
f 1924//3700 1887//3700 1903//3700 
f 1925//3701 1910//3701 1890//3701 
f 1925//3702 1890//3702 1907//3702 
f 1926//3703 1911//3703 1891//3703 
f 1926//3704 1891//3704 1908//3704 
f 1927//3705 1892//3705 1909//3705 
f 1927//3706 1912//3706 1892//3706 
f 1928//3707 1893//3707 1910//3707 
f 1928//3708 1913//3708 1893//3708 
f 1929//3709 1914//3709 1894//3709 
f 1929//3710 1894//3710 1911//3710 
f 1930//3711 1895//3711 1912//3711 
f 1930//3712 1915//3712 1895//3712 
f 1931//3713 1896//3713 1913//3713 
f 1931//3714 1916//3714 1896//3714 
f 1932//3715 1917//3715 1897//3715 
f 1932//3716 1897//3716 1914//3716 
f 1933//3717 1898//3717 1915//3717 
f 1933//3718 1918//3718 1898//3718 
f 1934//3719 1919//3719 1899//3719 
f 1934//3720 1899//3720 1916//3720 
f 1935//3721 1921//3721 1920//3721 
f 1935//3722 1920//3722 1900//3722 
f 1935//3723 1900//3723 1917//3723 
f 1935//3724 1936//3724 1921//3724 
f 1937//3725 1901//3725 71//3725 
f 1937//3726 1922//3726 1901//3726 
f 1937//3727 71//3727 83//3727 
f 1938//3728 1923//3728 1902//3728 
f 1938//3729 1902//3729 1918//3729 
f 1939//3730 1924//3730 1903//3730 
f 1939//3731 1903//3731 1919//3731 
f 1940//3732 1907//3732 1922//3732 
f 1940//3733 1925//3733 1907//3733 
f 1941//3734 1908//3734 1923//3734 
f 1941//3735 1926//3735 1908//3735 
f 1942//3736 1927//3736 1909//3736 
f 1942//3737 1909//3737 1924//3737 
f 1943//3738 1910//3738 1925//3738 
f 1943//3739 1928//3739 1910//3739 
f 1944//3740 1929//3740 1911//3740 
f 1944//3741 1911//3741 1926//3741 
f 1945//3742 1930//3742 1912//3742 
f 1945//3743 1912//3743 1927//3743 
f 1946//3744 1913//3744 1928//3744 
f 1946//3745 1931//3745 1913//3745 
f 1947//3746 1932//3746 1914//3746 
f 1947//3747 1914//3747 1929//3747 
f 1948//3748 1915//3748 1930//3748 
f 1948//3749 1933//3749 1915//3749 
f 1949//3750 1934//3750 1916//3750 
f 1949//3751 1916//3751 1931//3751 
f 1950//3752 1935//3752 1917//3752 
f 1950//3753 1917//3753 1932//3753 
f 1950//3754 1936//3754 1935//3754 
f 1950//3755 1951//3755 1936//3755 
f 1950//3756 1952//3756 1951//3756 
f 1953//3757 1938//3757 1918//3757 
f 1953//3758 1918//3758 1933//3758 
f 1954//3759 1919//3759 1934//3759 
f 1954//3760 1939//3760 1919//3760 
f 1955//3761 1940//3761 1922//3761 
f 1955//3762 1937//3762 83//3762 
f 1955//3763 1922//3763 1937//3763 
f 1955//3764 106//3764 105//3764 
f 1955//3765 83//3765 106//3765 
f 1956//3766 1941//3766 1923//3766 
f 1956//3767 1923//3767 1938//3767 
f 1957//3768 1924//3768 1939//3768 
f 1957//3769 1942//3769 1924//3769 
f 1958//3770 1943//3770 1925//3770 
f 1958//3771 1925//3771 1940//3771 
f 1959//3772 1926//3772 1941//3772 
f 1959//3773 1944//3773 1926//3773 
f 1960//3774 1927//3774 1942//3774 
f 1960//3775 1945//3775 1927//3775 
f 1961//3776 1946//3776 1928//3776 
f 1961//3777 1928//3777 1943//3777 
f 1962//3778 1947//3778 1929//3778 
f 1962//3779 1929//3779 1944//3779 
f 1963//3780 1930//3780 1945//3780 
f 1963//3781 1948//3781 1930//3781 
f 1964//3782 1949//3782 1931//3782 
f 1964//3783 1931//3783 1946//3783 
f 1965//3784 1932//3784 1947//3784 
f 1965//3785 1952//3785 1950//3785 
f 1965//3786 1950//3786 1932//3786 
f 1965//3787 1966//3787 1952//3787 
f 1967//3788 1933//3788 1948//3788 
f 1967//3789 1953//3789 1933//3789 
f 1968//3790 1934//3790 1949//3790 
f 1968//3791 1954//3791 1934//3791 
f 1969//3792 1938//3792 1953//3792 
f 1969//3793 1956//3793 1938//3793 
f 1970//3794 1939//3794 1954//3794 
f 1970//3795 1957//3795 1939//3795 
f 1971//3796 1940//3796 1955//3796 
f 1971//3797 1958//3797 1940//3797 
f 1972//3798 1959//3798 1941//3798 
f 1972//3799 1941//3799 1956//3799 
f 1973//3800 1960//3800 1942//3800 
f 1973//3801 1942//3801 1957//3801 
f 1974//3802 1943//3802 1958//3802 
f 1974//3803 1961//3803 1943//3803 
f 1975//3804 1944//3804 1959//3804 
f 1975//3805 1962//3805 1944//3805 
f 1976//3806 1963//3806 1945//3806 
f 1976//3807 1945//3807 1960//3807 
f 1977//3808 1964//3808 1946//3808 
f 1977//3809 1946//3809 1961//3809 
f 1978//3810 1966//3810 1965//3810 
f 1978//3811 1947//3811 1962//3811 
f 1978//3812 1965//3812 1947//3812 
f 1978//3813 1979//3813 1966//3813 
f 1978//3814 1980//3814 1979//3814 
f 1981//3815 1967//3815 1948//3815 
f 1981//3816 1948//3816 1963//3816 
f 1982//3817 1968//3817 1949//3817 
f 1982//3818 1949//3818 1964//3818 
f 1983//3819 1953//3819 1967//3819 
f 1983//3820 1969//3820 1953//3820 
f 1984//3821 1954//3821 1968//3821 
f 1984//3822 1970//3822 1954//3822 
f 1985//3823 1971//3823 1955//3823 
f 1985//3824 105//3824 120//3824 
f 1985//3825 1955//3825 105//3825 
f 1986//3826 1956//3826 1969//3826 
f 1986//3827 1972//3827 1956//3827 
f 1987//3828 1973//3828 1957//3828 
f 1987//3829 1957//3829 1970//3829 
f 1988//3830 1958//3830 1971//3830 
f 1988//3831 1974//3831 1958//3831 
f 1989//3832 1959//3832 1972//3832 
f 1989//3833 1975//3833 1959//3833 
f 1990//3834 1960//3834 1973//3834 
f 1990//3835 1976//3835 1960//3835 
f 1991//3836 1961//3836 1974//3836 
f 1991//3837 1977//3837 1961//3837 
f 1992//3838 1962//3838 1975//3838 
f 1992//3839 1980//3839 1978//3839 
f 1992//3840 1978//3840 1962//3840 
f 1992//3841 1993//3841 1980//3841 
f 1994//3842 1981//3842 1963//3842 
f 1994//3843 1963//3843 1976//3843 
f 1995//3844 1964//3844 1977//3844 
f 1995//3845 1982//3845 1964//3845 
f 1996//3846 1967//3846 1981//3846 
f 1996//3847 1983//3847 1967//3847 
f 1997//3848 1968//3848 1982//3848 
f 1997//3849 1984//3849 1968//3849 
f 1998//3850 1986//3850 1969//3850 
f 1998//3851 1969//3851 1983//3851 
f 1999//3852 1970//3852 1984//3852 
f 1999//3853 1987//3853 1970//3853 
f 2000//3854 1971//3854 1985//3854 
f 2000//3855 1988//3855 1971//3855 
f 2000//3856 120//3856 146//3856 
f 2000//3857 1985//3857 120//3857 
f 2001//3858 1972//3858 1986//3858 
f 2001//3859 1989//3859 1972//3859 
f 2002//3860 1990//3860 1973//3860 
f 2002//3861 1973//3861 1987//3861 
f 2003//3862 1991//3862 1974//3862 
f 2003//3863 1974//3863 1988//3863 
f 2004//3864 2005//3864 1993//3864 
f 2004//3865 2006//3865 2005//3865 
f 2004//3866 1992//3866 1975//3866 
f 2004//3867 1993//3867 1992//3867 
f 2004//3868 1975//3868 1989//3868 
f 2007//3869 1976//3869 1990//3869 
f 2007//3870 1994//3870 1976//3870 
f 2008//3871 1977//3871 1991//3871 
f 2008//3872 1995//3872 1977//3872 
f 2009//3873 1996//3873 1981//3873 
f 2009//3874 1981//3874 1994//3874 
f 2010//3875 1982//3875 1995//3875 
f 2010//3876 1997//3876 1982//3876 
f 2011//3877 1983//3877 1996//3877 
f 2011//3878 1998//3878 1983//3878 
f 2012//3879 1999//3879 1984//3879 
f 2012//3880 1984//3880 1997//3880 
f 2013//3881 1986//3881 1998//3881 
f 2013//3882 2001//3882 1986//3882 
f 2014//3883 2002//3883 1987//3883 
f 2014//3884 1987//3884 1999//3884 
f 2015//3885 2003//3885 1988//3885 
f 2015//3886 1988//3886 2000//3886 
f 2016//3887 2017//3887 2006//3887 
f 2016//3888 1989//3888 2001//3888 
f 2016//3889 2004//3889 1989//3889 
f 2016//3890 2006//3890 2004//3890 
f 2018//3891 1990//3891 2002//3891 
f 2018//3892 2007//3892 1990//3892 
f 2019//3893 2008//3893 1991//3893 
f 2019//3894 1991//3894 2003//3894 
f 2020//3895 2009//3895 1994//3895 
f 2020//3896 1994//3896 2007//3896 
f 2021//3897 1995//3897 2008//3897 
f 2021//3898 2010//3898 1995//3898 
f 2022//3899 1996//3899 2009//3899 
f 2022//3900 2011//3900 1996//3900 
f 2023//3901 2012//3901 1997//3901 
f 2023//3902 1997//3902 2010//3902 
f 2024//3903 1998//3903 2011//3903 
f 2024//3904 2013//3904 1998//3904 
f 2025//3905 1999//3905 2012//3905 
f 2025//3906 2014//3906 1999//3906 
f 2026//3907 2000//3907 146//3907 
f 2026//3908 163//3908 162//3908 
f 2026//3909 146//3909 163//3909 
f 2026//3910 2015//3910 2000//3910 
f 2027//3911 2028//3911 2017//3911 
f 2027//3912 2001//3912 2013//3912 
f 2027//3913 2017//3913 2016//3913 
f 2027//3914 2016//3914 2001//3914 
f 2029//3915 2018//3915 2002//3915 
f 2029//3916 2002//3916 2014//3916 
f 2030//3917 2019//3917 2003//3917 
f 2030//3918 2003//3918 2015//3918 
f 2031//3919 2007//3919 2018//3919 
f 2031//3920 2020//3920 2007//3920 
f 2032//3921 2008//3921 2019//3921 
f 2032//3922 2021//3922 2008//3922 
f 2033//3923 2009//3923 2020//3923 
f 2033//3924 2022//3924 2009//3924 
f 2034//3925 2023//3925 2010//3925 
f 2034//3926 2010//3926 2021//3926 
f 2035//3927 2011//3927 2022//3927 
f 2035//3928 2024//3928 2011//3928 
f 2036//3929 2012//3929 2023//3929 
f 2036//3930 2025//3930 2012//3930 
f 2037//3931 2038//3931 2028//3931 
f 2037//3932 2039//3932 2038//3932 
f 2037//3933 2013//3933 2024//3933 
f 2037//3934 2028//3934 2027//3934 
f 2037//3935 2027//3935 2013//3935 
f 2040//3936 2014//3936 2025//3936 
f 2040//3937 2029//3937 2014//3937 
f 2041//3938 2030//3938 2015//3938 
f 2041//3939 162//3939 193//3939 
f 2041//3940 2026//3940 162//3940 
f 2041//3941 2015//3941 2026//3941 
f 2042//3942 2018//3942 2029//3942 
f 2042//3943 2031//3943 2018//3943 
f 2043//3944 2019//3944 2030//3944 
f 2043//3945 2032//3945 2019//3945 
f 2044//3946 2033//3946 2020//3946 
f 2044//3947 2020//3947 2031//3947 
f 2045//3948 2034//3948 2021//3948 
f 2045//3949 2021//3949 2032//3949 
f 2046//3950 2035//3950 2022//3950 
f 2046//3951 2022//3951 2033//3951 
f 2047//3952 2023//3952 2034//3952 
f 2047//3953 2036//3953 2023//3953 
f 2048//3954 2049//3954 2039//3954 
f 2048//3955 2024//3955 2035//3955 
f 2048//3956 2037//3956 2024//3956 
f 2048//3957 2039//3957 2037//3957 
f 2050//3958 2040//3958 2025//3958 
f 2050//3959 2025//3959 2036//3959 
f 2051//3960 2029//3960 2040//3960 
f 2051//3961 2042//3961 2029//3961 
f 2052//3962 2043//3962 2030//3962 
f 2052//3963 2030//3963 2041//3963 
f 2053//3964 2044//3964 2031//3964 
f 2053//3965 2031//3965 2042//3965 
f 2054//3966 2032//3966 2043//3966 
f 2054//3967 2045//3967 2032//3967 
f 2055//3968 2046//3968 2033//3968 
f 2055//3969 2033//3969 2044//3969 
f 2056//3970 2047//3970 2034//3970 
f 2056//3971 2034//3971 2045//3971 
f 2057//3972 2058//3972 2049//3972 
f 2057//3973 2049//3973 2048//3973 
f 2057//3974 2035//3974 2046//3974 
f 2057//3975 2048//3975 2035//3975 
f 2059//3976 2050//3976 2036//3976 
f 2059//3977 2036//3977 2047//3977 
f 2060//3978 2040//3978 2050//3978 
f 2060//3979 2051//3979 2040//3979 
f 2061//3980 2052//3980 2041//3980 
f 2061//3981 2041//3981 193//3981 
f 2061//3982 213//3982 212//3982 
f 2061//3983 193//3983 213//3983 
f 2062//3984 2042//3984 2051//3984 
f 2062//3985 2053//3985 2042//3985 
f 2063//3986 2054//3986 2043//3986 
f 2063//3987 2043//3987 2052//3987 
f 2064//3988 2044//3988 2053//3988 
f 2064//3989 2055//3989 2044//3989 
f 2065//3990 2045//3990 2054//3990 
f 2065//3991 2056//3991 2045//3991 
f 2066//3992 2067//3992 2058//3992 
f 2066//3993 2068//3993 2067//3993 
f 2066//3994 2058//3994 2057//3994 
f 2066//3995 2046//3995 2055//3995 
f 2066//3996 2057//3996 2046//3996 
f 2069//3997 2059//3997 2047//3997 
f 2069//3998 2047//3998 2056//3998 
f 2070//3999 2050//3999 2059//3999 
f 2070//4000 2060//4000 2050//4000 
f 2071//4001 2051//4001 2060//4001 
f 2071//4002 2062//4002 2051//4002 
f 2072//4003 2063//4003 2052//4003 
f 2072//4004 2052//4004 2061//4004 
f 2072//4005 2061//4005 212//4005 
f 2072//4006 212//4006 248//4006 
f 2073//4007 2053//4007 2062//4007 
f 2073//4008 2064//4008 2053//4008 
f 2074//4009 2054//4009 2063//4009 
f 2074//4010 2065//4010 2054//4010 
f 2075//4011 2076//4011 2068//4011 
f 2075//4012 2066//4012 2055//4012 
f 2075//4013 2055//4013 2064//4013 
f 2075//4014 2068//4014 2066//4014 
f 2077//4015 2056//4015 2065//4015 
f 2077//4016 2069//4016 2056//4016 
f 2078//4017 2070//4017 2059//4017 
f 2078//4018 2059//4018 2069//4018 
f 2079//4019 2071//4019 2060//4019 
f 2079//4020 2060//4020 2070//4020 
f 2080//4021 2073//4021 2062//4021 
f 2080//4022 2062//4022 2071//4022 
f 2081//4023 2074//4023 2063//4023 
f 2081//4024 2063//4024 2072//4024 
f 2082//4025 2064//4025 2073//4025 
f 2082//4026 2083//4026 2076//4026 
f 2082//4027 2084//4027 2083//4027 
f 2082//4028 2075//4028 2064//4028 
f 2082//4029 2076//4029 2075//4029 
f 2085//4030 2065//4030 2074//4030 
f 2085//4031 2077//4031 2065//4031 
f 2086//4032 2069//4032 2077//4032 
f 2086//4033 2078//4033 2069//4033 
f 2087//4034 2079//4034 2070//4034 
f 2087//4035 2070//4035 2078//4035 
f 2088//4036 2080//4036 2071//4036 
f 2088//4037 2071//4037 2079//4037 
f 2089//4038 2072//4038 248//4038 
f 2089//4039 2081//4039 2072//4039 
f 2089//4040 248//4040 269//4040 
f 2090//4041 2091//4041 2084//4041 
f 2090//4042 2073//4042 2080//4042 
f 2090//4043 2082//4043 2073//4043 
f 2090//4044 2084//4044 2082//4044 
f 2092//4045 2085//4045 2074//4045 
f 2092//4046 2074//4046 2081//4046 
f 2093//4047 2086//4047 2077//4047 
f 2093//4048 2077//4048 2085//4048 
f 2094//4049 2087//4049 2078//4049 
f 2094//4050 2078//4050 2086//4050 
f 2095//4051 2088//4051 2079//4051 
f 2095//4052 2079//4052 2087//4052 
f 2096//4053 2097//4053 2091//4053 
f 2096//4054 2091//4054 2090//4054 
f 2096//4055 2090//4055 2080//4055 
f 2096//4056 2080//4056 2088//4056 
f 2098//4057 2081//4057 2089//4057 
f 2098//4058 2089//4058 269//4058 
f 2098//4059 2092//4059 2081//4059 
f 2098//4060 309//4060 308//4060 
f 2098//4061 269//4061 309//4061 
f 2099//4062 2093//4062 2085//4062 
f 2099//4063 2085//4063 2092//4063 
f 2100//4064 2086//4064 2093//4064 
f 2100//4065 2094//4065 2086//4065 
f 2101//4066 2095//4066 2087//4066 
f 2101//4067 2087//4067 2094//4067 
f 2102//4068 2103//4068 2097//4068 
f 2102//4069 2104//4069 2103//4069 
f 2102//4070 2097//4070 2096//4070 
f 2102//4071 2088//4071 2095//4071 
f 2102//4072 2096//4072 2088//4072 
f 2105//4073 2099//4073 2092//4073 
f 2105//4074 2092//4074 2098//4074 
f 2106//4075 2100//4075 2093//4075 
f 2106//4076 2093//4076 2099//4076 
f 2107//4077 2094//4077 2100//4077 
f 2107//4078 2101//4078 2094//4078 
f 2108//4079 2109//4079 2104//4079 
f 2108//4080 2104//4080 2102//4080 
f 2108//4081 2102//4081 2095//4081 
f 2108//4082 2095//4082 2101//4082 
f 2110//4083 2098//4083 308//4083 
f 2110//4084 308//4084 333//4084 
f 2110//4085 2105//4085 2098//4085 
f 2111//4086 2106//4086 2099//4086 
f 2111//4087 2099//4087 2105//4087 
f 2112//4088 2100//4088 2106//4088 
f 2112//4089 2107//4089 2100//4089 
f 2113//4090 2114//4090 2109//4090 
f 2113//4091 2115//4091 2114//4091 
f 2113//4092 2101//4092 2107//4092 
f 2113//4093 2109//4093 2108//4093 
f 2113//4094 2108//4094 2101//4094 
f 2116//4095 378//4095 377//4095 
f 2116//4096 333//4096 378//4096 
f 2116//4097 2110//4097 333//4097 
f 2116//4098 2105//4098 2110//4098 
f 2116//4099 2111//4099 2105//4099 
f 2117//4100 2106//4100 2111//4100 
f 2117//4101 2112//4101 2106//4101 
f 2118//4102 2119//4102 2115//4102 
f 2118//4103 2107//4103 2112//4103 
f 2118//4104 2115//4104 2113//4104 
f 2118//4105 2113//4105 2107//4105 
f 2120//4106 2117//4106 2111//4106 
f 2120//4107 2111//4107 2116//4107 
f 2121//4108 2119//4108 2118//4108 
f 2121//4109 2118//4109 2112//4109 
f 2121//4110 2122//4110 2119//4110 
f 2121//4111 2112//4111 2117//4111 
f 2123//4112 2120//4112 2116//4112 
f 2123//4113 377//4113 404//4113 
f 2123//4114 2116//4114 377//4114 
f 2124//4115 2122//4115 2121//4115 
f 2124//4116 2121//4116 2117//4116 
f 2124//4117 2125//4117 2122//4117 
f 2124//4118 2126//4118 2125//4118 
f 2124//4119 2117//4119 2120//4119 
f 2127//4120 2126//4120 2124//4120 
f 2127//4121 2120//4121 2123//4121 
f 2127//4122 2123//4122 404//4122 
f 2127//4123 2124//4123 2120//4123 
f 2127//4124 4//4124 2126//4124 
f 2127//4125 404//4125 3//4125 
f 2127//4126 3//4126 4//4126 
f 2128//4127 2129//4127 2130//4127 
f 2128//4128 2131//4128 2129//4128 
f 2131//4129 2132//4129 2129//4129 
f 2131//4130 2133//4130 2132//4130 
f 2133//4131 2134//4131 2132//4131 
f 2133//4132 2135//4132 2134//4132 
f 2135//4133 2130//4133 2134//4133 
f 2135//4134 2128//4134 2130//4134 
f 2131//4135 2135//4135 2133//4135 
f 2128//4136 2135//4136 2131//4136 
f 2132//4137 1715//4137 1736//4137 
f 1736//4138 1757//4138 2132//4138 
f 2132//4139 1714//4139 1715//4139 
f 1757//4140 1777//4140 2132//4140 
f 2132//4141 1692//4141 1714//4141 
f 1777//4142 1778//4142 2132//4142 
f 2132//4143 1669//4143 1692//4143 
f 1778//4144 1797//4144 2132//4144 
f 2132//4145 1646//4145 1669//4145 
f 1797//4146 1816//4146 2132//4146 
f 2132//4147 1645//4147 1646//4147 
f 1816//4148 1817//4148 2132//4148 
f 2132//4149 1622//4149 1645//4149 
f 1817//4150 1836//4150 2132//4150 
f 2132//4151 1599//4151 1622//4151 
f 1836//4152 1854//4152 2132//4152 
f 2132//4153 1598//4153 1599//4153 
f 1854//4154 1871//4154 2132//4154 
f 2132//4155 1575//4155 1598//4155 
f 1871//4156 1872//4156 2132//4156 
f 2132//4157 1552//4157 1575//4157 
f 1872//4158 1889//4158 2132//4158 
f 2132//4159 1551//4159 1552//4159 
f 1889//4160 1905//4160 2132//4160 
f 2132//4161 1528//4161 1551//4161 
f 1905//4162 1906//4162 2132//4162 
f 2132//4163 1505//4163 1528//4163 
f 1906//4164 1921//4164 2132//4164 
f 2132//4165 1482//4165 1505//4165 
f 1921//4166 1936//4166 2132//4166 
f 2134//4167 1481//4167 2132//4167 
f 2132//4168 1481//4168 1482//4168 
f 2134//4169 1458//4169 1481//4169 
f 2134//4170 1435//4170 1458//4170 
f 2134//4171 1434//4171 1435//4171 
f 2134//4172 1411//4172 1434//4172 
f 2134//4173 1388//4173 1411//4173 
f 2134//4174 1365//4174 1388//4174 
f 2134//4175 1364//4175 1365//4175 
f 2134//4176 1341//4176 1364//4176 
f 2134//4177 1318//4177 1341//4177 
f 2134//4178 1317//4178 1318//4178 
f 2134//4179 1294//4179 1317//4179 
f 2134//4180 1271//4180 1294//4180 
f 2134//4181 1248//4181 1271//4181 
f 2134//4182 1247//4182 1248//4182 
f 2134//4183 1224//4183 1247//4183 
f 2134//4184 1201//4184 1224//4184 
f 2134//4185 1200//4185 1201//4185 
f 2134//4186 1177//4186 1200//4186 
f 2134//4187 1154//4187 1177//4187 
f 2134//4188 1131//4188 1154//4188 
f 2134//4189 1130//4189 1131//4189 
f 2134//4190 1107//4190 1130//4190 
f 2134//4191 1084//4191 1107//4191 
f 2134//4192 1083//4192 1084//4192 
f 2134//4193 1060//4193 1083//4193 
f 2134//4194 1037//4194 1060//4194 
f 2134//4195 1014//4195 1037//4195 
f 2134//4196 1013//4196 1014//4196 
f 2134//4197 990//4197 1013//4197 
f 2134//4198 967//4198 990//4198 
f 2134//4199 966//4199 967//4199 
f 2134//4200 943//4200 966//4200 
f 1966//4201 2129//4201 1952//4201 
f 1979//4202 2129//4202 1966//4202 
f 1980//4203 2129//4203 1979//4203 
f 1993//4204 2129//4204 1980//4204 
f 2005//4205 2129//4205 1993//4205 
f 2006//4206 2129//4206 2005//4206 
f 2017//4207 2129//4207 2006//4207 
f 2028//4208 2129//4208 2017//4208 
f 2038//4209 2129//4209 2028//4209 
f 2039//4210 2129//4210 2038//4210 
f 2049//4211 2129//4211 2039//4211 
f 2058//4212 2129//4212 2049//4212 
f 2067//4213 2129//4213 2058//4213 
f 2068//4214 2129//4214 2067//4214 
f 2076//4215 2129//4215 2068//4215 
f 2083//4216 2129//4216 2076//4216 
f 2084//4217 2129//4217 2083//4217 
f 2091//4218 2129//4218 2084//4218 
f 2097//4219 2129//4219 2091//4219 
f 2103//4220 2129//4220 2097//4220 
f 2104//4221 2129//4221 2103//4221 
f 2109//4222 2129//4222 2104//4222 
f 2114//4223 2129//4223 2109//4223 
f 2115//4224 2129//4224 2114//4224 
f 2119//4225 2129//4225 2115//4225 
f 2122//4226 2129//4226 2119//4226 
f 2125//4227 2129//4227 2122//4227 
f 2126//4228 2129//4228 2125//4228 
f 4//4229 2129//4229 2126//4229 
f 2//4230 2129//4230 4//4230 
f 1936//4231 2129//4231 2132//4231 
f 1951//4232 2129//4232 1936//4232 
f 1952//4233 2129//4233 1951//4233 
f 1//4234 2130//4234 2//4234 
f 452//4235 2130//4235 1//4235 
f 475//4236 2130//4236 452//4236 
f 498//4237 2130//4237 475//4237 
f 499//4238 2130//4238 498//4238 
f 522//4239 2130//4239 499//4239 
f 545//4240 2130//4240 522//4240 
f 546//4241 2130//4241 545//4241 
f 569//4242 2130//4242 546//4242 
f 592//4243 2130//4243 569//4243 
f 593//4244 2130//4244 592//4244 
f 616//4245 2130//4245 593//4245 
f 2134//4246 2130//4246 943//4246 
f 639//4247 2130//4247 616//4247 
f 662//4248 2130//4248 639//4248 
f 2//4249 2130//4249 2129//4249 
f 663//4250 2130//4250 662//4250 
f 686//4251 2130//4251 663//4251 
f 709//4252 2130//4252 686//4252 
f 732//4253 2130//4253 709//4253 
f 733//4254 2130//4254 732//4254 
f 756//4255 2130//4255 733//4255 
f 779//4256 2130//4256 756//4256 
f 780//4257 2130//4257 779//4257 
f 803//4258 2130//4258 780//4258 
f 826//4259 2130//4259 803//4259 
f 849//4260 2130//4260 826//4260 
f 850//4261 2130//4261 849//4261 
f 873//4262 2130//4262 850//4262 
f 896//4263 2130//4263 873//4263 
f 897//4264 2130//4264 896//4264 
f 920//4265 2130//4265 897//4265 
f 943//4266 2130//4266 920//4266 
f 2136//4267 2137//4267 2138//4267 
f 2138//4268 2137//4268 2139//4268 
f 2137//4269 2140//4269 2139//4269 
f 2139//4270 2140//4270 2141//4270 
f 2140//4271 2142//4271 2141//4271 
f 2143//4272 2142//4272 2144//4272 
f 2141//4273 2142//4273 2143//4273 
f 2142//4274 2145//4274 2144//4274 
f 2145//4275 2146//4275 2144//4275 
f 2144//4276 2146//4276 2147//4276 
f 2146//4277 2148//4277 2147//4277 
f 2149//4278 2148//4278 2150//4278 
f 2147//4279 2148//4279 2149//4279 
f 2148//4280 2151//4280 2150//4280 
f 2150//4281 2151//4281 2152//4281 
f 2151//4282 2153//4282 2152//4282 
f 2153//4283 2154//4283 2152//4283 
f 2152//4284 2154//4284 2155//4284 
f 2154//4285 2156//4285 2155//4285 
f 2155//4286 2156//4286 2157//4286 
f 2156//4287 2158//4287 2157//4287 
f 2157//4288 2158//4288 2159//4288 
f 2158//4289 2160//4289 2159//4289 
f 2159//4290 2160//4290 2161//4290 
f 2160//4291 2162//4291 2161//4291 
f 2161//4292 2162//4292 2163//4292 
f 2162//4293 2164//4293 2163//4293 
f 2165//4294 2164//4294 2166//4294 
f 2163//4295 2164//4295 2165//4295 
f 2164//4296 2167//4296 2166//4296 
f 2167//4297 2168//4297 2166//4297 
f 2166//4298 2168//4298 2169//4298 
f 2168//4299 2170//4299 2169//4299 
f 2169//4300 2170//4300 2171//4300 
f 2170//4301 2172//4301 2171//4301 
f 2171//4302 2172//4302 2173//4302 
f 2172//4303 2174//4303 2173//4303 
f 2175//4304 2174//4304 2176//4304 
f 2173//4305 2174//4305 2175//4305 
f 2174//4306 2177//4306 2176//4306 
f 2176//4307 2178//4307 2179//4307 
f 2177//4308 2178//4308 2176//4308 
f 2179//4309 2180//4309 2181//4309 
f 2178//4310 2180//4310 2179//4310 
f 2181//4311 2182//4311 2183//4311 
f 2180//4312 2182//4312 2181//4312 
f 2183//4313 2184//4313 2185//4313 
f 2182//4314 2184//4314 2183//4314 
f 2185//4315 2186//4315 2187//4315 
f 2184//4316 2186//4316 2185//4316 
f 2187//4317 2188//4317 2189//4317 
f 2186//4318 2188//4318 2187//4318 
f 2188//4319 2190//4319 2189//4319 
f 2191//4320 2190//4320 2192//4320 
f 2189//4321 2190//4321 2191//4321 
f 2190//4322 2193//4322 2192//4322 
f 2193//4323 2194//4323 2192//4323 
f 2192//4324 2194//4324 2195//4324 
f 2194//4325 2196//4325 2195//4325 
f 2195//4326 2196//4326 2197//4326 
f 2196//4327 2198//4327 2197//4327 
f 2197//4328 2198//4328 2199//4328 
f 2198//4329 2200//4329 2199//4329 
f 2199//4330 2200//4330 2201//4330 
f 2200//4331 2202//4331 2201//4331 
f 2201//4332 2202//4332 2203//4332 
f 2202//4333 2204//4333 2203//4333 
f 2203//4334 2204//4334 2205//4334 
f 2204//4335 2206//4335 2205//4335 
f 2205//4336 2206//4336 2207//4336 
f 2206//4337 2208//4337 2207//4337 
f 2207//4338 2208//4338 2209//4338 
f 2208//4339 2210//4339 2209//4339 
f 2211//4340 2210//4340 2212//4340 
f 2209//4341 2210//4341 2211//4341 
f 2210//4342 2213//4342 2212//4342 
f 2213//4343 2214//4343 2212//4343 
f 2215//4344 2214//4344 2216//4344 
f 2212//4345 2214//4345 2215//4345 
f 2214//4346 2217//4346 2216//4346 
f 2217//4347 2218//4347 2216//4347 
f 2216//4348 2218//4348 2219//4348 
f 2219//4349 2220//4349 2221//4349 
f 2218//4350 2220//4350 2219//4350 
f 2222//4351 2223//4351 2224//4351 
f 2221//4352 2223//4352 2222//4352 
f 2220//4353 2223//4353 2221//4353 
f 2223//4354 2225//4354 2224//4354 
f 2224//4355 2226//4355 2227//4355 
f 2225//4356 2226//4356 2224//4356 
f 2227//4357 2228//4357 2229//4357 
f 2226//4358 2228//4358 2227//4358 
f 2229//4359 2230//4359 2231//4359 
f 2228//4360 2230//4360 2229//4360 
f 2231//4361 2232//4361 2233//4361 
f 2230//4362 2232//4362 2231//4362 
f 2233//4363 2234//4363 2235//4363 
f 2232//4364 2234//4364 2233//4364 
f 2235//4365 2236//4365 2237//4365 
f 2234//4366 2236//4366 2235//4366 
f 2237//4367 2238//4367 2239//4367 
f 2236//4368 2238//4368 2237//4368 
f 2238//4369 2240//4369 2239//4369 
f 2239//4370 2240//4370 2241//4370 
f 2240//4371 2242//4371 2241//4371 
f 2241//4372 2242//4372 2243//4372 
f 2242//4373 2244//4373 2243//4373 
f 2243//4374 2244//4374 2245//4374 
f 2244//4375 2246//4375 2245//4375 
f 2245//4376 2246//4376 2247//4376 
f 2246//4377 2248//4377 2247//4377 
f 2247//4378 2248//4378 2249//4378 
f 2248//4379 2250//4379 2249//4379 
f 2249//4380 2250//4380 2251//4380 
f 2250//4381 2252//4381 2251//4381 
f 2251//4382 2252//4382 2253//4382 
f 2252//4383 2254//4383 2253//4383 
f 2255//4384 2254//4384 2256//4384 
f 2253//4385 2254//4385 2255//4385 
f 2254//4386 2257//4386 2256//4386 
f 2256//4387 2258//4387 2259//4387 
f 2257//4388 2258//4388 2256//4388 
f 2259//4389 2260//4389 2261//4389 
f 2258//4390 2260//4390 2259//4390 
f 2261//4391 2262//4391 2263//4391 
f 2260//4392 2262//4392 2261//4392 
f 2263//4393 2264//4393 2265//4393 
f 2262//4394 2264//4394 2263//4394 
f 2266//4395 2267//4395 2268//4395 
f 2265//4396 2267//4396 2266//4396 
f 2264//4397 2267//4397 2265//4397 
f 2267//4398 2269//4398 2268//4398 
f 2270//4399 2271//4399 2272//4399 
f 2268//4400 2271//4400 2270//4400 
f 2269//4401 2271//4401 2268//4401 
f 2271//4402 2273//4402 2272//4402 
f 2272//4403 2274//4403 2275//4403 
f 2273//4404 2274//4404 2272//4404 
f 2275//4405 2276//4405 2277//4405 
f 2274//4406 2276//4406 2275//4406 
f 2278//4407 2279//4407 2280//4407 
f 2277//4408 2279//4408 2278//4408 
f 2276//4409 2279//4409 2277//4409 
f 2279//4410 2281//4410 2280//4410 
f 2282//4411 2283//4411 2284//4411 
f 2280//4412 2283//4412 2282//4412 
f 2281//4413 2283//4413 2280//4413 
f 2283//4414 2285//4414 2284//4414 
f 2284//4415 2286//4415 2287//4415 
f 2285//4416 2286//4416 2284//4416 
f 2287//4417 2288//4417 2289//4417 
f 2286//4418 2288//4418 2287//4418 
f 2289//4419 2290//4419 2291//4419 
f 2288//4420 2290//4420 2289//4420 
f 2290//4421 2292//4421 2291//4421 
f 2291//4422 2292//4422 2293//4422 
f 2292//4423 2294//4423 2293//4423 
f 2293//4424 2294//4424 2295//4424 
f 2294//4425 2296//4425 2295//4425 
f 2297//4426 2296//4426 2298//4426 
f 2295//4427 2296//4427 2297//4427 
f 2296//4428 2299//4428 2298//4428 
f 2298//4429 2300//4429 2301//4429 
f 2299//4430 2300//4430 2298//4430 
f 2301//4431 2302//4431 2303//4431 
f 2300//4432 2302//4432 2301//4432 
f 2303//4433 2304//4433 2305//4433 
f 2302//4434 2304//4434 2303//4434 
f 2305//4435 2306//4435 2307//4435 
f 2304//4436 2306//4436 2305//4436 
f 2307//4437 2308//4437 2309//4437 
f 2306//4438 2308//4438 2307//4438 
f 2309//4439 2310//4439 2311//4439 
f 2308//4440 2310//4440 2309//4440 
f 2311//4441 2312//4441 2313//4441 
f 2310//4442 2312//4442 2311//4442 
f 2313//4443 2314//4443 2315//4443 
f 2312//4444 2314//4444 2313//4444 
f 2315//4445 2316//4445 2317//4445 
f 2314//4446 2316//4446 2315//4446 
f 2318//4447 2319//4447 2320//4447 
f 2317//4448 2319//4448 2318//4448 
f 2316//4449 2319//4449 2317//4449 
f 2319//4450 2321//4450 2320//4450 
f 2320//4451 2322//4451 2323//4451 
f 2321//4452 2322//4452 2320//4452 
f 2323//4453 2324//4453 2325//4453 
f 2322//4454 2324//4454 2323//4454 
f 2325//4455 2136//4455 2138//4455 
f 2324//4456 2136//4456 2325//4456 
f 2326//4457 2327//4457 2328//4457 
f 2326//4458 2329//4458 2327//4458 
f 2329//4459 2330//4459 2327//4459 
f 2329//4460 2331//4460 2330//4460 
f 2331//4461 2332//4461 2330//4461 
f 2331//4462 2333//4462 2332//4462 
f 2333//4463 2334//4463 2332//4463 
f 2333//4464 2335//4464 2334//4464 
f 2335//4465 2336//4465 2334//4465 
f 2335//4466 2337//4466 2336//4466 
f 2337//4467 2328//4467 2336//4467 
f 2337//4468 2326//4468 2328//4468 
f 2304//4469 2302//4469 2329//4469 
f 2300//4470 2329//4470 2302//4470 
f 2306//4471 2304//4471 2329//4471 
f 2299//4472 2329//4472 2300//4472 
f 2308//4473 2306//4473 2329//4473 
f 2296//4474 2329//4474 2299//4474 
f 2310//4475 2329//4475 2326//4475 
f 2310//4476 2308//4476 2329//4476 
f 2294//4477 2329//4477 2296//4477 
f 2312//4478 2310//4478 2326//4478 
f 2292//4479 2329//4479 2294//4479 
f 2314//4480 2312//4480 2326//4480 
f 2290//4481 2329//4481 2292//4481 
f 2316//4482 2314//4482 2326//4482 
f 2288//4483 2329//4483 2290//4483 
f 2319//4484 2316//4484 2326//4484 
f 2286//4485 2329//4485 2288//4485 
f 2321//4486 2319//4486 2326//4486 
f 2285//4487 2329//4487 2286//4487 
f 2322//4488 2321//4488 2326//4488 
f 2283//4489 2329//4489 2285//4489 
f 2324//4490 2322//4490 2326//4490 
f 2281//4491 2329//4491 2283//4491 
f 2136//4492 2324//4492 2326//4492 
f 2279//4493 2329//4493 2281//4493 
f 2137//4494 2136//4494 2326//4494 
f 2140//4495 2137//4495 2326//4495 
f 2142//4496 2140//4496 2326//4496 
f 2145//4497 2142//4497 2326//4497 
f 2331//4498 2279//4498 2276//4498 
f 2331//4499 2276//4499 2274//4499 
f 2331//4500 2274//4500 2273//4500 
f 2331//4501 2273//4501 2271//4501 
f 2331//4502 2329//4502 2279//4502 
f 2146//4503 2145//4503 2326//4503 
f 2269//4504 2331//4504 2271//4504 
f 2148//4505 2146//4505 2326//4505 
f 2267//4506 2331//4506 2269//4506 
f 2151//4507 2148//4507 2326//4507 
f 2264//4508 2331//4508 2267//4508 
f 2153//4509 2151//4509 2326//4509 
f 2262//4510 2331//4510 2264//4510 
f 2260//4511 2331//4511 2262//4511 
f 2258//4512 2331//4512 2260//4512 
f 2257//4513 2331//4513 2258//4513 
f 2254//4514 2331//4514 2257//4514 
f 2252//4515 2331//4515 2254//4515 
f 2250//4516 2331//4516 2252//4516 
f 2248//4517 2331//4517 2250//4517 
f 2246//4518 2331//4518 2248//4518 
f 2337//4519 2153//4519 2326//4519 
f 2337//4520 2172//4520 2170//4520 
f 2337//4521 2170//4521 2168//4521 
f 2337//4522 2168//4522 2167//4522 
f 2337//4523 2167//4523 2164//4523 
f 2337//4524 2164//4524 2162//4524 
f 2337//4525 2162//4525 2160//4525 
f 2337//4526 2160//4526 2158//4526 
f 2337//4527 2158//4527 2156//4527 
f 2337//4528 2156//4528 2154//4528 
f 2337//4529 2154//4529 2153//4529 
f 2174//4530 2172//4530 2337//4530 
f 2177//4531 2174//4531 2337//4531 
f 2178//4532 2177//4532 2337//4532 
f 2180//4533 2178//4533 2337//4533 
f 2182//4534 2180//4534 2337//4534 
f 2184//4535 2182//4535 2337//4535 
f 2333//4536 2331//4536 2246//4536 
f 2333//4537 2246//4537 2244//4537 
f 2333//4538 2244//4538 2242//4538 
f 2333//4539 2242//4539 2240//4539 
f 2333//4540 2240//4540 2238//4540 
f 2333//4541 2238//4541 2236//4541 
f 2333//4542 2236//4542 2234//4542 
f 2333//4543 2234//4543 2232//4543 
f 2333//4544 2232//4544 2230//4544 
f 2333//4545 2230//4545 2228//4545 
f 2333//4546 2228//4546 2226//4546 
f 2333//4547 2226//4547 2225//4547 
f 2333//4548 2225//4548 2223//4548 
f 2333//4549 2223//4549 2220//4549 
f 2333//4550 2220//4550 2218//4550 
f 2333//4551 2218//4551 2217//4551 
f 2333//4552 2217//4552 2214//4552 
f 2335//4553 2184//4553 2337//4553 
f 2335//4554 2214//4554 2213//4554 
f 2335//4555 2213//4555 2210//4555 
f 2335//4556 2210//4556 2208//4556 
f 2335//4557 2208//4557 2206//4557 
f 2335//4558 2206//4558 2204//4558 
f 2335//4559 2204//4559 2202//4559 
f 2335//4560 2202//4560 2200//4560 
f 2335//4561 2200//4561 2198//4561 
f 2335//4562 2198//4562 2196//4562 
f 2335//4563 2196//4563 2194//4563 
f 2335//4564 2194//4564 2193//4564 
f 2335//4565 2193//4565 2190//4565 
f 2335//4566 2190//4566 2188//4566 
f 2335//4567 2188//4567 2186//4567 
f 2335//4568 2186//4568 2184//4568 
f 2335//4569 2333//4569 2214//4569 
f 2303//4570 2305//4570 2327//4570 
f 2327//4571 2301//4571 2303//4571 
f 2305//4572 2307//4572 2327//4572 
f 2327//4573 2298//4573 2301//4573 
f 2307//4574 2309//4574 2327//4574 
f 2327//4575 2297//4575 2298//4575 
f 2327//4576 2311//4576 2328//4576 
f 2309//4577 2311//4577 2327//4577 
f 2327//4578 2295//4578 2297//4578 
f 2311//4579 2313//4579 2328//4579 
f 2327//4580 2293//4580 2295//4580 
f 2313//4581 2315//4581 2328//4581 
f 2327//4582 2291//4582 2293//4582 
f 2315//4583 2317//4583 2328//4583 
f 2327//4584 2289//4584 2291//4584 
f 2317//4585 2318//4585 2328//4585 
f 2327//4586 2287//4586 2289//4586 
f 2318//4587 2320//4587 2328//4587 
f 2327//4588 2284//4588 2287//4588 
f 2320//4589 2323//4589 2328//4589 
f 2327//4590 2282//4590 2284//4590 
f 2323//4591 2325//4591 2328//4591 
f 2327//4592 2280//4592 2282//4592 
f 2325//4593 2138//4593 2328//4593 
f 2327//4594 2278//4594 2280//4594 
f 2138//4595 2139//4595 2328//4595 
f 2139//4596 2141//4596 2328//4596 
f 2141//4597 2143//4597 2328//4597 
f 2143//4598 2144//4598 2328//4598 
f 2278//4599 2330//4599 2277//4599 
f 2277//4600 2330//4600 2275//4600 
f 2275//4601 2330//4601 2272//4601 
f 2272//4602 2330//4602 2270//4602 
f 2327//4603 2330//4603 2278//4603 
f 2144//4604 2147//4604 2328//4604 
f 2330//4605 2268//4605 2270//4605 
f 2147//4606 2149//4606 2328//4606 
f 2330//4607 2266//4607 2268//4607 
f 2149//4608 2150//4608 2328//4608 
f 2330//4609 2265//4609 2266//4609 
f 2150//4610 2152//4610 2328//4610 
f 2330//4611 2263//4611 2265//4611 
f 2330//4612 2261//4612 2263//4612 
f 2330//4613 2259//4613 2261//4613 
f 2330//4614 2256//4614 2259//4614 
f 2330//4615 2255//4615 2256//4615 
f 2330//4616 2253//4616 2255//4616 
f 2330//4617 2251//4617 2253//4617 
f 2330//4618 2249//4618 2251//4618 
f 2330//4619 2247//4619 2249//4619 
f 2152//4620 2336//4620 2328//4620 
f 2173//4621 2336//4621 2171//4621 
f 2171//4622 2336//4622 2169//4622 
f 2169//4623 2336//4623 2166//4623 
f 2166//4624 2336//4624 2165//4624 
f 2165//4625 2336//4625 2163//4625 
f 2163//4626 2336//4626 2161//4626 
f 2161//4627 2336//4627 2159//4627 
f 2159//4628 2336//4628 2157//4628 
f 2157//4629 2336//4629 2155//4629 
f 2155//4630 2336//4630 2152//4630 
f 2173//4631 2175//4631 2336//4631 
f 2175//4632 2176//4632 2336//4632 
f 2176//4633 2179//4633 2336//4633 
f 2179//4634 2181//4634 2336//4634 
f 2181//4635 2183//4635 2336//4635 
f 2183//4636 2185//4636 2336//4636 
f 2330//4637 2332//4637 2247//4637 
f 2247//4638 2332//4638 2245//4638 
f 2245//4639 2332//4639 2243//4639 
f 2243//4640 2332//4640 2241//4640 
f 2241//4641 2332//4641 2239//4641 
f 2239//4642 2332//4642 2237//4642 
f 2237//4643 2332//4643 2235//4643 
f 2235//4644 2332//4644 2233//4644 
f 2233//4645 2332//4645 2231//4645 
f 2231//4646 2332//4646 2229//4646 
f 2229//4647 2332//4647 2227//4647 
f 2227//4648 2332//4648 2224//4648 
f 2224//4649 2332//4649 2222//4649 
f 2222//4650 2332//4650 2221//4650 
f 2221//4651 2332//4651 2219//4651 
f 2219//4652 2332//4652 2216//4652 
f 2216//4653 2332//4653 2215//4653 
f 2332//4654 2334//4654 2215//4654 
f 2185//4655 2334//4655 2336//4655 
f 2215//4656 2334//4656 2212//4656 
f 2212//4657 2334//4657 2211//4657 
f 2211//4658 2334//4658 2209//4658 
f 2209//4659 2334//4659 2207//4659 
f 2207//4660 2334//4660 2205//4660 
f 2205//4661 2334//4661 2203//4661 
f 2203//4662 2334//4662 2201//4662 
f 2201//4663 2334//4663 2199//4663 
f 2199//4664 2334//4664 2197//4664 
f 2197//4665 2334//4665 2195//4665 
f 2195//4666 2334//4666 2192//4666 
f 2192//4667 2334//4667 2191//4667 
f 2191//4668 2334//4668 2189//4668 
f 2189//4669 2334//4669 2187//4669 
f 2187//4670 2334//4670 2185//4670 
f 2338//4671 2339//4671 2340//4671 
f 2340//4672 2339//4672 2341//4672 
f 2339//4673 2342//4673 2341//4673 
f 2341//4674 2342//4674 2343//4674 
f 2342//4675 2344//4675 2343//4675 
f 2345//4676 2344//4676 2346//4676 
f 2343//4677 2344//4677 2345//4677 
f 2344//4678 2347//4678 2346//4678 
f 2347//4679 2348//4679 2346//4679 
f 2346//4680 2348//4680 2349//4680 
f 2348//4681 2350//4681 2349//4681 
f 2351//4682 2350//4682 2352//4682 
f 2349//4683 2350//4683 2351//4683 
f 2350//4684 2353//4684 2352//4684 
f 2352//4685 2353//4685 2354//4685 
f 2353//4686 2355//4686 2354//4686 
f 2355//4687 2356//4687 2354//4687 
f 2354//4688 2356//4688 2357//4688 
f 2356//4689 2358//4689 2357//4689 
f 2357//4690 2358//4690 2359//4690 
f 2358//4691 2360//4691 2359//4691 
f 2359//4692 2360//4692 2361//4692 
f 2360//4693 2362//4693 2361//4693 
f 2361//4694 2362//4694 2363//4694 
f 2362//4695 2364//4695 2363//4695 
f 2363//4696 2364//4696 2365//4696 
f 2364//4697 2366//4697 2365//4697 
f 2367//4698 2366//4698 2368//4698 
f 2365//4699 2366//4699 2367//4699 
f 2366//4700 2369//4700 2368//4700 
f 2369//4701 2370//4701 2368//4701 
f 2368//4702 2370//4702 2371//4702 
f 2370//4703 2372//4703 2371//4703 
f 2371//4704 2372//4704 2373//4704 
f 2372//4705 2374//4705 2373//4705 
f 2373//4706 2374//4706 2375//4706 
f 2374//4707 2376//4707 2375//4707 
f 2377//4708 2376//4708 2378//4708 
f 2375//4709 2376//4709 2377//4709 
f 2376//4710 2379//4710 2378//4710 
f 2378//4711 2380//4711 2381//4711 
f 2379//4712 2380//4712 2378//4712 
f 2381//4713 2382//4713 2383//4713 
f 2380//4714 2382//4714 2381//4714 
f 2383//4715 2384//4715 2385//4715 
f 2382//4716 2384//4716 2383//4716 
f 2385//4717 2386//4717 2387//4717 
f 2384//4718 2386//4718 2385//4718 
f 2387//4719 2388//4719 2389//4719 
f 2386//4720 2388//4720 2387//4720 
f 2389//4721 2390//4721 2391//4721 
f 2388//4722 2390//4722 2389//4722 
f 2390//4723 2392//4723 2391//4723 
f 2393//4724 2392//4724 2394//4724 
f 2391//4725 2392//4725 2393//4725 
f 2392//4726 2395//4726 2394//4726 
f 2395//4727 2396//4727 2394//4727 
f 2394//4728 2396//4728 2397//4728 
f 2396//4729 2398//4729 2397//4729 
f 2397//4730 2398//4730 2399//4730 
f 2398//4731 2400//4731 2399//4731 
f 2399//4732 2400//4732 2401//4732 
f 2400//4733 2402//4733 2401//4733 
f 2401//4734 2402//4734 2403//4734 
f 2402//4735 2404//4735 2403//4735 
f 2403//4736 2404//4736 2405//4736 
f 2404//4737 2406//4737 2405//4737 
f 2405//4738 2406//4738 2407//4738 
f 2406//4739 2408//4739 2407//4739 
f 2407//4740 2408//4740 2409//4740 
f 2408//4741 2410//4741 2409//4741 
f 2409//4742 2410//4742 2411//4742 
f 2410//4743 2412//4743 2411//4743 
f 2413//4744 2412//4744 2414//4744 
f 2411//4745 2412//4745 2413//4745 
f 2412//4746 2415//4746 2414//4746 
f 2415//4747 2416//4747 2414//4747 
f 2417//4748 2416//4748 2418//4748 
f 2414//4749 2416//4749 2417//4749 
f 2416//4750 2419//4750 2418//4750 
f 2419//4751 2420//4751 2418//4751 
f 2418//4752 2420//4752 2421//4752 
f 2421//4753 2422//4753 2423//4753 
f 2420//4754 2422//4754 2421//4754 
f 2424//4755 2425//4755 2426//4755 
f 2423//4756 2425//4756 2424//4756 
f 2422//4757 2425//4757 2423//4757 
f 2425//4758 2427//4758 2426//4758 
f 2426//4759 2428//4759 2429//4759 
f 2427//4760 2428//4760 2426//4760 
f 2429//4761 2430//4761 2431//4761 
f 2428//4762 2430//4762 2429//4762 
f 2431//4763 2432//4763 2433//4763 
f 2430//4764 2432//4764 2431//4764 
f 2433//4765 2434//4765 2435//4765 
f 2432//4766 2434//4766 2433//4766 
f 2435//4767 2436//4767 2437//4767 
f 2434//4768 2436//4768 2435//4768 
f 2437//4769 2438//4769 2439//4769 
f 2436//4770 2438//4770 2437//4770 
f 2439//4771 2440//4771 2441//4771 
f 2438//4772 2440//4772 2439//4772 
f 2440//4773 2442//4773 2441//4773 
f 2441//4774 2442//4774 2443//4774 
f 2442//4775 2444//4775 2443//4775 
f 2443//4776 2444//4776 2445//4776 
f 2444//4777 2446//4777 2445//4777 
f 2445//4778 2446//4778 2447//4778 
f 2446//4779 2448//4779 2447//4779 
f 2447//4780 2448//4780 2449//4780 
f 2448//4781 2450//4781 2449//4781 
f 2449//4782 2450//4782 2451//4782 
f 2450//4783 2452//4783 2451//4783 
f 2451//4784 2452//4784 2453//4784 
f 2452//4785 2454//4785 2453//4785 
f 2453//4786 2454//4786 2455//4786 
f 2454//4787 2456//4787 2455//4787 
f 2457//4788 2456//4788 2458//4788 
f 2455//4789 2456//4789 2457//4789 
f 2456//4790 2459//4790 2458//4790 
f 2458//4791 2460//4791 2461//4791 
f 2459//4792 2460//4792 2458//4792 
f 2461//4793 2462//4793 2463//4793 
f 2460//4794 2462//4794 2461//4794 
f 2463//4795 2464//4795 2465//4795 
f 2462//4796 2464//4796 2463//4796 
f 2465//4797 2466//4797 2467//4797 
f 2464//4798 2466//4798 2465//4798 
f 2468//4799 2469//4799 2470//4799 
f 2467//4800 2469//4800 2468//4800 
f 2466//4801 2469//4801 2467//4801 
f 2469//4802 2471//4802 2470//4802 
f 2472//4803 2473//4803 2474//4803 
f 2470//4804 2473//4804 2472//4804 
f 2471//4805 2473//4805 2470//4805 
f 2473//4806 2475//4806 2474//4806 
f 2474//4807 2476//4807 2477//4807 
f 2475//4808 2476//4808 2474//4808 
f 2477//4809 2478//4809 2479//4809 
f 2476//4810 2478//4810 2477//4810 
f 2480//4811 2481//4811 2482//4811 
f 2479//4812 2481//4812 2480//4812 
f 2478//4813 2481//4813 2479//4813 
f 2481//4814 2483//4814 2482//4814 
f 2484//4815 2485//4815 2486//4815 
f 2482//4816 2485//4816 2484//4816 
f 2483//4817 2485//4817 2482//4817 
f 2485//4818 2487//4818 2486//4818 
f 2486//4819 2488//4819 2489//4819 
f 2487//4820 2488//4820 2486//4820 
f 2489//4821 2490//4821 2491//4821 
f 2488//4822 2490//4822 2489//4822 
f 2491//4823 2492//4823 2493//4823 
f 2490//4824 2492//4824 2491//4824 
f 2492//4825 2494//4825 2493//4825 
f 2493//4826 2494//4826 2495//4826 
f 2494//4827 2496//4827 2495//4827 
f 2495//4828 2496//4828 2497//4828 
f 2496//4829 2498//4829 2497//4829 
f 2499//4830 2498//4830 2500//4830 
f 2497//4831 2498//4831 2499//4831 
f 2498//4832 2501//4832 2500//4832 
f 2500//4833 2502//4833 2503//4833 
f 2501//4834 2502//4834 2500//4834 
f 2503//4835 2504//4835 2505//4835 
f 2502//4836 2504//4836 2503//4836 
f 2505//4837 2506//4837 2507//4837 
f 2504//4838 2506//4838 2505//4838 
f 2507//4839 2508//4839 2509//4839 
f 2506//4840 2508//4840 2507//4840 
f 2509//4841 2510//4841 2511//4841 
f 2508//4842 2510//4842 2509//4842 
f 2511//4843 2512//4843 2513//4843 
f 2510//4844 2512//4844 2511//4844 
f 2513//4845 2514//4845 2515//4845 
f 2512//4846 2514//4846 2513//4846 
f 2515//4847 2516//4847 2517//4847 
f 2514//4848 2516//4848 2515//4848 
f 2517//4849 2518//4849 2519//4849 
f 2516//4850 2518//4850 2517//4850 
f 2520//4851 2521//4851 2522//4851 
f 2519//4852 2521//4852 2520//4852 
f 2518//4853 2521//4853 2519//4853 
f 2521//4854 2523//4854 2522//4854 
f 2522//4855 2524//4855 2525//4855 
f 2523//4856 2524//4856 2522//4856 
f 2525//4857 2526//4857 2527//4857 
f 2524//4858 2526//4858 2525//4858 
f 2527//4859 2338//4859 2340//4859 
f 2526//4860 2338//4860 2527//4860 
f 2528//4861 2529//4861 2530//4861 
f 2528//4862 2531//4862 2529//4862 
f 2531//4863 2532//4863 2529//4863 
f 2531//4864 2533//4864 2532//4864 
f 2533//4865 2534//4865 2532//4865 
f 2533//4866 2535//4866 2534//4866 
f 2535//4867 2536//4867 2534//4867 
f 2535//4868 2537//4868 2536//4868 
f 2537//4869 2538//4869 2536//4869 
f 2537//4870 2539//4870 2538//4870 
f 2539//4871 2530//4871 2538//4871 
f 2539//4872 2528//4872 2530//4872 
f 2506//4873 2504//4873 2531//4873 
f 2502//4874 2531//4874 2504//4874 
f 2508//4875 2506//4875 2531//4875 
f 2501//4876 2531//4876 2502//4876 
f 2510//4877 2508//4877 2531//4877 
f 2498//4878 2531//4878 2501//4878 
f 2512//4879 2531//4879 2528//4879 
f 2512//4880 2510//4880 2531//4880 
f 2496//4881 2531//4881 2498//4881 
f 2514//4882 2512//4882 2528//4882 
f 2494//4883 2531//4883 2496//4883 
f 2516//4884 2514//4884 2528//4884 
f 2492//4885 2531//4885 2494//4885 
f 2518//4886 2516//4886 2528//4886 
f 2490//4887 2531//4887 2492//4887 
f 2521//4888 2518//4888 2528//4888 
f 2488//4889 2531//4889 2490//4889 
f 2523//4890 2521//4890 2528//4890 
f 2487//4891 2531//4891 2488//4891 
f 2524//4892 2523//4892 2528//4892 
f 2485//4893 2531//4893 2487//4893 
f 2526//4894 2524//4894 2528//4894 
f 2483//4895 2531//4895 2485//4895 
f 2338//4896 2526//4896 2528//4896 
f 2481//4897 2531//4897 2483//4897 
f 2339//4898 2338//4898 2528//4898 
f 2342//4899 2339//4899 2528//4899 
f 2344//4900 2342//4900 2528//4900 
f 2347//4901 2344//4901 2528//4901 
f 2533//4902 2481//4902 2478//4902 
f 2533//4903 2478//4903 2476//4903 
f 2533//4904 2476//4904 2475//4904 
f 2533//4905 2475//4905 2473//4905 
f 2533//4906 2531//4906 2481//4906 
f 2348//4907 2347//4907 2528//4907 
f 2471//4908 2533//4908 2473//4908 
f 2350//4909 2348//4909 2528//4909 
f 2469//4910 2533//4910 2471//4910 
f 2353//4911 2350//4911 2528//4911 
f 2466//4912 2533//4912 2469//4912 
f 2355//4913 2353//4913 2528//4913 
f 2464//4914 2533//4914 2466//4914 
f 2462//4915 2533//4915 2464//4915 
f 2460//4916 2533//4916 2462//4916 
f 2459//4917 2533//4917 2460//4917 
f 2456//4918 2533//4918 2459//4918 
f 2454//4919 2533//4919 2456//4919 
f 2452//4920 2533//4920 2454//4920 
f 2450//4921 2533//4921 2452//4921 
f 2448//4922 2533//4922 2450//4922 
f 2539//4923 2355//4923 2528//4923 
f 2539//4924 2374//4924 2372//4924 
f 2539//4925 2372//4925 2370//4925 
f 2539//4926 2370//4926 2369//4926 
f 2539//4927 2369//4927 2366//4927 
f 2539//4928 2366//4928 2364//4928 
f 2539//4929 2364//4929 2362//4929 
f 2539//4930 2362//4930 2360//4930 
f 2539//4931 2360//4931 2358//4931 
f 2539//4932 2358//4932 2356//4932 
f 2539//4933 2356//4933 2355//4933 
f 2376//4934 2374//4934 2539//4934 
f 2379//4935 2376//4935 2539//4935 
f 2380//4936 2379//4936 2539//4936 
f 2382//4937 2380//4937 2539//4937 
f 2384//4938 2382//4938 2539//4938 
f 2386//4939 2384//4939 2539//4939 
f 2535//4940 2448//4940 2446//4940 
f 2535//4941 2446//4941 2444//4941 
f 2535//4942 2444//4942 2442//4942 
f 2535//4943 2442//4943 2440//4943 
f 2535//4944 2440//4944 2438//4944 
f 2535//4945 2438//4945 2436//4945 
f 2535//4946 2436//4946 2434//4946 
f 2535//4947 2434//4947 2432//4947 
f 2535//4948 2432//4948 2430//4948 
f 2535//4949 2430//4949 2428//4949 
f 2535//4950 2428//4950 2427//4950 
f 2535//4951 2427//4951 2425//4951 
f 2535//4952 2425//4952 2422//4952 
f 2535//4953 2422//4953 2420//4953 
f 2535//4954 2420//4954 2419//4954 
f 2535//4955 2419//4955 2416//4955 
f 2535//4956 2533//4956 2448//4956 
f 2537//4957 2386//4957 2539//4957 
f 2537//4958 2535//4958 2416//4958 
f 2537//4959 2416//4959 2415//4959 
f 2537//4960 2415//4960 2412//4960 
f 2537//4961 2412//4961 2410//4961 
f 2537//4962 2410//4962 2408//4962 
f 2537//4963 2408//4963 2406//4963 
f 2537//4964 2406//4964 2404//4964 
f 2537//4965 2404//4965 2402//4965 
f 2537//4966 2402//4966 2400//4966 
f 2537//4967 2400//4967 2398//4967 
f 2537//4968 2398//4968 2396//4968 
f 2537//4969 2396//4969 2395//4969 
f 2537//4970 2395//4970 2392//4970 
f 2537//4971 2392//4971 2390//4971 
f 2537//4972 2390//4972 2388//4972 
f 2537//4973 2388//4973 2386//4973 
f 2505//4974 2507//4974 2529//4974 
f 2529//4975 2503//4975 2505//4975 
f 2507//4976 2509//4976 2529//4976 
f 2529//4977 2500//4977 2503//4977 
f 2509//4978 2511//4978 2529//4978 
f 2529//4979 2499//4979 2500//4979 
f 2529//4980 2513//4980 2530//4980 
f 2511//4981 2513//4981 2529//4981 
f 2529//4982 2497//4982 2499//4982 
f 2513//4983 2515//4983 2530//4983 
f 2529//4984 2495//4984 2497//4984 
f 2515//4985 2517//4985 2530//4985 
f 2529//4986 2493//4986 2495//4986 
f 2517//4987 2519//4987 2530//4987 
f 2529//4988 2491//4988 2493//4988 
f 2519//4989 2520//4989 2530//4989 
f 2529//4990 2489//4990 2491//4990 
f 2520//4991 2522//4991 2530//4991 
f 2529//4992 2486//4992 2489//4992 
f 2522//4993 2525//4993 2530//4993 
f 2529//4994 2484//4994 2486//4994 
f 2525//4995 2527//4995 2530//4995 
f 2529//4996 2482//4996 2484//4996 
f 2527//4997 2340//4997 2530//4997 
f 2529//4998 2480//4998 2482//4998 
f 2340//4999 2341//4999 2530//4999 
f 2341//5000 2343//5000 2530//5000 
f 2343//5001 2345//5001 2530//5001 
f 2345//5002 2346//5002 2530//5002 
f 2480//5003 2532//5003 2479//5003 
f 2479//5004 2532//5004 2477//5004 
f 2477//5005 2532//5005 2474//5005 
f 2474//5006 2532//5006 2472//5006 
f 2529//5007 2532//5007 2480//5007 
f 2346//5008 2349//5008 2530//5008 
f 2532//5009 2470//5009 2472//5009 
f 2349//5010 2351//5010 2530//5010 
f 2532//5011 2468//5011 2470//5011 
f 2351//5012 2352//5012 2530//5012 
f 2532//5013 2467//5013 2468//5013 
f 2352//5014 2354//5014 2530//5014 
f 2532//5015 2465//5015 2467//5015 
f 2532//5016 2463//5016 2465//5016 
f 2532//5017 2461//5017 2463//5017 
f 2532//5018 2458//5018 2461//5018 
f 2532//5019 2457//5019 2458//5019 
f 2532//5020 2455//5020 2457//5020 
f 2532//5021 2453//5021 2455//5021 
f 2532//5022 2451//5022 2453//5022 
f 2532//5023 2449//5023 2451//5023 
f 2354//5024 2538//5024 2530//5024 
f 2375//5025 2538//5025 2373//5025 
f 2373//5026 2538//5026 2371//5026 
f 2371//5027 2538//5027 2368//5027 
f 2368//5028 2538//5028 2367//5028 
f 2367//5029 2538//5029 2365//5029 
f 2365//5030 2538//5030 2363//5030 
f 2363//5031 2538//5031 2361//5031 
f 2361//5032 2538//5032 2359//5032 
f 2359//5033 2538//5033 2357//5033 
f 2357//5034 2538//5034 2354//5034 
f 2375//5035 2377//5035 2538//5035 
f 2377//5036 2378//5036 2538//5036 
f 2378//5037 2381//5037 2538//5037 
f 2381//5038 2383//5038 2538//5038 
f 2383//5039 2385//5039 2538//5039 
f 2385//5040 2387//5040 2538//5040 
f 2532//5041 2534//5041 2449//5041 
f 2449//5042 2534//5042 2447//5042 
f 2447//5043 2534//5043 2445//5043 
f 2445//5044 2534//5044 2443//5044 
f 2443//5045 2534//5045 2441//5045 
f 2441//5046 2534//5046 2439//5046 
f 2439//5047 2534//5047 2437//5047 
f 2437//5048 2534//5048 2435//5048 
f 2435//5049 2534//5049 2433//5049 
f 2433//5050 2534//5050 2431//5050 
f 2431//5051 2534//5051 2429//5051 
f 2429//5052 2534//5052 2426//5052 
f 2426//5053 2534//5053 2424//5053 
f 2424//5054 2534//5054 2423//5054 
f 2423//5055 2534//5055 2421//5055 
f 2421//5056 2534//5056 2418//5056 
f 2418//5057 2534//5057 2417//5057 
f 2534//5058 2536//5058 2417//5058 
f 2387//5059 2536//5059 2538//5059 
f 2417//5060 2536//5060 2414//5060 
f 2414//5061 2536//5061 2413//5061 
f 2413//5062 2536//5062 2411//5062 
f 2411//5063 2536//5063 2409//5063 
f 2409//5064 2536//5064 2407//5064 
f 2407//5065 2536//5065 2405//5065 
f 2405//5066 2536//5066 2403//5066 
f 2403//5067 2536//5067 2401//5067 
f 2401//5068 2536//5068 2399//5068 
f 2399//5069 2536//5069 2397//5069 
f 2397//5070 2536//5070 2394//5070 
f 2394//5071 2536//5071 2393//5071 
f 2393//5072 2536//5072 2391//5072 
f 2391//5073 2536//5073 2389//5073 
f 2389//5074 2536//5074 2387//5074 
